ply
format ascii 1.0
element vertex 3627
property float x
property float y
property float z
property int return_id
end_header
-3.625342 10.903806 4.010353 1
-3.156796 12.093443 4.179999 1
-3.358606 13.625175 4.529953 1
-4.704485 17.862757 5.614035 1
-1.722299 14.308448 4.491615 1
-0.505006 14.335467 4.389431 1
0.276994 13.531511 4.143096 1
-0.014163 17.844509 5.189189 1
1.408959 13.189905 3.997815 1
1.559715 18.201937 5.207378 1
2.994722 18.154379 5.168072 1
3.697488 17.790554 5.077547 1
4.394492 17.761484 5.076828 1
5.095541 17.754900 5.089602 1
8.146061 18.294319 5.368193 1
8.822747 17.962729 5.342689 1
10.362629 17.798098 5.447680 1
11.698326 18.377396 5.721362 1
12.305381 17.811855 5.673605 1
13.150778 17.681007 5.757044 1
11.595014 12.727035 4.538544 1
-5.182461 14.283123 4.749533 1
-3.201196 12.165379 4.058313 1
-2.558160 12.093084 3.959826 1
-4.708263 17.863476 5.408059 1
-1.986789 13.412268 4.168526 1
-1.716979 14.288361 4.329517 1
-0.257964 13.452803 4.020318 1
0.252283 13.629463 4.024450 1
-0.011026 17.819506 4.993535 1
0.708709 17.819727 4.958700 1
1.721483 15.041031 4.277912 1
2.994488 18.117393 4.969795 1
3.696997 17.792658 4.892383 1
4.393515 17.752138 4.888948 1
5.093774 17.740034 4.899806 1
6.151042 20.026556 5.460581 1
7.507693 18.831404 5.250381 1
8.132593 18.244005 5.157315 1
8.805516 17.907207 5.131687 1
10.359529 17.787008 5.243239 1
9.396887 13.990918 4.344733 1
12.281202 17.762716 5.449430 1
11.086470 13.038712 4.364423 1
11.395947 12.444592 4.297466 1
-5.796652 14.014439 4.615372 1
-3.242154 12.231330 3.933895 1
-5.642653 17.968706 5.331443 1
-2.393655 12.957905 3.972331 1
-2.446053 14.493830 4.285916 1
-1.580840 13.918801 4.084480 1
0.116503 12.119121 3.566946 1
0.251590 13.626243 3.880978 1
-0.007460 17.792360 4.798875 1
1.183525 14.667719 4.059790 1
1.562980 18.143923 4.813172 1
2.993956 18.101130 4.777868 1
3.695528 17.758364 4.699985 1
4.391227 17.723675 4.697923 1
5.092398 17.728689 4.712034 1
8.130927 18.235289 4.958172 1
8.800036 17.887394 4.931298 1
10.344398 17.747606 5.033171 1
11.675531 18.322155 5.281515 1
12.253055 17.706272 5.225638 1
11.868429 15.516889 4.764061 1
11.128719 13.099977 4.222956 1
11.141745 12.085113 4.043436 1
12.867895 13.380684 4.519647 1
1.861478 4.719914 1.825656 1
2.992701 18.134205 4.597607 1
3.694469 17.739126 4.512379 1
4.389179 17.698664 4.509109 1
5.093323 17.738142 4.529790 1
7.503280 18.808134 4.842947 1
8.084866 18.070232 4.725771 1
8.752630 17.740362 4.703918 1
9.526475 17.716951 4.758118 1
10.343939 17.742786 4.832934 1
11.666284 18.298994 5.065140 1
12.245471 17.687946 5.013434 1
10.009065 12.663104 3.851066 1
11.142067 13.116968 4.069283 1
-6.518594 17.876835 4.996358 1
-2.868847 12.670701 3.682698 1
-2.484539 13.139891 3.724725 1
-1.358950 11.911653 3.393271 1
-1.034864 12.450082 3.463754 1
-0.898897 13.666688 3.681172 1
-0.748149 15.172260 3.957472 1
0.228782 13.709989 3.614936 1
0.797402 13.630008 3.569637 1
0.881498 17.829891 4.395354 1
1.559837 18.151423 4.438280 1
-3.781914 13.148208 3.716761 1
-3.105645 13.116635 3.637751 1
-2.508478 13.185351 3.588778 1
-2.073532 13.596010 3.618407 1
-0.625856 11.353764 3.105406 1
-1.061495 14.156907 3.635710 1
-0.597195 14.631223 3.689859 1
-0.742391 17.786304 4.274687 1
0.671601 14.271063 3.554694 1
1.141613 14.921206 3.656698 1
1.714981 15.062885 3.664987 1
2.990192 18.200420 4.237373 1
3.693738 17.751959 4.150543 1
4.390574 17.728607 4.150695 1
5.091362 17.722591 4.160511 1
7.487417 18.737116 4.430785 1
8.131814 18.229952 4.371302 1
8.795645 17.864634 4.345421 1
9.573444 17.834862 4.393618 1
10.363039 17.780331 4.445125 1
11.672352 18.303116 4.647491 1
12.259777 17.705919 4.604916 1
10.199379 12.984195 3.629090 1
11.213363 13.219217 3.778288 1
11.168139 12.112134 3.605031 1
12.848552 13.344225 3.998172 1
1.099257 1.342950 1.427557 1
-6.524771 17.873199 4.572922 1
-2.616947 12.181449 3.295658 1
-1.903580 11.902271 3.183103 1
-1.958063 13.317859 3.415462 1
-0.748209 11.675652 3.048505 1
-0.655071 12.912347 3.248452 1
-1.489789 17.784498 4.129525 1
-0.738641 17.762543 4.083712 1
0.732366 13.951671 3.349996 1
0.951703 16.167274 3.730975 1
1.566000 18.064676 4.049227 1
2.282647 18.025314 4.028009 1
2.991680 18.049232 4.024342 1
3.692677 17.732368 3.965870 1
4.390086 17.726269 3.969004 1
5.090360 17.714603 3.977197 1
7.492084 18.754229 4.236762 1
8.124624 18.201851 4.172462 1
8.791027 17.847511 4.150259 1
9.558319 17.791265 4.190841 1
10.353346 17.753830 4.242907 1
11.667523 18.289087 4.436615 1
10.132163 14.089342 3.641672 1
10.368046 12.982572 3.496022 1
10.536983 12.180992 3.395745 1
11.094721 12.006142 3.433887 1
-3.607889 11.778239 3.203736 1
-3.368182 12.424783 3.268547 1
-3.161464 13.212653 3.361259 1
-2.719992 13.621788 3.381179 1
-1.994442 13.398571 3.286502 1
-1.470518 13.596792 3.276947 1
-1.407196 15.198587 3.523994 1
0.150954 11.971873 2.914121 1
-0.742439 17.770533 3.899494 1
0.484081 15.221780 3.426936 1
1.195343 14.550917 3.289637 1
1.592918 17.779715 3.816265 1
2.297568 17.745005 3.797083 1
2.995637 17.733719 3.787644 1
3.691720 17.716475 3.782916 1
4.387494 17.693211 3.782871 1
5.089137 17.704615 3.794395 1
8.067911 17.999464 3.944520 1
8.727865 17.652859 3.924744 1
9.513931 17.670004 3.975802 1
10.354017 17.751738 4.046511 1
11.656677 18.262745 4.224521 1
12.245107 17.670345 4.188387 1
11.354016 13.427486 3.506032 1
12.718642 14.273968 3.765304 1
13.237801 12.789286 3.638011 1
3.683141 17.415361 3.556092 1
5.085806 17.675554 3.609432 1
5.864630 18.149450 3.699139 1
7.392159 18.332487 3.776039 1
8.075243 18.022528 3.758642 1
8.736271 17.675295 3.740302 1
9.509407 17.654625 3.782067 1
10.335794 17.705208 3.843213 1
11.647264 18.239367 4.014292 1
9.781513 13.418028 3.203242 1
10.940809 13.937205 3.373427 1
11.527779 13.689710 3.396894 1
12.733461 14.290791 3.593647 1
-3.402313 11.446843 2.869901 1
-2.947546 11.690749 2.856439 1
-5.586270 17.811586 3.853099 1
-2.828685 13.840606 3.118521 1
-2.043084 13.502934 3.015089 1
-1.445234 13.518714 2.976241 1
-0.915067 13.688190 2.966697 1
-0.265563 13.434331 2.895838 1
-0.082580 14.986195 3.105836 1
0.746647 13.858637 2.911260 1
1.009042 15.763787 3.176862 1
1.619311 17.489035 3.411947 1
2.310617 17.482008 3.398967 1
2.997775 17.493439 3.393755 1
4.379917 17.592058 3.409460 1
-4.390636 12.991332 2.998527 1
-4.100445 13.671174 3.048847 1
-3.763970 14.342204 3.098357 1
-2.859964 13.901250 2.976439 1
-2.953884 15.645965 3.195152 1
-3.007722 17.673756 3.450505 1
-2.223101 17.662607 3.403481 1
-0.662443 14.831048 2.958324 1
-0.109235 15.091406 2.967402 1
0.261525 16.342913 3.118607 1
0.901553 17.629137 3.270778 1
1.606071 17.611610 3.252034 1
2.303041 17.599091 3.238871 1
2.995552 17.593233 3.231405 1
3.685923 17.558512 3.224753 1
4.371763 17.477678 3.216546 1
5.061250 17.455542 3.221030 1
5.990424 18.970476 3.441185 1
7.407249 18.390877 3.403470 1
8.081991 18.040815 3.383229 1
8.738617 17.676321 3.365416 1
9.516556 17.666901 3.403744 1
10.536653 17.685570 3.465216 1
11.648498 18.233765 3.603729 1
12.249565 17.666069 3.579658 1
10.967731 13.975530 3.058103 1
14.053017 17.541710 3.710252 1
12.409012 13.829682 3.166116 1
-4.041704 12.439713 2.761215 1
-6.478766 17.758821 3.511771 1
-5.575034 17.776331 3.443254 1
-4.622520 17.611860 3.356526 1
-3.876371 17.814777 3.329643 1
-3.057678 17.799673 3.278338 1
-2.272822 17.806629 3.236315 1
-1.490745 17.750185 3.191687 1
-0.461794 16.562620 3.005235 1
0.422604 15.508617 2.844906 1
0.883186 17.749653 3.107513 1
1.593546 17.726810 3.089067 1
2.294888 17.726130 3.078027 1
2.993436 17.685564 3.066494 1
3.689408 17.708897 3.067428 1
4.383695 17.656591 3.063335 1
5.080838 17.633797 3.067394 1
6.099693 19.684053 3.338065 1
7.421578 18.448366 3.220695 1
8.055914 17.946373 3.182550 1
8.723346 17.627014 3.172185 1
9.505742 17.634878 3.210066 1
10.552643 17.718426 3.276088 1
11.648893 18.230528 3.399361 1
10.120922 13.729021 2.810584 1
10.920355 13.892700 2.885298 1
12.548625 14.020975 3.028664 1
-6.512235 17.809460 3.313215 1
-2.809844 12.519835 2.531976 1
-3.748221 15.762510 2.918163 1
-3.856361 17.760635 3.128940 1
-3.047697 17.766043 3.083741 1
-1.210055 14.568538 2.649298 1
-1.489257 17.737476 3.005482 1
0.274396 13.470944 2.466126 1
0.168850 17.729206 2.944730 1
0.881305 17.753380 2.928517 1
1.593198 17.718815 2.909853 1
2.295736 17.694883 2.896732 1
2.992305 17.712360 2.892566 1
3.687894 17.671642 2.885872 1
4.384400 17.671581 2.887973 1
5.081107 17.637285 2.890299 1
7.400181 18.356829 3.019611 1
8.194695 18.431736 3.053545 1
8.904301 18.172285 3.052435 1
9.506509 17.633591 3.021381 1
10.511861 17.621614 3.070354 1
9.739439 14.677560 2.727992 1
12.196585 17.559929 3.163235 1
11.122286 14.227773 2.771689 1
14.063721 17.548925 3.291511 1
12.663929 14.178218 2.881705 1
12.734917 13.172204 2.800719 1
10.995748 18.722870 3.004429 1
12.222500 17.603683 2.969288 1
13.087416 17.517126 3.014872 1
11.536091 13.684874 2.590442 1
13.527690 15.380269 2.868562 1
13.274783 13.859327 2.731259 1
-3.968310 12.310619 2.315318 1
-6.529097 17.824594 2.903894 1
-5.591022 17.785982 2.842343 1
-4.666284 17.683516 2.780523 1
-3.879727 17.801788 2.748356 1
-1.845607 14.556638 2.374167 1
-2.258672 17.742004 2.668072 1
-1.307167 17.743753 2.631541 1
-0.626233 18.012188 2.633142 1
0.164305 17.736849 2.585853 1
1.064119 15.360931 2.346422 1
1.559739 18.033606 2.584403 1
2.293801 17.696327 2.543371 1
2.986222 18.016781 2.567698 1
3.687352 17.690468 2.535081 1
4.384654 17.684616 2.535949 1
5.082305 17.650229 2.537684 1
7.402086 18.360245 2.642639 1
8.634392 19.972019 2.820127 1
9.375382 19.592916 2.810306 1
10.272898 19.085594 2.799920 1
11.662299 18.245882 2.792293 1
1.473223 1.339816 1.175634 1
-6.512449 17.789085 2.695143 1
-5.583535 17.764925 2.640291 1
-4.694172 17.735386 2.590899 1
-2.395143 14.300513 2.226879 1
-1.823605 14.492512 2.215697 1
-2.092812 17.819698 2.482009 1
-1.316452 17.770369 2.451011 1
-0.034593 14.746366 2.170959 1
0.163065 17.735096 2.406359 1
0.865015 17.839890 2.399832 1
1.542633 18.194511 2.417504 1
2.293002 17.694166 2.366964 1
2.983109 18.172489 2.401271 1
3.685075 17.624159 2.353653 1
4.382995 17.665020 2.358102 1
5.080676 17.636534 2.360031 1
7.394177 18.325008 2.451521 1
11.740886 18.402617 2.604707 1
10.537284 14.484959 2.271556 1
11.555857 13.708088 2.273170 1
-6.509347 17.776878 2.489697 1
-5.588590 17.767662 2.441150 1
-4.698684 17.738041 2.396218 1
-2.413425 14.338060 2.078017 1
-1.807172 14.443241 2.060126 1
-2.092302 17.810871 2.295656 1
-1.311425 17.744457 2.266169 1
-0.619703 17.967592 2.262329 1
0.167481 17.702702 2.224924 1
0.856007 17.893963 2.224911 1
1.544123 18.167786 2.233776 1
2.293303 17.672787 2.189511 1
2.982692 18.151396 2.219073 1
3.684916 17.637655 2.179695 1
4.382404 17.661026 2.182103 1
5.078839 17.620958 2.182837 1
7.393949 18.321806 2.263870 1
11.736631 18.389879 2.399916 1
11.637997 13.829937 2.124363 1
1.280530 1.458384 1.153958 1
-6.516859 17.782911 2.286259 1
-5.581733 17.747843 2.240526 1
-4.702272 17.738766 2.201614 1
-2.447033 14.411623 1.931080 1
-1.808645 14.441558 1.909183 1
-2.096542 17.816996 2.110780 1
-1.315081 17.750427 2.084269 1
-0.459915 16.511532 1.989041 1
0.163790 17.714270 2.047262 1
0.845592 17.957914 2.049733 1
1.549853 18.098415 2.048215 1
2.291718 17.684404 2.014824 1
2.983385 18.058262 2.033131 1
3.684398 17.637608 2.004880 1
4.379693 17.625990 2.004535 1
5.076787 17.603428 2.006116 1
7.387810 18.293970 2.075004 1
11.728851 18.369946 2.195211 1
11.744989 13.989630 1.975623 1
12.612162 14.087068 2.020714 1
-6.502137 17.743967 1.876901 1
-5.586887 17.743988 1.843230 1
-4.706806 17.734674 1.812760 1
-1.851110 14.543044 1.612866 1
-2.094295 17.795563 1.739760 1
-1.317790 17.745512 1.719993 1
-0.631938 17.997393 1.715874 1
0.162693 17.703388 1.690399 1
0.844421 17.947063 1.690134 1
1.542262 18.151617 1.690121 1
2.289862 17.684772 1.664423 1
2.980825 18.129179 1.678295 1
3.683066 17.626162 1.655434 1
4.379082 17.626303 1.655122 1
5.077232 17.609535 1.656110 1
7.387803 18.289465 1.701896 1
11.741342 18.387438 1.790591 1
11.226822 14.378653 1.644955 1
11.751342 13.992245 1.650255 1
12.431993 13.828486 1.669289 1
-6.462178 17.668636 1.670861 1
-5.588041 17.739382 1.644796 1
-4.700203 17.714010 1.617942 1
-1.873627 14.597139 1.463320 1
-2.096730 17.796041 1.555236 1
-1.315320 17.729059 1.537713 1
-0.547819 17.621391 1.521048 1
0.162141 17.697983 1.512386 1
0.841354 17.959143 1.511303 1
1.542790 18.134718 1.509134 1
2.279872 17.842875 1.494297 1
2.980264 18.117989 1.498590 1
3.683178 17.649910 1.482023 1
4.377989 17.614916 1.480303 1
5.075232 17.592461 1.480642 1
7.385745 18.278656 1.515402 1
11.712716 18.324944 1.585736 1
11.336585 14.558785 1.488634 1
11.730670 13.957211 1.486294 1
-6.515493 17.753227 1.471469 1
-5.588170 17.732841 1.446527 1
-4.697755 17.702087 1.423948 1
-1.850147 14.529276 1.309667 1
-2.095036 17.783562 1.370511 1
-1.315388 17.721916 1.356112 1
-0.564919 17.688448 1.344128 1
0.162982 17.685062 1.334439 1
0.840202 17.957731 1.332048 1
1.544674 18.104235 1.328338 1
2.282387 17.782990 1.316571 1
2.979824 18.099056 1.319080 1
3.681700 17.613295 1.307031 1
4.375579 17.584227 1.305453 1
5.073664 17.579311 1.305722 1
7.381854 18.260216 1.329101 1
11.706276 18.307793 1.383515 1
11.808578 14.072392 1.327306 1
-7.446231 17.696911 1.289553 1
-6.488082 17.699457 1.267697 1
-5.570895 17.693407 1.247952 1
-4.694407 17.688293 1.230273 1
-1.867424 14.569455 1.159028 1
-1.854451 16.461578 1.172613 1
-1.314985 17.713058 1.174720 1
-0.558115 17.650946 1.164672 1
0.165242 17.664494 1.156760 1
0.837669 17.966042 1.152998 1
1.545012 18.089312 1.148415 1
2.277957 17.844027 1.141345 1
2.979507 18.072418 1.139970 1
3.681407 17.621679 1.133300 1
4.376635 17.604305 1.131789 1
5.073176 17.575932 1.131243 1
7.377518 18.239925 1.143257 1
11.706678 18.304625 1.181933 1
11.818130 14.083395 1.164007 1
-7.412538 17.630730 0.875179 1
-6.319805 17.798595 0.859953 1
-5.388793 17.757221 0.850115 1
-4.682561 17.649933 0.844007 1
-1.846503 14.502862 0.856426 1
-1.840133 16.405210 0.832663 1
-1.318817 17.712330 0.812398 1
-0.565411 17.667347 0.807292 1
0.161185 17.669708 0.802284 1
0.840801 17.925007 0.795062 1
1.556133 17.954832 0.790740 1
2.276467 17.837791 0.788569 1
2.980343 17.925661 0.784565 1
3.679754 17.597822 0.785847 1
4.375176 17.592138 0.783877 1
5.070327 17.552202 0.782763 1
7.382512 18.256279 0.772254 1
11.707244 18.297806 0.779030 1
11.824817 14.086480 0.836793 1
-7.296008 17.826832 0.663258 1
-1.835222 14.467433 0.706239 1
-1.859701 16.457863 0.661909 1
-1.310717 17.675354 0.631961 1
-0.562568 17.647198 0.628886 1
0.158070 17.678173 0.624791 1
0.892681 17.551054 0.624284 1
1.597735 17.526672 0.621792 1
2.294248 17.513411 0.619243 1
2.986374 17.495401 0.616968 1
3.678859 17.583204 0.612512 1
4.373866 17.577541 0.610258 1
5.073098 17.578333 0.608001 1
7.379553 18.241728 0.586955 1
11.694553 18.267923 0.578242 1
11.815537 14.068810 0.673509 1
-1.823340 14.430443 0.556818 1
-1.838254 16.386520 0.493823 1
-1.317555 17.692987 0.450506 1
-0.565835 17.653725 0.449977 1
0.156350 17.679094 0.447272 1
2.001413 12.280772 0.617178 1
2.477104 12.278599 0.615725 1
2.984634 17.560966 0.442211 1
3.677915 17.566742 0.439460 1
4.371636 17.549454 0.437306 1
5.066031 17.515375 0.435541 1
7.376140 18.225292 0.401942 1
11.696362 18.267635 0.377010 1
11.811685 14.059402 0.510275 1
-1.475424 12.081258 0.505676 1
-1.817117 14.408442 0.407479 1
-1.677105 16.432520 0.322403 1
-1.311529 17.663616 0.270544 1
-0.560846 17.624231 0.272339 1
2.482738 12.186541 0.501376 1
2.983751 17.571959 0.268307 1
3.677078 17.554321 0.266464 1
4.370478 17.537060 0.264147 1
5.067766 17.532116 0.260825 1
7.375013 18.218378 0.216734 1
11.687004 18.244570 0.176699 1
11.810151 14.053523 0.346979 1
-3.159627 11.966010 0.238521 1
-1.970567 11.940419 0.256129 1
-1.487505 12.100493 0.251929 1
-1.813361 14.387425 0.108328 1
-1.663177 16.375816 -0.013641 1
-1.301084 17.610802 -0.088385 1
0.582353 12.093712 0.268696 1
2.016999 12.118463 0.270930 1
2.487875 12.092454 0.272399 1
2.952225 12.129542 0.269124 1
3.419639 12.229096 0.261124 1
4.368584 17.518488 -0.082295 1
7.371374 18.198776 -0.153406 1
11.668017 18.197897 -0.222896 1
11.797883 14.027779 0.021325 1
16.194241 11.832213 0.017398 1
-1.968723 11.932122 0.129505 1
-1.807508 14.366426 -0.040385 1
-1.675849 16.408875 -0.185704 1
0.093001 12.064312 0.147004 1
0.596759 12.028770 0.153787 1
1.084057 12.010794 0.158222 1
1.564201 11.977763 0.162798 1
2.029331 12.000056 0.162305 1
2.493366 12.002844 0.162342 1
2.954238 12.033923 0.159359 1
3.417859 12.139173 0.149926 1
4.365075 17.471573 -0.252736 1
7.371625 18.197598 -0.339177 1
11.671317 18.200647 -0.424407 1
11.787106 14.007854 -0.140746 1
12.426288 11.754933 -0.014508 1
-1.941130 11.869981 0.007689 1
-1.430958 11.959191 0.010811 1
-0.405972 12.034824 0.021836 1
0.119946 11.965137 0.034589 1
0.607349 11.979725 0.038731 1
1.092703 11.961455 0.044452 1
1.566479 11.956967 0.047796 1
2.030211 11.985102 0.047210 1
2.496949 11.941202 0.051618 1
2.954590 12.001408 0.046063 1
3.417516 12.141521 0.032581 1
4.365806 17.486921 -0.427780 1
5.063689 17.499340 -0.434983 1
7.367311 18.177414 -0.523553 1
11.026636 18.724117 -0.649674 1
11.265007 17.368660 -0.548307 1
12.126580 17.354298 -0.573176 1
13.052222 17.381760 -0.605202 1
11.781857 13.996332 -0.303422 1
12.360011 11.674088 -0.154770 1
-10.717899 13.956708 -0.622011 1
-5.258507 12.073075 -0.243417 1
-1.963281 11.911859 -0.123442 1
-1.771489 14.260303 -0.330806 1
-0.413162 12.051816 -0.102273 1
0.607311 11.974844 -0.079744 1
1.092572 11.956733 -0.072760 1
1.567160 11.946573 -0.067967 1
2.031233 11.968882 -0.067654 1
2.492632 11.994843 -0.069022 1
2.954976 11.967686 -0.066638 1
3.416432 12.096085 -0.080449 1
4.366014 17.494595 -0.602722 1
5.061850 17.483715 -0.608469 1
11.756408 13.954126 -0.462695 1
12.334526 11.640933 -0.298817 1
16.491325 6.483443 -0.196592 1
-5.831387 13.889598 -0.747108 1
-4.330124 13.939114 -0.685098 1
-1.735390 14.154099 -0.617638 1
-0.391516 11.977222 -0.339333 1
0.116258 11.963598 -0.326300 1
0.608071 11.961588 -0.316709 1
1.091888 11.949410 -0.307865 1
1.566426 11.939418 -0.301153 1
2.031740 11.950287 -0.298689 1
2.487844 12.045801 -0.307861 1
2.953834 11.972447 -0.299047 1
3.416010 12.117967 -0.317531 1
11.718816 13.889962 -0.781877 1
12.346543 13.654967 -0.792256 1
-2.716391 13.470790 -0.720098 1
-1.601075 13.794681 -0.719055 1
0.118950 11.949359 -0.445345 1
0.600735 11.986934 -0.439541 1
1.086866 11.969463 -0.428772 1
1.560599 11.971307 -0.422591 1
2.029960 11.959288 -0.416661 1
2.492942 11.962236 -0.414617 1
2.952615 11.999074 -0.418831 1
3.576416 13.825576 -0.653956 1
4.117618 13.856109 -0.662388 1
7.033707 14.300671 -0.779826 1
13.000433 5.036334 -0.220994 1
-5.050235 4.636896 -0.089183 1
-4.938178 5.003934 -0.105461 1
0.802529 13.405264 -0.747913 1
2.496131 11.906510 -0.523745 1
3.045909 13.331457 -0.719908 1
3.561760 13.274389 -0.714224 1
4.595728 13.264264 -0.724428 1
5.192943 13.746078 -0.801356 1
5.737974 13.715222 -0.809533 1
6.775899 13.395341 -0.796991 1
10.677979 6.700498 -0.238379 1
-4.082331 4.585278 -0.078513 1
-3.993868 5.640386 -0.161170 1
2.512142 11.664716 -0.604328 1
3.853176 2.230474 0.779859 1
10.871902 1.438884 0.014468 1
10.929913 1.119660 0.017358 1
-4.132702 1.346798 0.025015 1
-4.030516 1.648222 0.027144 1
-3.665498 3.044968 0.000510 1
-3.438690 4.184113 -0.057395 1
-3.366606 4.496219 -0.076182 1
-3.179312 4.749463 -0.078444 1
3.503441 2.208237 0.785628 1
10.422278 5.089315 -0.247042 1
10.646348 4.431196 -0.216327 1
10.827810 2.402179 -0.102578 1
10.936811 2.091235 -0.102052 1
-3.459329 1.597314 0.030161 1
-3.406614 2.087728 0.015281 1
-3.228250 2.339288 0.026213 1
-3.225646 2.623555 0.009767 1
-3.002490 3.358209 -0.012066 1
-2.782917 4.187648 -0.055683 1
-2.689328 4.463243 -0.071003 1
-2.524482 4.699206 -0.075590 1
-0.982286 7.422414 -0.275189 1
1.080427 11.980256 -0.908266 1
1.556863 11.971429 -0.896827 1
2.028018 11.948489 -0.885893 1
7.037732 8.161890 -0.384912 1
7.416045 7.495701 -0.313137 1
8.725052 6.419574 -0.286754 1
9.227491 5.587076 -0.241733 1
9.735377 4.346740 -0.175941 1
9.847191 4.061427 -0.164979 1
9.861252 3.737689 -0.139461 1
10.009338 2.847998 -0.094557 1
10.046144 2.555228 -0.081621 1
10.172958 2.281245 -0.084394 1
10.156126 1.396047 -0.042607 1
10.161654 1.033735 -0.031909 1
-2.923604 1.549755 0.039807 1
-2.752874 2.240936 0.030738 1
-2.567240 2.920372 0.012043 1
0.963458 7.645578 -0.269570 1
3.048835 8.323275 -0.342064 1
4.272447 8.240270 -0.342385 1
6.092758 7.678148 -0.325677 1
6.393703 7.601877 -0.333053 1
6.671895 7.471888 -0.331888 1
7.562220 6.504403 -0.258356 1
7.822825 6.357822 -0.263244 1
7.945211 6.056141 -0.233352 1
8.091536 5.794212 -0.213481 1
8.271866 5.572096 -0.204683 1
8.508884 5.398808 -0.210758 1
8.658218 5.151177 -0.198664 1
8.868088 4.525197 -0.153919 1
9.023789 4.293801 -0.150440 1
9.139267 4.039851 -0.140908 1
9.354235 2.947818 -0.078124 1
9.390507 2.679429 -0.064574 1
9.409472 2.410189 -0.050057 1
9.510305 1.889873 -0.036892 1
9.524516 1.624985 -0.027001 1
9.590820 1.363854 -0.027110 1
-2.561535 1.029989 0.049503 1
-2.379967 3.395024 -0.066156 1
-2.275331 3.628549 -0.073036 1
-2.303855 3.932374 -0.107810 1
-2.111426 4.124511 -0.101504 1
-2.068348 4.404720 -0.127319 1
-1.954088 4.647063 -0.140979 1
-1.736681 4.815702 -0.134007 1
-1.607735 5.050051 -0.148419 1
-1.267670 5.365168 -0.151399 1
-1.179759 5.653637 -0.183133 1
-0.505018 6.095017 -0.182167 1
1.644436 7.349772 -0.261273 1
1.916409 7.389911 -0.259819 1
2.453696 7.499412 -0.268288 1
2.726635 7.529065 -0.270499 1
3.002576 7.496684 -0.262696 1
3.274856 7.447036 -0.253467 1
3.614732 7.474569 -0.261760 1
3.877676 7.371737 -0.246439 1
4.157820 7.435189 -0.265114 1
4.419343 7.351158 -0.257087 1
4.697413 7.352340 -0.267615 1
4.996049 7.408365 -0.291165 1
6.688230 6.363662 -0.224545 1
7.353922 5.810023 -0.204024 1
7.738608 5.445308 -0.194602 1
8.286331 4.541443 -0.145601 1
8.462345 4.270981 -0.138358 1
8.507479 4.000109 -0.114632 1
8.615799 3.491845 -0.078653 1
8.825999 3.309893 -0.094058 1
8.851411 3.050040 -0.075444 1
8.843365 2.785378 -0.052864 1
8.878834 2.540033 -0.040441 1
8.926266 2.299954 -0.032014 1
8.940799 2.054512 -0.019536 1
8.990856 1.816499 -0.015019 1
9.048431 1.577810 -0.013390 1
9.118788 1.336938 -0.015480 1
9.093740 1.028966 -0.001294 1
-2.092397 2.762086 -0.029661 1
-2.128917 3.026667 -0.058206 1
-2.014094 3.239094 -0.059653 1
-1.952739 3.474607 -0.073478 1
-1.799163 3.666142 -0.070328 1
-1.767891 3.923887 -0.094630 1
-1.655648 4.140354 -0.104000 1
-1.592601 4.318504 -0.117159 1
-1.388978 4.473081 -0.108976 1
-1.279454 4.696395 -0.124513 1
-0.932254 5.040646 -0.129899 1
-0.380306 5.516556 -0.141518 1
0.834765 6.325128 -0.177729 1
1.504419 6.640379 -0.199038 1
1.766706 6.863887 -0.231506 1
-1.889796 2.287125 -0.017518 1
-1.822072 2.440697 -0.017195 1
-1.781099 2.659145 -0.027962 1
-1.730410 2.876586 -0.038689 1
-1.606452 3.065834 -0.036062 1
-1.604696 3.308897 -0.060984 1
-1.504236 3.510023 -0.066962 1
-1.443246 3.669219 -0.075852 1
-1.386043 3.899456 -0.095201 1
-1.232093 4.071319 -0.094084 1
-1.135959 4.283038 -0.108675 1
-0.954348 4.430812 -0.103761 1
-0.810730 4.606831 -0.110048 1
-0.501499 4.940475 -0.122187 1
-0.153759 5.234007 -0.130111 1
0.060991 5.326039 -0.122675 1
0.219728 5.492793 -0.136223 1
0.444065 5.561238 -0.127080 1
0.838528 5.773873 -0.133219 1
1.043077 5.865007 -0.135383 1
4.332005 6.879697 -0.294833 1
4.831611 6.807107 -0.302295 1
5.287815 6.586124 -0.284539 1
5.812143 6.383356 -0.283960 1
6.182329 6.026928 -0.249143 1
6.436073 5.969944 -0.264169 1
6.992940 5.480748 -0.240796 1
7.203279 5.257580 -0.230200 1
7.345714 5.055874 -0.216697 1
7.423595 4.800409 -0.187779 1
7.619974 4.655736 -0.194393 1
7.748181 4.453016 -0.184357 1
7.764001 4.174159 -0.148446 1
7.919559 3.998836 -0.150058 1
8.073174 3.751552 -0.144482 1
8.187290 3.548358 -0.139972 1
8.204499 3.299911 -0.115797 1
8.300351 3.091645 -0.111216 1
8.371394 2.873598 -0.103104 1
8.356641 2.629304 -0.079077 1
8.458330 2.423885 -0.081120 1
8.462095 2.192731 -0.065040 1
8.495355 1.970930 -0.056803 1
8.553595 1.753166 -0.055212 1
8.557375 1.527930 -0.044752 1
8.600173 1.250022 -0.041472 1
8.651894 1.025482 -0.044042 1
-1.593115 1.999850 0.001159 1
-1.640534 2.170201 -0.019702 1
-1.529446 2.357417 -0.013445 1
-1.475844 2.558362 -0.020670 1
-1.456494 2.773088 -0.037105 1
-1.300229 2.935472 -0.025518 1
-1.283308 3.155966 -0.046409 1
-1.259858 3.320700 -0.061267 1
-1.114028 3.481940 -0.056132 1
-1.059953 3.695426 -0.074602 1
-0.938692 3.870043 -0.078740 1
-0.828230 4.052529 -0.087434 1
-0.692272 4.216591 -0.091284 1
-0.519198 4.347696 -0.086355 1
-0.354558 4.481958 -0.084878 1
-0.205055 4.628970 -0.089315 1
-0.068299 4.790897 -0.099707 1
0.085615 4.852816 -0.091711 1
0.223895 5.104201 -0.121536 1
1.216125 6.031456 -0.215647 1
1.438330 6.085188 -0.212357 1
1.647820 6.173154 -0.219034 1
3.042877 6.398846 -0.228336 1
3.269575 6.445932 -0.239049 1
3.498296 6.449289 -0.241828 1
3.721847 6.381175 -0.230378 1
3.959551 6.451513 -0.252125 1
4.193308 6.449975 -0.259624 1
4.696739 6.314758 -0.253408 1
4.925619 6.271991 -0.257819 1
5.340875 6.063133 -0.243086 1
5.552336 5.972939 -0.241875 1
5.947659 5.626086 -0.209313 1
6.172301 5.559927 -0.220360 1
6.258024 5.287614 -0.178076 1
6.690847 5.120267 -0.200895 1
6.874874 4.905064 -0.187855 1
7.027428 4.741640 -0.181743 1
7.105214 4.511390 -0.155615 1
7.236734 4.336321 -0.148166 1
7.356572 4.153528 -0.139519 1
7.463649 3.963468 -0.129554 1
7.567171 3.773265 -0.120766 1
7.629600 3.499677 -0.096122 1
7.830361 3.364699 -0.115236 1
7.824783 3.124333 -0.086842 1
7.918820 2.934258 -0.083908 1
7.972768 2.728433 -0.073663 1
7.963427 2.504488 -0.051501 1
8.071173 2.318571 -0.056758 1
8.093292 2.108754 -0.045277 1
8.123346 1.902473 -0.037318 1
8.167745 1.698795 -0.034065 1
8.186573 1.491374 -0.027250 1
8.279579 1.235066 -0.035140 1
8.244720 1.023965 -0.021320 1
-1.504993 1.023472 0.013147 1
-1.396873 1.958863 -0.010741 1
-1.350717 2.100818 -0.011866 1
-1.270480 2.283700 -0.010683 1
-1.236548 2.479174 -0.021338 1
-1.177724 2.667964 -0.028279 1
-1.066314 2.782742 -0.019097 1
-1.014600 2.973748 -0.030609 1
-0.974693 3.173872 -0.047059 1
-0.885255 3.351474 -0.053514 1
-0.802745 3.534339 -0.063613 1
-0.693198 3.701551 -0.068634 1
-0.571736 3.860325 -0.072175 1
-0.439589 4.010196 -0.074363 1
-0.351374 4.131393 -0.080255 1
-0.170863 4.235679 -0.070605 1
-0.063778 4.407876 -0.085063 1
0.809979 5.363374 -0.166049 1
1.000189 5.451112 -0.166763 1
1.176936 5.566919 -0.176501 1
1.374430 5.638841 -0.176837 1
1.551257 5.766827 -0.192906 1
1.765871 5.790507 -0.184992 1
1.964692 5.860445 -0.190303 1
2.153350 5.983207 -0.210049 1
2.570302 6.089036 -0.221271 1
3.007744 5.945486 -0.181036 1
3.267412 6.011415 -0.196401 1
3.474712 5.947004 -0.183116 1
3.688304 6.005168 -0.200616 1
3.902060 6.014943 -0.208585 1
4.595471 5.944987 -0.223531 1
4.999947 5.800541 -0.218020 1
5.161188 5.630187 -0.193087 1
5.383527 5.609863 -0.208094 1
5.523818 5.417605 -0.180242 1
5.771444 5.324946 -0.186558 1
5.955715 5.223214 -0.186442 1
6.253806 4.921442 -0.163557 1
6.404353 4.778548 -0.156584 1
6.540860 4.621921 -0.146914 1
6.673284 4.392411 -0.125723 1
6.842798 4.273116 -0.131588 1
6.947062 4.094749 -0.119046 1
7.052458 3.920845 -0.109172 1
7.182913 3.766626 -0.108317 1
7.273553 3.585265 -0.098304 1
7.281848 3.302127 -0.061570 1
7.448986 3.168791 -0.075853 1
7.508379 2.977984 -0.064498 1
7.628323 2.814256 -0.069616 1
7.650641 2.611042 -0.053131 1
7.680477 2.414441 -0.040506 1
7.740410 2.228580 -0.036624 1
7.792589 2.040191 -0.032652 1
7.820021 1.846564 -0.024892 1
7.845156 1.653284 -0.018375 1
7.873905 1.460499 -0.014336 1
7.833779 1.215107 0.004539 1
7.901626 1.022651 -0.003481 1
-1.241751 1.022218 0.017660 1
-1.248399 1.210342 0.010030 1
-1.296559 1.355361 -0.006216 1
-1.062134 1.703954 0.025072 1
-1.122410 1.902280 -0.000940 1
-1.061442 2.031739 0.002125 1
-0.923947 2.185762 0.017919 1
-1.019424 2.407324 -0.021935 1
-0.921055 2.571221 -0.018467 1
-0.839371 2.688825 -0.014845 1
-0.802247 2.875184 -0.029011 1
-0.730883 3.048287 -0.036639 1
-0.666802 3.226981 -0.048085 1
-0.560696 3.382833 -0.050326 1
-0.452975 3.536826 -0.053729 1
-0.375876 3.654819 -0.058441 1
-0.252535 3.796844 -0.060283 1
0.119809 4.499498 -0.127776 1
0.273130 4.622383 -0.130357 1
0.424391 4.747649 -0.135488 1
0.568027 4.885239 -0.145896 1
0.742598 4.978939 -0.145260 1
0.914536 5.074893 -0.147211 1
1.087342 5.168790 -0.150430 1
1.268785 5.245015 -0.150690 1
1.419900 5.392163 -0.171499 1
1.658143 5.465638 -0.170705 1
1.858318 5.490647 -0.163549 1
2.051778 5.529432 -0.161880 1
2.232584 5.621053 -0.175339 1
2.428850 5.649728 -0.174730 1
2.619648 5.715807 -0.185242 1
2.822793 5.683435 -0.173153 1
3.021497 5.654986 -0.163913 1
3.216540 5.703507 -0.175484 1
3.462354 5.684848 -0.172916 1
3.653386 5.613597 -0.158921 1
3.849981 5.619465 -0.165822 1
4.046913 5.611847 -0.171225 1
4.248028 5.612947 -0.180732 1
7.345582 2.499979 -0.029520 1
7.403735 2.326501 -0.024739 1
7.471168 2.155232 -0.023813 1
7.498187 1.973205 -0.014977 1
7.539941 1.794995 -0.011304 1
7.574438 1.615028 -0.007602 1
7.527782 1.426666 0.012774 1
7.612097 1.204624 0.003705 1
7.616753 1.021489 0.008715 1
-1.008850 1.199178 0.014956 1
-0.989270 1.691155 -0.005871 1
-0.828501 1.975989 0.008999 1
-0.803663 2.150963 -0.000542 1
-0.770229 2.325225 -0.009846 1
-0.701607 2.441567 -0.007185 1
-0.655137 2.612441 -0.016331 1
-0.579808 2.772156 -0.019872 1
-0.513041 2.936076 -0.027387 1
-0.438988 3.097376 -0.034795 1
-0.347251 3.197392 -0.031422 1
-0.266473 3.355277 -0.040013 1
-0.102641 3.913586 -0.104213 1
0.026950 4.046762 -0.106899 1
0.145899 4.190477 -0.115071 1
0.332281 4.261771 -0.100531 1
0.450118 4.406607 -0.112659 1
0.595571 4.520170 -0.116212 1
0.758642 4.608799 -0.113899 1
0.906237 4.718781 -0.119959 1
1.055749 4.827861 -0.127366 1
1.212834 4.926113 -0.133257 1
1.398402 4.966540 -0.124603 1
1.723168 5.144393 -0.139897 1
1.897974 5.205036 -0.142373 1
2.078058 5.247970 -0.141912 1
2.251695 5.316401 -0.149973 1
2.479843 5.358435 -0.151068 1
2.659888 5.411282 -0.158943 1
4.676858 5.492894 -0.230196 1
4.868371 5.440702 -0.232393 1
5.034440 5.323677 -0.218573 1
5.374701 5.128108 -0.206605 1
5.536526 5.018747 -0.199855 1
5.746103 4.896380 -0.198180 1
5.850929 4.708394 -0.170939 1
6.038571 4.640440 -0.182751 1
6.148396 4.472174 -0.164118 1
6.283911 4.339193 -0.158419 1
6.417393 4.204990 -0.153982 1
6.564794 4.019768 -0.144438 1
6.685032 3.875088 -0.139889 1
6.777048 3.708982 -0.128311 1
6.889529 3.559950 -0.125209 1
6.962277 3.385020 -0.112140 1
7.061813 3.228751 -0.108976 1
7.150938 3.014352 -0.097652 1
7.204231 2.836206 -0.085964 1
7.297281 2.676643 -0.086792 1
-0.853827 1.019998 0.010607 1
-0.843794 1.191181 0.007233 1
-0.761850 1.314028 0.021364 1
-0.806759 1.488376 0.001880 1
-0.764410 1.654530 0.001639 1
-0.734497 1.778596 -0.000062 1
-0.673708 1.938600 0.001430 1
-0.634034 2.102529 -0.003966 1
-0.543298 2.250486 0.002055 1
-0.541482 2.382821 -0.011620 1
-0.450228 2.527769 -0.008126 1
-0.389001 2.683717 -0.014204 1
-0.326193 2.839766 -0.021646 1
-0.286953 2.962039 -0.030716 1
-0.151805 3.489299 -0.086915 1
-0.017903 3.608118 -0.082485 1
0.081784 3.753041 -0.090787 1
0.225142 3.859248 -0.085887 1
0.308265 4.023189 -0.104237 1
0.464577 4.113311 -0.097535 1
0.633770 4.182959 -0.086328 1
0.725237 4.347626 -0.108821 1
0.897037 4.407831 -0.098703 1
1.057260 4.478758 -0.094308 1
1.174010 4.620884 -0.113597 1
1.345825 4.669246 -0.106018 1
1.484470 4.781213 -0.119147 1
1.668387 4.794308 -0.105221 1
1.811014 4.904896 -0.121150 1
1.980908 4.945906 -0.118976 1
2.847927 5.399524 -0.201044 1
3.036115 5.342254 -0.183261 1
3.218144 5.378869 -0.192633 1
3.401682 5.373963 -0.192687 1
3.584821 5.362055 -0.192712 1
3.812785 5.337042 -0.192616 1
4.001835 5.353393 -0.204585 1
4.172841 5.268022 -0.190583 1
4.368412 5.291491 -0.208505 1
4.544401 5.230896 -0.205063 1
4.774515 5.184555 -0.211772 1
4.923450 5.056156 -0.192966 1
5.102638 5.004825 -0.198272 1
5.226052 4.840753 -0.171745 1
5.381614 4.747766 -0.167964 1
5.532863 4.648498 -0.163993 1
5.681095 4.467304 -0.142933 1
5.813623 4.348262 -0.135942 1
5.962554 4.250452 -0.137871 1
6.073623 4.108775 -0.126254 1
6.181587 3.967529 -0.115993 1
6.325260 3.802583 -0.109485 1
6.471515 3.697061 -0.117000 1
6.565275 3.546924 -0.108244 1
6.657173 3.397195 -0.100972 1
6.732939 3.238276 -0.090695 1
6.792119 3.071892 -0.077567 1
6.903731 2.887289 -0.075074 1
6.977786 2.731452 -0.070594 1
7.035028 2.568584 -0.063210 1
7.074637 2.400186 -0.052908 1
7.128883 2.238135 -0.048400 1
7.192795 2.078411 -0.048107 1
7.167027 1.897028 -0.026401 1
7.245037 1.739736 -0.033105 1
7.238104 1.566809 -0.019987 1
7.297598 1.402658 -0.025193 1
7.255657 1.187561 -0.005316 1
7.345185 1.019240 -0.021515 1
-0.626368 1.019104 0.021452 1
-0.662021 1.182603 0.007097 1
-0.603233 1.301407 0.016503 1
-0.620503 1.465879 0.003657 1
-0.573703 1.623392 0.005254 1
-0.550432 1.742540 0.002370 1
-0.442911 2.048235 0.001983 1
-0.410332 2.164088 -0.001878 1
-0.354899 2.314697 -0.005273 1
-0.282514 2.458345 -0.005621 1
-0.208949 2.600311 -0.007176 1
-0.162833 2.710773 -0.012014 1
-0.164263 3.084122 -0.068306 1
-0.097733 3.240651 -0.080032 1
0.044973 3.345223 -0.069138 1
0.132668 3.487582 -0.077662 1
0.269948 3.589431 -0.070865 1
0.385505 3.707399 -0.072982 1
0.482019 3.844434 -0.084098 1
0.592354 3.908425 -0.078964 1
0.716840 4.016448 -0.082268 1
0.849080 4.114832 -0.083956 1
0.998296 4.188901 -0.079298 1
1.115698 4.308073 -0.091437 1
1.270596 4.369771 -0.086538 1
1.410822 4.454404 -0.090825 1
2.145162 5.001399 -0.169103 1
2.303402 5.088996 -0.183824 1
2.487797 5.060030 -0.167076 1
2.651896 5.134943 -0.181727 1
2.841455 5.001492 -0.139490 1
3.048740 5.076638 -0.157437 1
3.219505 5.129722 -0.171818 1
3.391984 5.108173 -0.167098 1
3.561335 5.063186 -0.157592 1
3.739389 5.112341 -0.176449 1
3.949257 5.052413 -0.168338 1
4.124568 5.046787 -0.175976 1
4.290752 4.995942 -0.172504 1
4.461046 4.960384 -0.175311 1
4.630248 4.917681 -0.177952 1
4.815025 4.794906 -0.163025 1
4.966591 4.712472 -0.157645 1
5.111749 4.619676 -0.150715 1
5.235636 4.492486 -0.134370 1
5.361274 4.375786 -0.122632 1
5.537875 4.263950 -0.121382 1
5.672410 4.164562 -0.119045 1
5.784578 4.038204 -0.108801 1
5.906037 3.925048 -0.104783 1
6.030400 3.814999 -0.103692 1
6.174726 3.665786 -0.100369 1
6.245603 3.508916 -0.083782 1
6.345270 3.378755 -0.079681 1
6.448839 3.251282 -0.078600 1
6.509182 3.095215 -0.065224 1
6.582185 2.949667 -0.058031 1
6.692698 2.778778 -0.057432 1
6.741778 2.622463 -0.047112 1
6.810305 2.475955 -0.044335 1
6.872993 2.326662 -0.041541 1
6.918799 2.171395 -0.035715 1
6.963647 2.016140 -0.031364 1
7.013052 1.861657 -0.029919 1
6.983613 1.691900 -0.009243 1
7.070371 1.542900 -0.020992 1
7.083751 1.381576 -0.015103 1
7.103498 1.180230 -0.010927 1
7.124513 1.018374 -0.010808 1
-0.490153 1.018176 0.013543 1
-0.457972 1.173239 0.016568 1
-0.495814 1.292540 0.001579 1
-0.412111 1.440974 0.015211 1
-0.355533 1.588072 0.020253 1
-0.405878 1.714052 -0.001868 1
-0.315233 1.852735 0.009515 1
-0.241378 1.991175 0.015004 1
-0.275567 2.120921 -0.006868 1
-0.163587 2.245001 0.006616 1
-0.131003 2.395609 -0.004020 1
-0.085916 2.543012 -0.012937 1
-0.084796 2.848688 -0.057562 1
-0.004867 2.986597 -0.061774 1
0.076248 3.124068 -0.067412 1
0.177309 3.248002 -0.068164 1
0.278490 3.370924 -0.070463 1
0.363313 3.455353 -0.070043 1
0.485658 3.558159 -0.067253 1
0.579558 3.686987 -0.076980 1
0.717858 3.770694 -0.070687 1
0.850910 3.856494 -0.067508 1
0.986657 3.936086 -0.064181 1
1.098875 4.045913 -0.073425 1
1.231663 4.127906 -0.074573 1
1.568859 4.502284 -0.129208 1
1.719264 4.564297 -0.130041 1
1.886498 4.697399 -0.150732 1
2.054531 4.714189 -0.141628 1
2.203430 4.788957 -0.151993 1
2.370462 4.797684 -0.144332 1
2.537354 4.793930 -0.134929 1
2.690242 4.866921 -0.150000 1
2.856565 4.849861 -0.140388 1
3.021391 4.810036 -0.125992 1
3.220809 4.892913 -0.149245 1
3.382742 4.854670 -0.139358 1
3.545417 4.860832 -0.144230 1
3.704190 4.821465 -0.137550 1
3.867543 4.820448 -0.143946 1
4.076464 4.826375 -0.156771 1
4.222010 4.734339 -0.140111 1
4.387998 4.723313 -0.149641 1
4.530321 4.636147 -0.137716 1
4.674044 4.560221 -0.130823 1
4.864396 4.492747 -0.133294 1
4.974502 4.354537 -0.109915 1
5.137875 4.321303 -0.122492 1
5.271460 4.232665 -0.118590 1
5.391755 4.125405 -0.109862 1
5.500675 3.941510 -0.082840 1
5.654438 3.882830 -0.095099 1
5.769525 3.775299 -0.091162 1
5.851853 3.635179 -0.075760 1
5.923393 3.489867 -0.058916 1
6.077029 3.368371 -0.065372 1
6.175403 3.248779 -0.062992 1
6.273640 3.128517 -0.062171 1
6.343277 2.988967 -0.053328 1
6.412052 2.850514 -0.046185 1
6.507456 2.683507 -0.042802 1
6.552782 2.535080 -0.032431 1
6.643883 2.407167 -0.037704 1
6.645282 2.243914 -0.017972 1
6.720282 2.108384 -0.021671 1
6.789876 1.968745 -0.025240 1
6.804332 1.814234 -0.014858 1
6.834371 1.664192 -0.010606 1
6.880719 1.516126 -0.012472 1
6.908077 1.325449 -0.008752 1
6.917783 1.171644 -0.004386 1
6.938520 1.017566 -0.004647 1
-0.292063 1.017457 0.025137 1
-0.294138 1.165591 0.019476 1
-0.315278 1.278526 0.008760 1
-0.294296 1.426466 0.006339 1
-0.210572 1.564309 0.019644 1
-0.200562 1.674201 0.013977 1
-0.134026 1.809510 0.019950 1
-0.039286 1.897141 0.036378 1
-0.103321 2.066183 0.002014 1
-0.015199 2.190778 0.010079 1
0.025369 2.331001 0.002497 1
-0.032651 2.643989 -0.056079 1
0.073122 2.761007 -0.049038 1
0.163788 2.883604 -0.048212 1
0.231003 3.020344 -0.056950 1
0.309690 3.104186 -0.054928 1
0.404732 3.221760 -0.057005 1
0.496310 3.341956 -0.062076 1
0.613667 3.439409 -0.058907 1
0.714439 3.551033 -0.063792 1
0.839214 3.637590 -0.060265 1
0.962892 3.722793 -0.058348 1
1.085985 3.806777 -0.057957 1
1.366780 4.204044 -0.117606 1
1.518539 4.250192 -0.110208 1
1.653805 4.324613 -0.114316 1
1.805531 4.362710 -0.108283 1
1.947618 4.420188 -0.110473 1
2.082982 4.498640 -0.121048 1
2.264478 4.566660 -0.127070 1
2.406937 4.638530 -0.139211 1
2.567090 4.633614 -0.129388 1
2.719662 4.660989 -0.131351 1
2.877307 4.643003 -0.121295 1
3.031441 4.636276 -0.116496 1
3.183417 4.679014 -0.128470 1
3.375566 4.658231 -0.123434 1
3.527380 4.631326 -0.118260 1
6.646716 1.629740 0.002236 1
6.669395 1.486539 0.006271 1
6.751511 1.311541 -0.006111 1
6.732657 1.163189 0.005929 1
6.747461 1.016878 0.006860 1
-0.156682 1.016700 0.023338 1
-0.164444 1.159384 0.016201 1
-0.174508 1.267437 0.008496 1
-0.154122 1.409497 0.006305 1
-0.121604 1.513309 0.008519 1
-0.018181 1.638788 0.027612 1
-0.019140 1.781773 0.014758 1
0.014705 1.881737 0.014164 1
0.052171 2.016758 0.009647 1
0.090302 2.151970 0.003610 1
0.087158 2.422067 -0.033747 1
0.123543 2.565692 -0.046088 1
0.191241 2.695205 -0.050098 1
0.274155 2.815872 -0.050639 1
0.332324 2.908401 -0.053516 1
0.437684 3.012359 -0.048751 1
0.541946 3.114468 -0.045613 1
0.633162 3.225423 -0.048894 1
0.749583 3.313522 -0.043625 1
0.817229 3.447225 -0.060265 1
0.960203 3.505005 -0.046187 1
1.208273 3.889341 -0.099200 1
1.352640 3.938867 -0.089788 1
1.457571 4.049037 -0.104406 1
1.605324 4.086723 -0.094817 1
1.733640 4.157682 -0.098879 1
1.869394 4.213218 -0.099395 1
2.001150 4.278637 -0.104988 1
2.146498 4.307265 -0.100128 1
2.282573 4.362360 -0.105770 1
2.429274 4.379294 -0.100790 1
2.577811 4.379236 -0.092235 1
2.752984 4.428298 -0.099729 1
2.896856 4.448172 -0.101507 1
3.679153 4.614717 -0.159448 1
3.831166 4.598270 -0.161035 1
3.975870 4.543162 -0.152070 1
4.121203 4.499040 -0.148365 1
4.316871 4.491906 -0.162035 1
4.457185 4.429278 -0.156415 1
4.586105 4.341197 -0.143902 1
4.742176 4.319701 -0.155798 1
4.887109 4.184660 -0.135834 1
5.023878 4.121095 -0.137298 1
5.134271 4.013789 -0.124610 1
5.251983 3.921786 -0.119004 1
5.355616 3.812437 -0.108264 1
5.496258 3.693400 -0.103825 1
5.595978 3.584398 -0.096451 1
5.722159 3.503446 -0.102773 1
5.813197 3.386567 -0.095335 1
5.901102 3.220907 -0.078621 1
6.006842 3.118943 -0.081603 1
6.108946 3.012180 -0.084529 1
6.164571 2.873737 -0.072054 1
6.243261 2.751253 -0.069883 1
6.343686 2.598256 -0.070165 1
6.375552 2.452179 -0.056085 1
6.452838 2.327461 -0.058869 1
6.483087 2.183754 -0.048182 1
6.496564 2.036632 -0.034229 1
6.557847 1.904937 -0.036964 1
6.608322 1.768714 -0.037937 1
-0.038429 1.015973 0.019365 1
-0.023865 1.152825 0.018829 1
-0.022979 1.255670 0.014369 1
0.002206 1.390788 0.014039 1
0.056226 1.486499 0.023241 1
0.047994 1.625308 0.010002 1
0.101092 1.752866 0.013652 1
0.128509 1.850519 0.011559 1
0.191298 1.972509 0.015581 1
0.248482 2.094429 0.016378 1
0.125238 2.250365 -0.038184 1
0.205024 2.368828 -0.033720 1
0.259149 2.497657 -0.039404 1
0.348425 2.608135 -0.034666 1
0.395042 2.701342 -0.039237 1
0.463706 2.822329 -0.044619 1
0.556103 2.927406 -0.042885 1
0.643457 3.034871 -0.044558 1
0.748276 3.127313 -0.040757 1
0.853892 3.170883 -0.027330 1
0.907181 3.307757 -0.047818 1
1.070159 3.593565 -0.086079 1
1.163251 3.647274 -0.082872 1
1.279456 3.727252 -0.083755 1
1.398743 3.802106 -0.084492 1
1.523564 3.867287 -0.083422 1
1.645163 3.936845 -0.085827 1
1.796749 3.946442 -0.068448 1
1.941905 4.043817 -0.080041 1
2.056506 4.132435 -0.094676 1
2.199189 4.148387 -0.085909 1
2.333177 4.185379 -0.086210 1
3.045568 4.390506 -0.119536 1
3.187247 4.432672 -0.132254 1
3.330876 4.418781 -0.128478 1
3.472916 4.394148 -0.122975 1
3.652322 4.392984 -0.128306 1
3.789633 4.344891 -0.119050 1
3.937303 4.357141 -0.131572 1
4.081697 4.341908 -0.136884 1
4.264218 4.320992 -0.145634 1
4.382468 4.218785 -0.125373 1
4.531858 4.206345 -0.137884 1
4.645414 4.106023 -0.121298 1
4.765703 4.027316 -0.113837 1
4.921333 3.941813 -0.111530 1
5.042204 3.867314 -0.109383 1
5.144367 3.765620 -0.098346 1
5.251616 3.674233 -0.092769 1
5.356467 3.526848 -0.074084 1
5.494576 3.473122 -0.088135 1
5.576702 3.357024 -0.077002 1
5.673995 3.257664 -0.074859 1
5.758870 3.147381 -0.069175 1
5.860589 3.007140 -0.062969 1
5.958097 2.906579 -0.066257 1
6.018925 2.780576 -0.057139 1
6.103429 2.669797 -0.058643 1
6.174874 2.511595 -0.050529 1
6.213489 2.377344 -0.039742 1
6.303186 2.265728 -0.048116 1
6.346831 2.134020 -0.042542 1
6.395846 2.004314 -0.040475 1
6.412503 1.865350 -0.029753 1
6.439491 1.730396 -0.024175 1
6.455286 1.593739 -0.016862 1
6.476604 1.458574 -0.013012 1
6.540524 1.292277 -0.021890 1
6.532313 1.153227 -0.012826 1
6.580529 1.015202 -0.022469 1
0.085212 1.015330 0.019487 1
0.116384 1.146361 0.024328 1
0.089009 1.246771 0.011345 1
0.147034 1.373466 0.021571 1
0.161566 1.470264 0.019264 1
0.202001 1.595400 0.021340 1
0.231863 1.721596 0.018492 1
0.258215 1.815163 0.016535 1
0.297962 1.938410 0.013980 1
0.255482 2.198152 -0.032433 1
0.307265 2.322570 -0.036388 1
0.384317 2.434860 -0.033196 1
0.430125 2.524248 -0.036060 1
0.515108 2.629651 -0.032584 1
0.594665 2.736627 -0.032543 1
0.687858 2.833116 -0.028680 1
0.748998 2.952245 -0.039159 1
0.841818 3.004653 -0.028830 1
0.936340 3.095802 -0.028174 1
1.043679 3.362214 -0.070254 1
1.148367 3.447819 -0.071211 1
1.263263 3.520127 -0.068406 1
1.367490 3.605036 -0.072762 1
1.503048 3.644025 -0.060499 1
1.595220 3.747755 -0.075729 1
1.722368 3.795089 -0.070714 1
1.857987 3.821666 -0.059982 1
1.981811 3.867290 -0.058355 1
2.084551 3.964420 -0.077029 1
2.476006 4.183968 -0.113225 1
2.605457 4.236810 -0.122614 1
2.742213 4.257390 -0.122678 1
2.885131 4.222842 -0.105840 1
3.052286 4.273796 -0.119274 1
3.189546 4.287871 -0.122972 1
3.327246 4.279744 -0.120959 1
3.464953 4.277449 -0.122707 1
3.599027 4.236760 -0.113207 1
3.770742 4.229558 -0.118665 1
3.901191 4.182973 -0.111031 1
4.035563 4.158545 -0.112780 1
4.167605 4.123594 -0.112661 1
4.326706 4.061587 -0.108506 1
4.463282 4.036129 -0.115907 1
4.581286 3.964221 -0.108215 1
4.680654 3.858671 -0.089402 1
4.841336 3.801848 -0.096463 1
4.944568 3.712115 -0.086947 1
5.034005 3.605583 -0.071973 1
5.151453 3.541179 -0.075678 1
5.245501 3.445902 -0.068163 1
5.382265 3.350052 -0.071256 1
5.459309 3.238763 -0.059912 1
5.555943 3.148291 -0.059787 1
5.640563 3.046627 -0.055940 1
5.737091 2.912671 -0.049755 1
5.826142 2.814174 -0.051557 1
5.859703 2.678920 -0.033253 1
5.940020 2.574870 -0.035072 1
6.016329 2.467097 -0.036820 1
6.072336 2.312127 -0.026994 1
6.143838 2.200154 -0.030525 1
6.179562 2.073287 -0.023234 1
6.226163 1.950640 -0.021402 1
6.240725 1.818843 -0.010606 1
6.287709 1.695935 -0.012248 1
6.313129 1.567604 -0.008488 1
6.355615 1.441378 -0.011841 1
6.390789 1.279159 -0.012571 1
6.398944 1.147045 -0.008733 1
6.441237 1.014614 -0.017239 1
0.269894 1.014964 0.041444 1
0.217093 1.141500 0.020290 1
0.228563 1.236007 0.019428 1
0.258213 1.360003 0.021423 1
0.239095 1.458097 0.008517 1
0.311734 1.573871 0.021590 1
0.344287 1.662710 0.023318 1
0.365961 1.785691 0.017023 1
0.409650 1.902822 0.016421 1
0.330904 2.028672 -0.023436 1
0.390384 2.144199 -0.022074 1
0.455022 2.256291 -0.020420 1
0.489172 2.382153 -0.031465 1
0.562728 2.452597 -0.023237 1
0.625263 2.563869 -0.026769 1
0.729842 2.648304 -0.015449 1
0.787408 2.761688 -0.024141 1
0.848037 2.834826 -0.024740 1
0.952840 2.912158 -0.016514 1
1.037359 3.178452 -0.061591 1
1.130929 3.268468 -0.064246 1
1.238803 3.342196 -0.061295 1
1.369740 3.384953 -0.046934 1
1.448636 3.492385 -0.062551 1
1.570101 3.542064 -0.055406 1
1.683768 3.600454 -0.053907 1
1.783308 3.683031 -0.063743 1
1.919021 3.697403 -0.048725 1
2.221840 3.974185 -0.102498 1
2.377107 4.030225 -0.106874 1
2.499315 4.086668 -0.116465 1
2.637632 4.073578 -0.103012 1
2.765796 4.103938 -0.106853 1
2.899766 4.090656 -0.097112 1
3.029375 4.105753 -0.099137 1
3.161175 4.060334 -0.081766 1
3.322104 4.080466 -0.089399 1
3.452931 4.100640 -0.098913 1
3.580212 4.066276 -0.091061 1
3.714219 4.087080 -0.104406 1
3.866347 4.014939 -0.088796 1
3.995053 3.997521 -0.092582 1
6.033975 2.020393 -0.007739 1
6.094290 1.908794 -0.011617 1
6.134135 1.789690 -0.009914 1
6.152786 1.665275 -0.002669 1
6.188016 1.544560 -0.002711 1
6.201984 1.419893 0.002678 1
6.252708 1.267065 -0.003842 1
6.266127 1.140961 -0.001989 1
6.280252 1.014184 -0.002037 1
0.309181 1.014171 0.019928 1
1.871677 1.063025 0.528889 1
0.350988 1.135430 0.029233 1
1.917887 1.103470 0.542175 1
0.306696 1.229604 0.010254 1
0.346957 1.349115 0.016171 1
0.410079 1.432539 0.030610 1
0.393927 1.557552 0.014874 1
0.420454 1.645025 0.014959 1
0.478838 1.754930 0.021631 1
0.499855 1.873949 0.013780 1
0.451931 1.986010 -0.016008 1
0.509313 2.096592 -0.014402 1
0.561626 2.208261 -0.016217 1
0.609868 2.287533 -0.015276 1
0.640961 2.409958 -0.028204 1
0.716035 2.509546 -0.025933 1
0.780942 2.614314 -0.029266 1
0.864503 2.668961 -0.018311 1
0.936134 2.767298 -0.021427 1
1.034188 3.005930 -0.054220 1
1.128184 3.088794 -0.053127 1
1.232968 3.159118 -0.047977 1
1.325269 3.241251 -0.050539 1
1.424339 3.315155 -0.051077 1
1.532780 3.375715 -0.047579 1
1.636929 3.440524 -0.047879 1
1.746266 3.496232 -0.046172 1
1.846714 3.566580 -0.052250 1
2.016886 3.785871 -0.099613 1
2.162859 3.763560 -0.074034 1
2.264926 3.848671 -0.091705 1
2.378435 3.909560 -0.101632 1
2.503503 3.933974 -0.099609 1
2.665397 3.932637 -0.087947 1
2.786764 3.967445 -0.093830 1
2.916206 3.942612 -0.079769 1
3.039201 3.962631 -0.083779 1
3.163460 3.972116 -0.085708 1
3.287841 3.954420 -0.079556 1
4.125119 3.979829 -0.134499 1
4.244346 3.925811 -0.128381 1
4.401251 3.881506 -0.132144 1
4.512957 3.812559 -0.124127 1
4.606202 3.710314 -0.104266 1
4.728503 3.668349 -0.110291 1
4.844705 3.552731 -0.094082 1
4.959152 3.496071 -0.098118 1
5.058693 3.417185 -0.094332 1
5.147716 3.325983 -0.086547 1
5.259651 3.215054 -0.080312 1
5.331303 3.109170 -0.068516 1
5.430708 3.031577 -0.072555 1
5.510541 2.935236 -0.068719 1
5.610333 2.814969 -0.066419 1
5.681713 2.712357 -0.062803 1
5.720758 2.589334 -0.047528 1
5.806983 2.496637 -0.053660 1
5.879976 2.394397 -0.055811 1
5.957727 2.258183 -0.055393 1
6.006429 2.142670 -0.051805 1
6.059927 1.400039 0.016595 1
6.120726 1.255540 0.005791 1
6.105919 1.133911 0.016805 1
6.147598 1.013738 0.007165 1
0.354362 1.013420 0.001082 1
0.362798 1.134059 -0.000434 1
0.462269 1.217876 0.029096 1
0.457678 1.335827 0.020318 1
0.481801 1.421324 0.022108 1
0.503278 1.536217 0.019374 1
0.545163 1.616744 0.025326 1
0.556804 1.948979 -0.011794 1
0.597115 2.061246 -0.015688 1
0.640777 2.139908 -0.014643 1
0.699677 2.243546 -0.014329 1
0.767805 2.341537 -0.011899 1
0.811237 2.452690 -0.021061 1
0.866759 2.522833 -0.019667 1
0.950522 2.608584 -0.014856 1
1.045490 2.833864 -0.042654 1
1.128397 2.920500 -0.043428 1
1.218680 2.999542 -0.042107 1
1.290393 3.053921 -0.039958 1
1.374549 3.137904 -0.044456 1
1.465760 3.214216 -0.046894 1
1.570006 3.273336 -0.043187 1
1.676037 3.327675 -0.039371 1
1.952350 3.560338 -0.068019 1
2.083606 3.634686 -0.074473 1
2.186775 3.701800 -0.084473 1
2.306056 3.728899 -0.080287 1
2.416096 3.782861 -0.088375 1
2.534441 3.811193 -0.088241 1
2.660397 3.802727 -0.075904 1
2.780689 3.810763 -0.071723 1
2.927053 3.844363 -0.077827 1
3.441272 3.930030 -0.108070 1
3.562645 3.907314 -0.103802 1
3.688339 3.917960 -0.113884 1
3.808199 3.886035 -0.109703 1
3.960149 3.858322 -0.111616 1
4.084376 3.842524 -0.117708 1
4.194324 3.780042 -0.107379 1
4.310873 3.739780 -0.107483 1
4.442559 3.657139 -0.097009 1
4.544343 3.587604 -0.088932 1
4.648121 3.524422 -0.085070 1
4.731538 3.429040 -0.068850 1
4.874913 3.373896 -0.078873 1
4.956131 3.281164 -0.066991 1
5.053562 3.211360 -0.067232 1
5.170776 3.117663 -0.067055 1
5.238450 3.015631 -0.055043 1
5.321809 2.930811 -0.053318 1
5.376489 2.821415 -0.039502 1
5.501154 2.731534 -0.051413 1
5.569077 2.633540 -0.047854 1
5.623680 2.527171 -0.040318 1
5.692926 2.430289 -0.040826 1
5.733871 2.317632 -0.031346 1
5.822769 2.195982 -0.037144 1
5.858757 2.082048 -0.029741 1
5.915855 1.976518 -0.032183 1
5.958549 1.864958 -0.030756 1
5.985931 1.748725 -0.025358 1
6.019252 1.634119 -0.023862 1
6.009776 1.511352 -0.008731 1
0.521238 1.013218 0.025647 1
0.534916 1.126674 0.026290 1
0.518169 1.213119 0.016154 1
0.551710 1.324461 0.020897 1
0.580745 1.406254 0.024817 1
0.623166 1.512987 0.030056 1
0.574305 1.727912 -0.009926 1
0.627729 1.802622 -0.001356 1
0.656293 1.913864 -0.007272 1
0.710343 2.016015 -0.005129 1
0.742254 2.095540 -0.007917 1
0.779351 2.204469 -0.015371 1
0.850551 2.296627 -0.010686 1
0.882193 2.376957 -0.017219 1
0.987619 2.445785 -0.000305 1
1.045042 2.683169 -0.038893 1
1.117546 2.773621 -0.041624 1
1.182606 2.832211 -0.039561 1
1.265135 2.913049 -0.040144 1
1.366246 2.974190 -0.032330 1
1.450597 3.050994 -0.034757 1
1.544975 3.115736 -0.033001 1
1.631867 3.189273 -0.037278 1
1.777211 3.386444 -0.072713 1
1.872989 3.455471 -0.078984 1
1.994320 3.476897 -0.066505 1
2.105863 3.512461 -0.062204 1
2.207783 3.568543 -0.068262 1
2.345249 3.614805 -0.068409 1
2.455188 3.651514 -0.070375 1
2.573348 3.657290 -0.061814 1
3.048434 3.825553 -0.101169 1
3.167119 3.829248 -0.101030 1
3.285459 3.806263 -0.092393 1
3.402997 3.800702 -0.092228 1
3.549421 3.787514 -0.092090 1
3.667599 3.782517 -0.096137 1
3.784967 3.767727 -0.098174 1
3.894280 3.716617 -0.087641 1
4.042299 3.700789 -0.095994 1
4.146322 3.640187 -0.085378 1
4.263041 3.617362 -0.091866 1
4.357334 3.539396 -0.077220 1
4.490179 3.480126 -0.077137 1
4.578789 3.400249 -0.064859 1
4.668669 3.326684 -0.056680 1
4.794176 3.256837 -0.058727 1
4.887139 3.189474 -0.057062 1
4.994730 3.139496 -0.065760 1
5.057329 3.035845 -0.049519 1
5.157708 2.934249 -0.045199 1
5.241712 2.856543 -0.045614 1
5.280849 2.740049 -0.025338 1
5.392427 2.684389 -0.042459 1
5.448006 2.548961 -0.026068 1
5.522334 2.462376 -0.028754 1
5.584193 2.367066 -0.027425 1
5.637201 2.266618 -0.023970 1
5.718470 2.147782 -0.028131 1
5.762700 2.042375 -0.024747 1
5.797476 1.933514 -0.019357 1
5.822673 1.822067 -0.012041 1
5.864304 1.715770 -0.012751 1
5.885581 1.603927 -0.007423 1
5.896663 1.490610 -0.000059 1
5.950749 1.354922 -0.007994 1
5.990176 1.243332 -0.014662 1
5.969671 1.126990 -0.001339 1
5.994279 1.012576 -0.005975 1
0.648909 1.012934 0.039715 1
0.678810 1.120444 0.046576 1
0.639938 1.203869 0.028332 1
0.683853 1.308925 0.037480 1
0.641626 1.593837 -0.003362 1
0.686596 1.697473 0.000375 1
0.712574 1.776525 -0.000819 1
0.724393 1.889580 -0.012857 1
0.787488 1.955353 -0.001599 1
0.838449 2.053498 -0.000972 1
0.883503 2.153745 -0.004370 1
0.924956 2.225138 -0.004814 1
1.049075 2.538683 -0.035207 1
1.123701 2.622933 -0.034009 1
1.188527 2.678379 -0.029743 1
1.260666 2.762854 -0.032323 1
1.340148 2.840551 -0.032779 1
1.449383 2.886980 -0.018303 1
1.519104 2.972671 -0.026972 1
1.752076 3.214023 -0.052786 1
1.866164 3.242299 -0.040019 1
1.947763 3.321949 -0.052690 1
2.050956 3.364786 -0.050395 1
2.144110 3.427830 -0.058670 1
2.254781 3.452157 -0.051973 1
2.361756 3.482028 -0.049541 1
2.688010 3.668650 -0.089942 1
2.799984 3.691827 -0.091873 1
2.915582 3.688879 -0.085119 1
3.028307 3.703670 -0.087244 1
3.170763 3.692965 -0.080766 1
3.284003 3.713406 -0.089087 1
3.397038 3.697205 -0.084605 1
3.508278 3.671272 -0.077971 1
3.649449 3.663976 -0.082162 1
3.755551 3.618037 -0.071303 1
3.870098 3.615986 -0.079956 1
3.979547 3.588522 -0.080055 1
4.107453 3.526886 -0.071232 1
5.545846 2.218420 -0.016548 1
5.634487 2.108861 -0.025180 1
5.656886 1.998820 -0.013523 1
5.695117 1.896278 -0.010261 1
5.729290 1.792384 -0.007062 1
5.748571 1.684441 0.000291 1
5.800719 1.584500 -0.006811 1
5.811049 1.474754 0.000608 1
5.858854 1.342879 -0.005732 1
5.864854 1.232525 -0.000486 1
5.866083 1.122270 0.004820 1
5.906953 1.012110 -0.006251 1
0.711092 1.385912 0.010807 1
0.720407 1.465886 0.007020 1
0.754823 1.568250 0.008996 1
0.788023 1.669957 0.008906 1
0.828610 1.741237 0.014037 1
0.838955 1.849419 0.001897 1
0.885157 1.917514 0.007281 1
0.919312 2.018067 0.001782 1
0.986147 2.315655 -0.035306 1
1.070139 2.392035 -0.025665 1
1.130091 2.481921 -0.028487 1
1.199063 2.531776 -0.020039 1
1.269244 2.612565 -0.020464 1
1.330295 2.700943 -0.027281 1
1.414972 2.768302 -0.023283 1
1.623154 3.017636 -0.047774 1
1.702671 3.092292 -0.054234 1
1.810010 3.128077 -0.043250 1
1.889097 3.153956 -0.036108 1
1.998181 3.231648 -0.042965 1
2.091335 3.226865 -0.024788 1
2.193534 3.318888 -0.042324 1
2.460930 3.533426 -0.089780 1
2.579953 3.518433 -0.071857 1
2.710165 3.562098 -0.078415 1
2.817643 3.584461 -0.080344 1
2.929367 3.575648 -0.071172 1
3.036017 3.606094 -0.079927 1
3.146975 3.572786 -0.064283 1
3.281700 3.561545 -0.059640 1
3.390197 3.578125 -0.068345 1
3.495368 3.541805 -0.057058 1
4.211546 3.485097 -0.101357 1
4.311428 3.434426 -0.097057 1
4.431522 3.363213 -0.090469 1
4.518092 3.290865 -0.079861 1
4.620628 3.247677 -0.084571 1
4.706917 3.178005 -0.078396 1
4.802390 3.076383 -0.065459 1
4.912107 3.038218 -0.079189 1
4.974385 2.942380 -0.064425 1
5.058499 2.833771 -0.053527 1
5.134315 2.756562 -0.051966 1
5.211236 2.679918 -0.052608 1
5.289964 2.603701 -0.055632 1
5.359565 2.486260 -0.047287 1
5.412915 2.391785 -0.041697 1
5.457711 2.292965 -0.034044 1
5.694836 1.560526 0.003997 1
5.698873 1.454299 0.013557 1
5.729252 1.326315 0.013153 1
5.751067 1.222701 0.011992 1
5.762866 1.117623 0.013064 1
5.781585 1.011891 0.009841 1
0.720499 1.011623 0.005379 1
0.757089 1.272826 0.006506 1
0.787874 1.374147 0.010375 1
0.828967 1.446105 0.019388 1
0.857105 1.545111 0.019500 1
0.877212 1.619262 0.018119 1
0.907861 1.716915 0.016403 1
0.924052 1.792316 0.011196 1
0.989849 2.072237 -0.014264 1
1.026195 2.171018 -0.021763 1
1.076374 2.263216 -0.024858 1
1.148761 2.341733 -0.019164 1
1.196055 2.404040 -0.019118 1
1.269193 2.479239 -0.015363 1
1.341214 2.553843 -0.013496 1
1.512683 2.819472 -0.043111 1
1.585138 2.856975 -0.035986 1
1.674657 2.912386 -0.031546 1
1.749543 2.984999 -0.038110 1
1.846336 3.028115 -0.031208 1
1.932407 3.084974 -0.033189 1
2.026055 3.129108 -0.030723 1
2.303224 3.331235 -0.061489 1
2.401437 3.369387 -0.063281 1
2.496161 3.419527 -0.072042 1
2.600597 3.439791 -0.069391 1
2.701851 3.471612 -0.073517 1
2.812104 3.457397 -0.059672 1
2.944426 3.452259 -0.050397 1
3.048919 3.444608 -0.043481 1
3.603892 3.544408 -0.094757 1
3.732586 3.500875 -0.085575 1
3.839706 3.489270 -0.090181 1
3.942389 3.457957 -0.088035 1
4.068882 3.413976 -0.085664 1
4.162304 3.359217 -0.076892 1
4.259128 3.315684 -0.074809 1
4.356611 3.273639 -0.075164 1
4.468058 3.201186 -0.068634 1
4.549794 3.132585 -0.059967 1
4.640493 3.079522 -0.060561 1
4.727627 2.977238 -0.045121 1
4.819376 2.925550 -0.050320 1
4.895137 2.853824 -0.046534 1
4.967682 2.779168 -0.042670 1
5.074979 2.701462 -0.049710 1
5.116500 2.599465 -0.032578 1
5.209030 2.540486 -0.044771 1
5.262157 2.418213 -0.029729 1
5.326408 2.336503 -0.030777 1
5.392529 2.254860 -0.034176 1
5.436211 2.160046 -0.028625 1
5.501985 2.047231 -0.029218 1
5.552317 1.955055 -0.030429 1
5.563213 1.847836 -0.016246 1
5.605862 1.752705 -0.017541 1
5.639396 1.654119 -0.016598 1
0.863676 1.011597 0.031844 1
0.860467 1.111333 0.026798 1
0.864946 1.186054 0.024653 1
0.882979 1.259492 0.027023 1
0.896926 1.357853 0.024685 1
0.926615 1.428289 0.029704 1
0.943120 1.525574 0.025552 1
0.991868 1.875486 -0.006928 1
1.024156 1.971614 -0.012481 1
1.079060 2.029969 -0.003937 1
1.118259 2.122619 -0.009283 1
1.185013 2.200340 -0.003363 1
1.222864 2.264873 -0.005693 1
1.415328 2.624716 -0.041468 1
1.494734 2.655715 -0.027444 1
1.561980 2.731121 -0.031880 1
1.646641 2.788186 -0.027343 1
1.736583 2.837046 -0.020399 1
1.808247 2.907133 -0.027017 1
2.128111 3.154668 -0.051150 1
2.216875 3.204749 -0.055256 1
2.316146 3.231563 -0.050126 1
2.410119 3.269350 -0.051944 1
2.529634 3.311348 -0.054223 1
2.630854 3.325212 -0.049127 1
3.151472 3.448632 -0.073272 1
3.254321 3.480617 -0.086880 1
3.356041 3.428603 -0.065766 1
3.484639 3.434513 -0.072633 1
3.589455 3.443014 -0.081809 1
3.682793 3.379047 -0.060860 1
3.815797 3.389840 -0.077191 1
3.912842 3.354447 -0.072673 1
3.999505 3.289866 -0.056484 1
4.125117 3.264060 -0.063671 1
4.215813 3.217288 -0.059267 1
4.311584 3.181972 -0.062024 1
4.410401 3.097994 -0.048445 1
4.499198 3.050237 -0.048914 1
4.980181 2.613929 -0.025221 1
5.022374 2.519592 -0.010116 1
5.107153 2.461174 -0.020430 1
5.191810 2.368911 -0.023469 1
5.235816 2.278704 -0.015576 1
5.290088 2.195471 -0.014628 1
5.350587 2.114959 -0.018199 1
5.414048 2.006660 -0.018988 1
5.437587 1.908066 -0.009066 1
5.507771 1.827399 -0.021714 1
5.518591 1.725048 -0.009693 1
5.545813 1.628769 -0.006660 1
5.569052 1.531505 -0.003621 1
5.593401 1.434311 -0.002725 1
5.633622 1.313155 -0.007948 1
5.638649 1.212266 -0.002762 1
5.655481 1.112090 -0.004113 1
5.668525 1.010877 -0.005586 1
0.876437 1.010881 0.008082 1
0.932604 1.107947 0.027419 1
0.953145 1.179314 0.032030 1
0.987843 1.589898 0.006435 1
1.022257 1.681446 0.007135 1
1.042422 1.751572 0.004110 1
1.073789 1.843749 0.000553 1
1.109875 1.907890 0.002481 1
1.163022 1.990197 0.006093 1
1.224321 2.067066 0.012178 1
1.276569 2.348125 -0.037776 1
1.355766 2.413800 -0.029036 1
1.417786 2.459260 -0.021696 1
1.488539 2.527492 -0.019442 1
1.569521 2.585172 -0.012527 1
1.637458 2.653733 -0.014629 1
1.916418 2.925896 -0.037334 1
2.000995 2.975458 -0.036910 1
2.079202 3.035450 -0.043576 1
2.172728 3.068617 -0.038356 1
2.260065 3.112184 -0.040167 1
2.357413 3.132514 -0.032499 1
2.729344 3.345210 -0.078276 1
2.831437 3.345986 -0.070760 1
2.931230 3.353070 -0.067933 1
3.030801 3.356892 -0.065420 1
3.155880 3.330928 -0.051016 1
3.253770 3.362783 -0.064960 1
3.351530 3.332450 -0.052852 1
3.449127 3.324950 -0.052653 1
3.569846 3.305320 -0.050204 1
4.565588 2.967979 -0.062662 1
4.643456 2.906114 -0.058809 1
4.751480 2.842263 -0.064056 1
4.813098 2.761569 -0.053141 1
4.881885 2.690453 -0.049242 1
5.442285 1.600868 0.009785 1
5.474866 1.510237 0.008179 1
5.487775 1.415158 0.013491 1
5.521612 1.298889 0.010207 1
5.536916 1.203547 0.010779 1
5.547994 1.107441 0.011486 1
5.555439 1.010765 0.012057 1
1.207126 1.012169 0.118612 1
0.975429 1.248768 0.008444 1
1.010029 1.340280 0.015362 1
1.038892 1.407224 0.020812 1
1.038685 1.503236 0.009787 1
1.078093 1.566534 0.017815 1
1.893416 1.423672 0.370676 1
1.120320 1.725089 0.011016 1
1.180513 1.802723 0.021444 1
1.243114 2.137806 -0.025630 1
1.305306 2.212667 -0.021510 1
1.352926 2.295961 -0.026508 1
1.419907 2.336448 -0.014499 1
1.477197 2.411785 -0.016949 1
1.725292 2.699673 -0.033600 1
1.797676 2.761884 -0.035699 1
1.872665 2.820951 -0.037686 1
1.952084 2.832985 -0.022408 1
2.023966 2.894645 -0.029138 1
2.106788 2.940002 -0.028706 1
2.448744 3.163415 -0.060567 1
2.544525 3.181188 -0.055281 1
2.633259 3.220336 -0.062005 1
2.752280 3.240771 -0.059318 1
2.850863 3.235624 -0.049171 1
2.944573 3.252546 -0.051085 1
3.664251 3.278915 -0.074238 1
3.763169 3.275434 -0.081700 1
3.877631 3.230808 -0.074527 1
3.967644 3.193303 -0.069781 1
4.057872 3.158089 -0.067822 1
4.166441 3.104726 -0.063140 1
4.250405 3.057129 -0.058770 1
4.334897 3.011487 -0.057052 1
4.437880 2.950022 -0.054998 1
4.506012 2.879715 -0.043679 1
4.583420 2.824733 -0.042254 1
4.693950 2.772220 -0.052544 1
4.756320 2.698039 -0.043888 1
4.818750 2.625559 -0.037567 1
4.902287 2.541271 -0.035873 1
4.958023 2.464140 -0.029792 1
5.027722 2.398552 -0.033589 1
5.086498 2.323736 -0.032653 1
5.141755 2.218086 -0.024079 1
5.188927 2.136179 -0.020904 1
5.256419 2.064794 -0.029626 1
5.307528 1.957020 -0.025946 1
5.339192 1.867000 -0.020514 1
5.387249 1.783204 -0.024553 1
5.396453 1.685991 -0.012156 1
1.072337 1.169807 0.027515 1
1.116156 1.234158 0.042090 1
1.102231 1.326526 0.028261 1
1.140951 1.388801 0.038629 1
1.124615 1.460647 0.023447 1
1.188785 1.538127 0.040581 1
1.209419 1.865154 -0.006569 1
1.255713 1.945648 -0.004943 1
1.275746 2.012895 -0.012128 1
1.337489 2.084546 -0.005461 1
1.397191 2.155608 -0.001122 1
1.569490 2.456576 -0.028216 1
1.647253 2.511120 -0.020795 1
1.687980 2.567936 -0.027215 1
1.769191 2.616364 -0.019647 1
1.844801 2.668863 -0.016875 1
2.206012 2.953440 -0.041493 1
2.288497 2.995703 -0.043265 1
2.378941 3.020132 -0.037634 1
2.480020 3.078397 -0.047138 1
2.575422 3.085031 -0.036739 1
3.041202 3.239914 -0.069426 1
3.136417 3.223525 -0.059183 1
3.253151 3.250675 -0.071343 1
3.346000 3.215531 -0.056184 1
3.438714 3.208398 -0.055972 1
3.531771 3.203139 -0.058389 1
3.646832 3.185058 -0.058383 1
3.738245 3.166873 -0.058547 1
3.824764 3.130045 -0.051349 1
3.935953 3.097766 -0.051425 1
5.157587 2.013019 -0.007062 1
5.206152 1.935521 -0.008910 1
5.245800 1.828755 -0.002950 1
5.307321 1.754205 -0.014498 1
5.310309 1.658819 0.000494 1
5.340125 1.572677 0.000919 1
5.387108 1.489698 -0.008173 1
5.388792 1.396499 0.001974 1
5.416335 1.284766 0.000637 1
5.436423 1.194246 -0.001386 1
5.452422 1.102533 -0.003222 1
5.432947 1.010039 0.009006 1
1.188086 1.096682 0.056009 1
1.170538 1.162544 0.044505 1
1.192922 1.605464 0.005649 1
1.232712 1.686545 0.009288 1
1.268006 1.744654 0.013696 1
1.294434 1.829301 0.008089 1
1.324846 1.888511 0.008035 1
1.437715 2.209986 -0.028250 1
1.510692 2.269608 -0.018600 1
1.577535 2.331468 -0.013552 1
1.623959 2.379933 -0.012832 1
1.694599 2.436077 -0.007628 1
1.921902 2.717402 -0.041354 1
2.013212 2.745776 -0.028251 1
2.084296 2.800509 -0.032652 1
2.165799 2.838937 -0.029528 1
2.245957 2.878389 -0.028848 1
2.668346 3.092227 -0.056188 1
2.763282 3.085634 -0.042866 1
2.850634 3.106413 -0.044964 1
2.959079 3.142050 -0.054682 1
3.050236 3.139918 -0.049419 1
3.141488 3.118133 -0.036380 1
3.230181 3.145106 -0.048721 1
4.014699 3.043831 -0.067114 1
4.096440 3.002035 -0.062479 1
4.206111 2.966515 -0.068020 1
4.276730 2.904355 -0.056132 1
4.357500 2.862353 -0.056895 1
4.450004 2.796152 -0.052530 1
4.520816 2.739346 -0.048604 1
4.613370 2.673815 -0.049410 1
4.682425 2.614981 -0.048103 1
4.741459 2.545683 -0.041594 1
4.801590 2.478378 -0.037874 1
4.873590 2.391910 -0.033786 1
4.936047 2.326603 -0.035405 1
4.983256 2.249601 -0.029605 1
5.061762 2.166421 -0.035900 1
5.088468 2.077411 -0.022753 1
5.314710 1.184142 0.026915 1
5.351569 1.098271 0.015113 1
5.337435 1.009974 0.025017 1
1.181288 1.226315 0.018595 1
1.219670 1.308567 0.028896 1
1.220935 1.373525 0.022665 1
1.230139 1.437512 0.019198 1
1.287696 1.512009 0.034892 1
1.271418 1.582523 0.016909 1
1.366709 1.965714 -0.019424 1
1.426125 2.033768 -0.012293 1
1.458479 2.090889 -0.014549 1
1.509455 2.162164 -0.014637 1
1.580131 2.218996 -0.004705 1
1.759285 2.495634 -0.034120 1
1.844364 2.533670 -0.020974 1
1.906153 2.595176 -0.025572 1
1.986826 2.633522 -0.017309 1
2.044761 2.663972 -0.013626 1
2.334101 2.899894 -0.047439 1
2.418364 2.927424 -0.044006 1
2.497541 2.966277 -0.048427 1
2.583406 2.987442 -0.045233 1
2.671176 2.999895 -0.039366 1
2.777428 3.023991 -0.038972 1
3.318507 3.100452 -0.055033 1
3.427007 3.077190 -0.047079 1
3.517298 3.093246 -0.060024 1
3.603942 3.074843 -0.057449 1
3.711156 3.048640 -0.055013 1
3.796949 3.028315 -0.055332 1
3.880262 2.999418 -0.052945 1
3.979354 2.950660 -0.045644 1
4.055148 2.905662 -0.038351 1
4.159753 2.872343 -0.044055 1
4.229026 2.816920 -0.034575 1
4.317013 2.794925 -0.045808 1
4.388318 2.704915 -0.025843 1
4.461649 2.659258 -0.027123 1
4.679248 2.481850 -0.025393 1
4.725204 2.406438 -0.013935 1
4.813695 2.341005 -0.022779 1
4.853181 2.262187 -0.011687 1
4.910631 2.197794 -0.013547 1
4.977504 2.112832 -0.015007 1
5.011247 2.032673 -0.006798 1
5.074110 1.968569 -0.016392 1
5.106447 1.887898 -0.010862 1
5.143785 1.786435 -0.004877 1
5.193395 1.712561 -0.012100 1
5.205042 1.625155 -0.001675 1
5.238541 1.544749 -0.003935 1
5.258400 1.460396 -0.001102 1
5.285098 1.377133 -0.003244 1
5.306437 1.270210 -0.002430 1
1.304565 1.010121 0.062233 1
1.269303 1.092474 0.042289 1
1.272875 1.154376 0.040433 1
1.273487 1.216621 0.036229 1
1.282006 1.278215 0.034866 1
1.333924 1.719174 -0.005919 1
1.378636 1.793097 -0.001443 1
1.417201 1.845498 0.003648 1
1.429562 1.933476 -0.012034 1
1.622649 2.267185 -0.030458 1
1.704880 2.310736 -0.014631 1
1.768437 2.367308 -0.011694 1
1.815712 2.409438 -0.010637 1
1.889989 2.453183 -0.002354 1
2.120651 2.704126 -0.036740 1
2.195366 2.745795 -0.036036 1
2.274116 2.779655 -0.032624 1
2.353841 2.810021 -0.029130 1
2.444951 2.813263 -0.012463 1
2.867841 3.013159 -0.051953 1
2.951447 3.034709 -0.056604 1
3.039839 3.017572 -0.043104 1
3.125622 3.007126 -0.034847 1
3.230826 3.024405 -0.042466 1
3.315111 3.006522 -0.034281 1
4.526760 2.601964 -0.049662 1
4.602008 2.524821 -0.042829 1
5.201010 1.340812 0.014085 1
5.207391 1.257748 0.019327 1
5.220986 1.175570 0.019369 1
5.252024 1.093418 0.009353 1
5.248397 1.009219 0.014452 1
1.365437 1.009927 0.066804 1
1.324994 1.416679 0.014060 1
1.355703 1.472705 0.020811 1
1.379351 1.550619 0.019700 1
1.404909 1.606505 0.021850 1
1.499543 1.967684 -0.017293 1
1.540532 2.040422 -0.020080 1
1.589226 2.108378 -0.020017 1
1.653723 2.139527 -0.003756 1
1.694176 2.211655 -0.011288 1
1.947899 2.512462 -0.032918 1
2.034798 2.537353 -0.016221 1
2.103069 2.582731 -0.015390 1
2.172885 2.625296 -0.014606 1
2.540291 2.853373 -0.040386 1
2.622978 2.868129 -0.034304 1
2.698405 2.904149 -0.041653 1
2.783121 2.907216 -0.032853 1
2.864989 2.917149 -0.029589 1
3.340027 2.243860 0.337845 1
3.585949 2.971762 -0.057546 1
3.665155 2.941157 -0.049655 1
3.767979 2.922450 -0.052683 1
3.851666 2.909722 -0.058390 1
3.919406 2.850541 -0.040103 1
4.014235 2.809737 -0.037829 1
4.092885 2.782963 -0.041341 1
4.174356 2.716330 -0.028700 1
4.255318 2.691986 -0.037748 1
4.319004 2.638491 -0.030822 1
4.400025 2.575358 -0.026611 1
4.471377 2.533247 -0.030694 1
4.543082 2.459106 -0.023796 1
4.599480 2.399643 -0.019813 1
4.646010 2.331342 -0.010696 1
4.738424 2.276634 -0.025425 1
4.779571 2.204329 -0.016687 1
4.830350 2.140026 -0.016103 1
4.894189 2.059258 -0.017788 1
4.921351 1.980126 -0.006730 1
4.986524 1.922098 -0.019578 1
5.016963 1.845124 -0.013933 1
5.061958 1.752314 -0.013217 1
5.090247 1.674847 -0.010323 1
5.115648 1.596461 -0.007603 1
5.147805 1.519755 -0.010084 1
5.151408 1.435925 0.000533 1
1.350518 1.088354 0.031730 1
1.385093 1.145684 0.045577 1
1.359475 1.206905 0.028275 1
1.388201 1.263168 0.037425 1
1.419943 1.396628 0.037497 1
1.429188 1.683132 -0.007024 1
1.454641 1.738479 -0.006970 1
1.480816 1.815483 -0.012701 1
1.524549 1.861994 -0.004466 1
1.574525 1.926460 0.000666 1
1.764305 2.233352 -0.017299 1
1.816769 2.294586 -0.019535 1
1.879460 2.346157 -0.016119 1
1.947295 2.391244 -0.010079 1
2.249262 2.655766 -0.033898 1
2.331577 2.674130 -0.022071 1
2.399832 2.716181 -0.026564 1
2.474175 2.746182 -0.025582 1
2.968403 2.915991 -0.046439 1
3.050177 2.914026 -0.040683 1
3.131913 2.898306 -0.029289 1
3.211330 2.915095 -0.037120 1
3.311492 2.908034 -0.034231 1
3.391757 2.907856 -0.036791 1
5.109001 1.324643 0.010167 1
5.109646 1.244842 0.018120 1
5.112290 1.165971 0.023307 1
5.153103 1.088697 0.007370 1
5.138965 1.008736 0.017788 1
1.472222 1.009519 0.072292 1
1.478681 1.083430 0.072584 1
1.543631 1.188516 0.098645 1
1.451809 1.528819 0.008083 1
1.491273 1.577837 0.018504 1
1.488335 1.640204 0.004751 1
2.305080 1.433955 0.439906 1
1.620812 1.968123 -0.015960 1
1.666337 2.032880 -0.015743 1
1.722578 2.089836 -0.010187 1
1.761129 2.134355 -0.009258 1
2.012747 2.436534 -0.031816 1
2.086499 2.471179 -0.022660 1
2.136077 2.503058 -0.021327 1
2.208249 2.536068 -0.014937 1
2.556816 2.753805 -0.038748 1
2.630329 2.782683 -0.040784 1
2.706525 2.803652 -0.039974 1
2.803680 2.821358 -0.036612 1
2.883922 2.820655 -0.027584 1
3.469047 2.878835 -0.050819 1
3.568118 2.869636 -0.053749 1
3.640905 2.830042 -0.039918 1
3.720202 2.822774 -0.046008 1
3.817004 2.801249 -0.049096 1
3.882121 2.748766 -0.032938 1
3.977788 2.724252 -0.039128 1
4.046183 2.685169 -0.034395 1
4.112898 2.643970 -0.029937 1
4.196935 2.594622 -0.027984 1
4.253877 2.539598 -0.018129 1
4.345111 2.500555 -0.027863 1
4.393864 2.436818 -0.015374 1
4.466747 2.402717 -0.025471 1
4.527718 2.325671 -0.015513 1
4.590132 2.278076 -0.020125 1
4.663799 2.212904 -0.024427 1
4.702455 2.143874 -0.015472 1
4.746464 2.079825 -0.012178 1
4.850189 1.938349 -0.013872 1
4.895000 1.873706 -0.016287 1
4.914239 1.796336 -0.005090 1
4.961493 1.710838 -0.007293 1
4.993041 1.639342 -0.007233 1
5.021889 1.566536 -0.007277 1
5.047781 1.492455 -0.007314 1
5.070718 1.417228 -0.007377 1
1.455390 1.139815 0.033438 1
1.543328 1.701736 -0.006766 1
1.583342 1.747280 0.001752 1
1.614597 1.816783 -0.001176 1
1.648726 1.863453 0.002012 1
1.829062 2.179027 -0.022421 1
1.879141 2.237650 -0.024639 1
1.936872 2.262663 -0.012203 1
2.001095 2.305721 -0.005833 1
2.286314 2.556744 -0.027510 1
2.346965 2.604950 -0.034965 1
2.426181 2.619290 -0.022574 1
2.496380 2.648514 -0.021574 1
2.962394 2.821052 -0.045970 1
3.040884 2.814538 -0.037108 1
3.136320 2.821052 -0.036838 1
3.212962 2.812263 -0.030651 1
3.289058 2.816085 -0.033308 1
4.257464 1.673751 0.314460 1
5.017715 1.308692 0.009713 1
5.017778 1.232735 0.017867 1
5.040576 1.159263 0.012028 1
5.060228 1.084285 0.006294 1
5.051259 1.008178 0.014223 1
1.537194 1.427074 0.019824 1
1.543553 1.482507 0.013820 1
1.602339 1.598942 0.021282 1
1.629548 1.647202 0.024281 1
1.684812 1.929530 -0.025275 1
1.741391 1.983538 -0.016450 1
1.788661 2.019510 -0.007287 1
1.832025 2.079923 -0.009549 1
2.062946 2.348980 -0.026507 1
2.136059 2.378196 -0.014141 1
2.188349 2.431851 -0.021702 1
2.260221 2.458781 -0.012109 1
2.588741 2.671847 -0.039438 1
2.665429 2.680511 -0.029931 1
2.734346 2.709872 -0.034858 1
2.810943 2.712230 -0.025326 1
3.383226 2.799849 -0.051888 1
3.456731 2.777073 -0.043062 1
3.531920 2.771787 -0.046154 1
3.620189 2.735091 -0.034714 1
3.696786 2.733544 -0.043988 1
3.763464 2.694883 -0.032743 1
3.848761 2.657686 -0.027601 1
3.922496 2.642200 -0.034261 1
4.006594 2.602196 -0.032185 1
4.065125 2.553891 -0.021787 1
4.585505 2.170547 -0.025965 1
4.630065 2.087144 -0.013499 1
4.680129 2.032049 -0.015993 1
4.711077 1.963820 -0.007027 1
4.748547 1.879336 0.002100 1
4.813528 1.830588 -0.014934 1
4.835794 1.758876 -0.006298 1
4.900073 1.685055 -0.020230 1
4.896727 1.604265 -0.000242 1
4.924135 1.535505 -0.000463 1
4.953629 1.466789 -0.003483 1
4.970464 1.394431 -0.000857 1
1.525776 1.134016 0.024060 1
1.646708 1.718367 -0.008315 1
1.676661 1.785262 -0.011243 1
1.723005 1.823070 0.000737 1
1.893593 2.101480 -0.015229 1
1.928825 2.167474 -0.026193 1
2.000484 2.201037 -0.010720 1
2.054801 2.248974 -0.009912 1
2.329551 2.486094 -0.029247 1
2.397096 2.515163 -0.025233 1
2.472337 2.527825 -0.012316 1
2.885588 2.715939 -0.042793 1
2.959054 2.722167 -0.039132 1
3.050986 2.723174 -0.033012 1
3.122777 2.738260 -0.038581 1
3.196663 2.710224 -0.020282 1
4.141889 2.502351 -0.040938 1
4.206297 2.466620 -0.042432 1
4.269651 2.428617 -0.044201 1
4.330159 2.356929 -0.030875 1
4.399553 2.325295 -0.041687 1
4.460307 2.255648 -0.034279 1
4.504915 2.197011 -0.027459 1
4.959187 1.151915 0.009014 1
4.947682 1.079352 0.020206 1
4.953941 1.007817 0.019688 1
1.605074 1.409790 0.011773 1
1.637898 1.510545 0.011168 1
1.672365 1.573167 0.016384 1
1.757400 1.886052 -0.025867 1
1.814827 1.914300 -0.007369 1
1.844857 1.979741 -0.015924 1
1.907987 2.000052 0.005786 1
2.120830 2.282679 -0.023870 1
2.170854 2.306345 -0.016509 1
2.232133 2.342766 -0.012455 1
2.540605 2.550149 -0.031780 1
2.607555 2.574863 -0.030663 1
2.675152 2.597221 -0.029804 1
2.738989 2.631019 -0.037943 1
3.286209 2.708807 -0.043764 1
3.357787 2.704910 -0.043621 1
3.426972 2.678529 -0.031483 1
3.518759 2.691426 -0.046813 1
3.587577 2.669364 -0.041157 1
3.672346 2.640492 -0.035604 1
3.736684 2.607914 -0.027002 1
4.728373 1.785681 -0.007220 1
4.753503 1.719737 -0.001373 1
4.801391 1.644505 -0.007059 1
4.806291 1.571361 0.007579 1
4.856447 1.513710 -0.007569 1
4.860507 1.441499 0.003935 1
4.030380 1.192567 0.510808 1
4.907248 1.289168 0.000813 1
4.921874 1.219636 0.000399 1
1.651146 1.276886 0.034216 1
1.666673 1.325539 0.036420 1
1.698513 1.618665 -0.003626 1
1.728443 1.681579 -0.003787 1
1.753520 1.727393 -0.003262 1
1.965813 2.042571 -0.007718 1
1.998626 2.105477 -0.018944 1
2.051709 2.127606 -0.005529 1
2.294431 2.375797 -0.031714 1
2.354968 2.411098 -0.030700 1
2.424353 2.430802 -0.020411 1
2.496034 2.442963 -0.007081 1
2.817493 2.613686 -0.039327 1
2.901052 2.641109 -0.044914 1
2.973007 2.637095 -0.034943 1
3.043891 2.630845 -0.025428 1
3.128643 2.652425 -0.034362 1
3.797574 2.568372 -0.039100 1
3.885592 2.552820 -0.049113 1
3.942849 2.508948 -0.037930 1
4.020198 2.468729 -0.036144 1
4.085319 2.441934 -0.040551 1
4.145372 2.374258 -0.023561 1
4.216589 2.354897 -0.037758 1
4.270290 2.282406 -0.020977 1
4.029078 1.945942 0.234037 1
4.381078 2.199004 -0.025018 1
4.446400 2.141478 -0.026948 1
4.493825 2.090541 -0.026198 1
4.546509 2.021390 -0.022434 1
4.610114 1.981196 -0.037376 1
4.613910 1.899904 -0.009795 1
4.674407 1.835479 -0.018574 1
4.877986 1.007340 0.016819 1
1.698035 1.369657 0.024907 1
1.735805 1.428355 0.036148 1
1.708995 1.487783 0.008902 1
1.755431 1.525472 0.026915 1
2.305914 1.351533 0.376224 1
1.829442 1.823222 -0.016699 1
1.880249 1.852477 -0.000628 1
1.915866 1.909594 -0.003283 1
2.099359 2.176374 -0.030731 1
2.172272 2.198461 -0.011362 1
2.225987 2.239152 -0.010290 1
2.554455 2.477805 -0.034949 1
2.624090 2.488612 -0.024515 1
2.686305 2.515114 -0.026747 1
3.198973 2.619125 -0.035279 1
3.266888 2.618694 -0.035041 1
3.351978 2.619628 -0.038122 1
3.417630 2.593920 -0.025622 1
3.485096 2.590342 -0.028976 1
4.770115 1.486348 0.000115 1
4.782958 1.420323 0.005755 1
4.807643 1.357207 0.002229 1
4.807971 1.272198 0.014475 1
4.812001 1.205688 0.019933 1
4.858287 1.142609 -0.002014 1
4.846749 1.074302 0.009601 1
1.705456 1.168838 0.033337 1
1.697102 1.218793 0.023085 1
1.739503 1.261715 0.043325 1
1.795046 1.580337 0.013481 1
1.793793 1.633955 -0.001488 1
1.835070 1.669674 0.011344 1
1.974238 1.949724 -0.012990 1
2.007755 1.986703 -0.011766 1
2.053093 2.035046 -0.010926 1
2.284323 2.272700 -0.028705 1
2.338432 2.283247 -0.014751 1
2.398301 2.342124 -0.026471 1
2.457854 2.339672 -0.006156 1
2.774643 2.515238 -0.033093 1
2.841785 2.521579 -0.025859 1
2.902122 2.553947 -0.037806 1
2.971427 2.545412 -0.024296 1
3.564136 2.556197 -0.039560 1
3.633012 2.556712 -0.049733 1
3.707186 2.511910 -0.034305 1
3.765933 2.479236 -0.025784 1
3.851133 2.469795 -0.039383 1
3.905050 2.427697 -0.027908 1
3.961281 2.392829 -0.023063 1
4.037466 2.360299 -0.027559 1
4.087895 2.316709 -0.019812 1
4.164134 2.282098 -0.028002 1
4.207662 2.230527 -0.017347 1
4.293730 2.204032 -0.038371 1
4.319277 2.134094 -0.015072 1
4.395672 2.093256 -0.029863 1
4.433599 2.038067 -0.022842 1
4.469471 1.982063 -0.016221 1
4.524767 1.920304 -0.018894 1
4.551435 1.858864 -0.009356 1
4.613957 1.800064 -0.021708 1
4.644045 1.740729 -0.018604 1
4.662942 1.676322 -0.009446 1
4.699241 1.602118 -0.009392 1
4.712181 1.536702 -0.000412 1
1.767781 1.007638 0.059994 1
1.759120 1.306117 0.026782 1
1.779931 1.350194 0.032224 1
1.788456 1.396735 0.028834 1
1.803435 1.458095 0.025172 1
1.858458 1.730318 -0.017142 1
1.897583 1.764897 -0.007101 1
1.950459 1.808613 0.005992 1
2.114976 2.067102 -0.019795 1
2.148303 2.102732 -0.021605 1
2.211287 2.130651 -0.007945 1
2.523377 2.354538 -0.017637 1
2.584289 2.413464 -0.035849 1
2.643960 2.399365 -0.012020 1
3.054077 2.545724 -0.040267 1
3.121155 2.526826 -0.023739 1
3.185320 2.529291 -0.023259 1
3.265583 2.534295 -0.026354 1
4.742915 1.196551 0.018504 1
4.758759 1.134168 0.014538 1
4.771767 1.070796 0.010761 1
4.767728 1.006742 0.016120 1
1.763126 1.053427 0.033548 1
1.794186 1.098372 0.050594 1
1.783054 1.144997 0.039739 1
1.793425 1.190143 0.041752 1
1.843544 1.494028 0.018896 1
1.857604 1.538484 0.016134 1
1.873067 1.582550 0.013366 1
1.983376 1.843645 -0.012138 1
2.034637 1.885077 -0.001730 1
2.064229 1.941481 -0.010425 1
2.262198 2.169044 -0.028998 1
2.329403 2.187039 -0.011550 1
2.379247 2.225183 -0.013585 1
2.715665 2.434340 -0.039974 1
2.781616 2.438814 -0.029163 1
2.842997 2.454501 -0.028261 1
3.329224 2.520976 -0.042028 1
3.391980 2.506349 -0.035544 1
3.471507 2.501526 -0.039097 1
3.530694 2.472428 -0.026426 1
3.608956 2.461185 -0.030399 1
3.666107 2.431827 -0.021149 1
4.569711 1.701587 -0.009566 1
4.591547 1.642410 -0.003430 1
4.621505 1.570143 -0.000249 1
4.647123 1.512877 -0.000763 1
4.684645 1.458769 -0.011058 1
4.672765 1.390300 0.010812 1
4.715266 1.335826 -0.005928 1
4.734205 1.258772 -0.006047 1
1.829438 1.230656 0.038282 1
1.831706 1.291194 0.030829 1
1.861204 1.330975 0.042871 1
1.864368 1.376170 0.036240 1
1.923394 1.627426 0.007782 1
1.928978 1.675827 -0.004484 1
1.982070 1.717248 0.011976 1
2.112232 1.962564 -0.018239 1
2.159980 2.003238 -0.013827 1
2.212336 2.038471 -0.006298 1
2.436007 2.252437 -0.031164 1
2.500854 2.265693 -0.016717 1
2.547319 2.277031 -0.008578 1
2.908112 2.452929 -0.039711 1
2.987616 2.452339 -0.029095 1
3.048892 2.460553 -0.028780 1
3.112182 2.447215 -0.015134 1
3.739450 2.404186 -0.040909 1
3.798697 2.384029 -0.041971 1
3.865475 2.342322 -0.033208 1
3.927185 2.326383 -0.041583 1
3.990078 2.279070 -0.033053 1
4.050396 2.257815 -0.041644 1
4.109288 2.205626 -0.033706 1
4.152837 2.160394 -0.025931 1
4.218836 2.118316 -0.031461 1
4.244685 2.055577 -0.010480 1
4.312942 2.036197 -0.033034 1
4.351644 1.966647 -0.018877 1
4.388487 1.917184 -0.015349 1
4.444322 1.862413 -0.021617 1
4.477004 1.809731 -0.018361 1
4.519819 1.745122 -0.018306 1
1.837816 1.021447 0.040517 1
1.828190 1.051019 0.032770 1
1.892417 1.414145 0.024494 1
1.935168 1.446943 0.044029 1
1.934032 1.493397 0.031420 1
2.024727 1.744314 0.004557 1
2.063413 1.790449 0.008321 1
2.087724 1.827835 0.006274 1
2.267927 2.046154 -0.006668 1
2.299279 2.101201 -0.022074 1
2.618783 2.303473 -0.025813 1
2.677120 2.321250 -0.021188 1
2.730458 2.350299 -0.027010 1
3.173442 2.439720 -0.029552 1
3.249025 2.454978 -0.039619 1
3.308728 2.424569 -0.019253 1
3.385628 2.442752 -0.036323 1
4.648049 1.320469 -0.004257 1
4.632759 1.241717 0.018624 1
4.654870 1.184757 0.011149 1
4.665240 1.125699 0.010139 1
4.663279 1.065815 0.015851 1
4.688251 1.005930 0.001615 1
1.844605 1.094082 0.019616 1
1.852610 1.137545 0.021382 1
1.862496 1.180541 0.023525 1
1.892773 1.220299 0.038934 1
1.905853 1.261572 0.041588 1
1.974066 1.587024 0.007629 1
2.012596 1.617194 0.021573 1
2.137718 1.863941 -0.004160 1
2.175386 1.890129 0.003866 1
2.363697 2.117395 -0.025570 1
2.424540 2.135288 -0.010797 1
2.474646 2.165845 -0.009593 1
2.803628 2.322343 -0.013513 1
2.852144 2.364421 -0.033012 1
2.915802 2.354898 -0.015233 1
3.441904 2.406616 -0.037797 1
3.515521 2.394999 -0.038329 1
3.574086 2.383510 -0.039108 1
3.645173 2.360922 -0.036355 1
3.704121 2.349229 -0.041006 1
3.767900 2.307657 -0.028374 1
3.823353 2.286806 -0.029813 1
4.377220 1.814509 -0.008269 1
4.412028 1.767283 -0.008452 1
4.449205 1.721076 -0.012154 1
4.474625 1.651418 -0.001955 1
4.524904 1.610205 -0.019363 1
4.544423 1.537967 -0.009433 1
4.568635 1.483903 -0.010069 1
4.595466 1.430215 -0.014242 1
4.592350 1.368055 0.001776 1
1.926351 1.048107 0.057853 1
1.924942 1.300661 0.026696 1
1.936324 1.341545 0.026454 1
1.957711 1.394187 0.029270 1
1.990215 1.428049 0.042654 1
2.062931 1.655010 0.017799 1
2.082525 1.692606 0.015401 1
2.122824 1.734043 0.022707 1
2.216647 1.930672 -0.016067 1
2.272459 1.957535 -0.001368 1
2.311855 1.978496 0.006868 1
2.535934 2.177134 -0.015737 1
2.580638 2.215084 -0.024672 1
2.635610 2.234863 -0.019964 1
2.992011 2.344204 -0.018455 1
3.046697 2.366266 -0.028535 1
3.104749 2.367603 -0.024742 1
3.176659 2.371881 -0.024411 1
3.882385 2.239617 -0.039085 1
3.925977 2.198164 -0.026913 1
3.992424 2.167694 -0.032307 1
4.037745 2.131029 -0.027779 1
4.095739 2.087542 -0.026560 1
4.128221 2.036624 -0.011818 1
4.191092 1.998840 -0.021013 1
4.249624 1.974708 -0.037723 1
4.292686 1.914933 -0.029986 1
4.327493 1.868034 -0.026416 1
4.599937 1.062853 0.016836 1
4.610016 1.005811 0.012302 1
1.937505 1.088376 0.042477 1
1.921716 1.130816 0.027526 1
1.963868 1.168020 0.053375 1
2.011032 1.464134 0.025963 1
2.036923 1.498356 0.033220 1
2.149399 1.766189 0.003272 1
2.211174 1.790007 0.028293 1
2.353138 2.016500 -0.016135 1
2.413450 2.032323 0.002553 1
2.700761 2.229951 -0.018837 1
2.750215 2.257977 -0.024890 1
2.811871 2.253416 -0.006353 1
3.234359 2.348363 -0.027746 1
3.290741 2.342590 -0.024214 1
3.361044 2.338249 -0.024417 1
3.415911 2.323359 -0.017773 1
4.513421 1.346872 0.017665 1
4.548493 1.297848 0.002889 1
4.560700 1.228798 0.005949 1
4.581988 1.174807 -0.001964 1
4.573056 1.117481 0.010594 1
1.951905 1.210041 0.018424 1
1.991837 1.244701 0.041725 1
2.009756 1.281825 0.047865 1
2.011329 1.322266 0.040774 1
2.057178 1.548487 0.009600 1
2.098000 1.574398 0.027580 1
2.110468 1.613214 0.021340 1
2.239192 1.819229 0.009208 1
2.269959 1.864308 0.003486 1
2.330377 1.864330 0.036318 1
2.454121 2.069803 -0.023844 1
2.517044 2.076745 -0.001512 1
2.561991 2.107444 -0.003682 1
2.864180 2.271470 -0.029641 1
2.922876 2.266726 -0.014702 1
2.990026 2.280014 -0.014060 1
3.484119 2.307419 -0.035615 1
3.533845 2.274894 -0.018578 1
3.601897 2.263533 -0.022960 1
3.674346 2.262295 -0.038560 1
3.720910 2.227862 -0.025539 1
3.783751 2.199203 -0.023433 1
3.832890 2.174112 -0.021808 1
4.271469 1.823380 -0.016427 1
4.291204 1.769630 -0.002301 1
4.343409 1.722084 -0.012914 1
4.374575 1.676367 -0.013345 1
4.389596 1.606540 0.004284 1
4.437508 1.568641 -0.014018 1
4.454166 1.515562 -0.007677 1
4.491009 1.455354 -0.015142 1
4.494100 1.398172 -0.002018 1
2.014171 1.044957 0.060404 1
2.050375 1.352394 0.041301 1
2.054655 1.391900 0.034378 1
2.082440 1.423871 0.045262 1
2.519584 1.381524 0.360670 1
2.145224 1.639480 0.012571 1
2.194565 1.671540 0.030691 1
2.360038 1.908417 0.006768 1
2.407185 1.935512 0.015170 1
2.615315 2.123221 -0.015660 1
2.670531 2.133848 -0.003593 1
3.044826 2.282621 -0.030740 1
3.102029 2.261743 -0.008788 1
3.166986 2.289114 -0.026532 1
3.887779 2.131045 -0.033438 1
3.939062 2.109860 -0.039294 1
3.990714 2.064026 -0.030881 1
4.031650 2.027828 -0.026259 1
4.081416 1.981582 -0.021638 1
4.141265 1.946077 -0.031328 1
4.177155 1.904712 -0.027149 1
4.207769 1.859078 -0.019414 1
4.503800 1.058519 0.024301 1
4.499557 1.005714 0.029997 1
2.014039 1.121775 0.033947 1
2.036610 1.158259 0.046856 1
2.037762 1.196644 0.042373 1
2.069633 1.217306 0.063084 1
2.102848 1.457010 0.029335 1
2.116523 1.507046 0.022469 1
2.207645 1.724952 -0.006235 1
2.266365 1.731504 0.027221 1
2.292086 1.760032 0.028545 1
2.464124 1.948856 0.014482 1
2.500785 1.985459 0.008521 1
2.718039 2.157152 -0.026225 1
2.774758 2.159415 -0.010726 1
2.824532 2.175881 -0.009651 1
3.221833 2.248448 -0.013982 1
3.287745 2.261125 -0.025062 1
3.340609 2.258256 -0.025321 1
3.404724 2.238408 -0.014786 1
4.439597 1.326544 0.012912 1
4.459838 1.277676 0.008195 1
4.461942 1.211888 0.018445 1
4.491457 1.163012 0.002848 1
4.491518 1.110150 0.008722 1
2.086776 1.251534 0.049942 1
2.087377 1.289469 0.042553 1
2.115530 1.320729 0.056623 1
2.152044 1.532687 0.017546 1
2.171190 1.565702 0.018207 1
2.207489 1.589256 0.033605 1
2.331029 1.793230 0.013647 1
2.371823 1.807625 0.029526 1
2.547299 1.986663 0.008297 1
2.588352 2.016243 0.006011 1
2.874978 2.189046 -0.028904 1
2.932617 2.175923 -0.006017 1
3.455647 2.225442 -0.031969 1
3.518893 2.209489 -0.029250 1
3.567323 2.189366 -0.022688 1
3.632727 2.181134 -0.031544 1
3.689914 2.148421 -0.021711 1
3.738701 2.130900 -0.023400 1
4.275782 1.677636 -0.013316 1
4.289334 1.625691 0.000886 1
4.314380 1.566797 0.008046 1
4.355926 1.529884 -0.007402 1
4.366859 1.478579 0.002811 1
4.397289 1.421399 -0.001479 1
4.412388 1.372168 0.001129 1
2.069841 1.017906 0.044307 1
2.078573 1.042312 0.050077 1
2.066150 1.079471 0.037627 1
2.077558 1.115691 0.043272 1
2.123183 1.369094 0.029670 1
2.158335 1.383464 0.052170 1
2.250882 1.620765 0.029120 1
2.265589 1.654973 0.023032 1
2.405674 1.843434 0.007399 1
2.458938 1.859460 0.027114 1
2.642518 2.023784 0.002458 1
2.695662 2.030214 0.018589 1
2.994173 2.191801 -0.029031 1
3.050476 2.165377 0.001161 1
3.097355 2.189229 -0.013603 1
3.779828 2.068792 -0.011716 1
3.830049 2.055652 -0.021273 1
3.886530 2.026434 -0.023627 1
3.928735 1.998105 -0.022591 1
3.982669 1.964003 -0.025215 1
4.029224 1.920484 -0.020496 1
4.070149 1.889828 -0.023345 1
4.106192 1.836299 -0.011375 1
4.147727 1.805590 -0.018451 1
4.186130 1.755036 -0.014516 1
4.210818 1.710441 -0.007225 1
4.409850 1.005486 0.038913 1
2.095776 1.150098 0.033559 1
2.094738 1.174629 0.029221 1
2.109936 1.209071 0.035797 1
2.177535 1.427079 0.032963 1
2.184990 1.462964 0.026159 1
2.221970 1.486043 0.045187 1
2.315046 1.665151 0.030757 1
2.335117 1.709839 0.020528 1
2.500834 1.884829 0.012789 1
2.533448 1.902193 0.018037 1
2.740680 2.048687 0.000399 1
2.789407 2.058924 0.008887 1
2.841510 2.091673 -0.001625 1
3.160578 2.183890 -0.025532 1
3.210710 2.172757 -0.014121 1
3.272317 2.177024 -0.018044 1
3.321081 2.166140 -0.010743 1
4.355217 1.254366 0.033197 1
4.378661 1.197522 0.024973 1
4.398030 1.151064 0.016183 1
4.402236 1.102440 0.018447 1
4.422204 1.054173 0.006003 1
2.168770 1.017481 0.085581 1
2.161611 1.270882 0.044862 1
2.158723 1.307766 0.033513 1
2.236146 1.518022 0.022892 1
2.274223 1.538084 0.042507 1
2.384660 1.715836 0.029012 1
2.423833 1.743708 0.037588 1
2.586899 1.910193 0.018885 1
2.622145 1.941917 0.012619 1
2.896651 2.079366 0.002741 1
2.944945 2.083184 0.011048 1
3.379846 2.141891 -0.015495 1
3.429896 2.148971 -0.027918 1
3.486401 2.121735 -0.013534 1
3.547540 2.117057 -0.022232 1
3.592066 2.096888 -0.016113 1
4.260327 1.537887 -0.003037 1
4.279946 1.493821 0.000025 1
4.273221 1.439216 0.025770 1
4.318197 1.392640 0.006001 1
4.315114 1.341705 0.023820 1
4.357134 1.303632 -0.000189 1
2.147371 1.039707 0.047103 1
2.143859 1.074282 0.041639 1
2.150420 1.108432 0.043823 1
2.196016 1.333089 0.036732 1
2.204353 1.366626 0.033384 1
2.327929 1.599555 0.032716 1
2.458102 1.774396 0.019720 1
2.496709 1.784534 0.036438 1
2.677613 1.941405 0.017825 1
2.714453 1.969726 0.011379 1
3.001605 2.098486 -0.011398 1
3.051857 2.085733 0.008160 1
3.099388 2.079288 0.020016 1
3.643064 2.061003 -0.021536 1
3.689919 2.049467 -0.027316 1
3.741791 2.019461 -0.021709 1
3.793868 1.990663 -0.019891 1
3.829851 1.958531 -0.010766 1
3.886553 1.936742 -0.021387 1
3.931879 1.897993 -0.016381 1
3.960369 1.858299 -0.003912 1
4.019317 1.835134 -0.022330 1
4.041354 1.789983 -0.006285 1
4.085360 1.750220 -0.009586 1
4.117582 1.700413 -0.001780 1
4.143700 1.661346 0.001858 1
4.197039 1.625784 -0.017777 1
4.212727 1.579635 -0.006821 1
2.158074 1.130200 0.027717 1
2.183927 1.161428 0.045427 1
2.194052 1.193831 0.048505 1
2.210704 1.400504 0.007072 1
2.245320 1.424092 0.026614 1
2.364318 1.615888 0.030385 1
2.392654 1.650782 0.031246 1
2.523938 1.821356 0.007331 1
2.576917 1.829119 0.031787 1
2.766651 1.968376 0.013006 1
2.808360 1.985862 0.013883 1
3.155823 2.087223 -0.002588 1
3.202537 2.064072 0.020942 1
3.258646 2.090292 -0.002912 1
4.302405 1.139061 0.038243 1
4.310474 1.094737 0.036653 1
4.320890 1.050080 0.031383 1
4.316603 1.004956 0.037421 1
2.210823 1.016235 0.064150 1
2.219957 1.244745 0.040322 1
2.224660 1.277568 0.036183 1
2.273467 1.448345 0.019767 1
2.293344 1.476013 0.024192 1
2.433065 1.661210 0.033375 1
2.463152 1.693048 0.034377 1
2.621908 1.842889 0.026034 1
2.656619 1.869746 0.023336 1
2.860066 2.007793 -0.008119 1
2.910011 2.001465 0.012500 1
3.302561 2.057389 0.005571 1
3.358409 2.057586 0.000905 1
3.403445 2.056959 -0.004051 1
4.220333 1.357628 0.037407 1
4.232805 1.315851 0.040066 1
4.281412 1.283103 0.007189 1
4.261074 1.232907 0.037387 1
4.283046 1.180924 0.028604 1
2.215782 1.037225 0.048056 1
2.233403 1.068726 0.061622 1
2.221653 1.090678 0.048851 1
2.248083 1.304813 0.028885 1
2.259398 1.335469 0.029181 1
2.324461 1.509270 0.013820 1
2.353299 1.530803 0.026181 1
2.509458 1.694569 0.044629 1
2.697512 1.866641 0.026074 1
2.955285 2.003516 0.002355 1
2.999923 2.005365 0.011027 1
3.043238 2.009912 0.015201 1
3.454213 2.025778 -0.003948 1
3.508013 2.014487 -0.005045 1
3.549672 2.000350 -0.002773 1
3.602380 1.984740 -0.004422 1
3.649420 1.955121 0.005760 1
3.690366 1.939789 0.003346 1
4.067621 1.606064 0.027126 1
4.111476 1.583303 0.006478 1
4.138691 1.535733 0.010007 1
4.150565 1.492630 0.021355 1
4.153636 1.434694 0.044703 1
4.200950 1.408116 0.015558 1
2.261653 1.139427 0.059309 1
2.250114 1.172561 0.043022 1
2.272321 1.200666 0.057579 1
2.288748 1.359171 0.026552 1
2.293967 1.391436 0.019077 1
2.376913 1.553893 0.012658 1
2.403426 1.575109 0.021701 1
2.529784 1.733324 0.011566 1
2.568314 1.754759 0.020781 1
2.604639 1.761425 0.038138 1
2.741081 1.897694 0.000536 1
2.784153 1.885719 0.030049 1
2.830029 1.910854 0.026653 1
3.096598 2.016623 -0.003426 1
3.141597 2.000648 0.017122 1
3.731507 1.901100 -0.001347 1
3.757514 1.861264 0.020339 1
3.820657 1.860266 -0.011280 1
3.862179 1.825154 -0.006120 1
3.885408 1.769246 0.023275 1
3.945641 1.772060 -0.016662 1
3.958139 1.708247 0.020569 1
4.013679 1.686486 -0.003319 1
4.032710 1.646374 0.008689 1
4.252263 1.046915 0.034089 1
4.247972 1.004674 0.040294 1
2.274581 1.015247 0.064661 1
2.294613 1.216760 0.054960 1
2.306417 1.245326 0.058561 1
2.313263 1.417671 0.004893 1
2.346842 1.437443 0.025247 1
2.437747 1.602317 0.012058 1
2.465324 1.620968 0.021408 1
2.639065 1.784330 0.020970 1
2.877480 1.905205 0.029592 1
2.916195 1.918380 0.030405 1
3.194792 1.990196 0.010804 1
3.236304 1.995409 0.006483 1
3.288302 1.990624 0.010022 1
4.201559 1.208721 0.037730 1
4.224341 1.170560 0.024317 1
4.212467 1.127343 0.043022 1
4.236744 1.087843 0.025096 1
2.267357 1.035037 0.037270 1
2.288276 1.064804 0.055085 1
2.357337 1.146183 0.110083 1
2.324355 1.271405 0.048253 1
2.330391 1.300961 0.044423 1
2.371200 1.459687 0.015683 1
2.390862 1.484227 0.020231 1
2.500570 1.631928 0.020525 1
2.526035 1.663885 0.017340 1
2.681668 1.795637 0.016132 1
2.721098 1.810010 0.025544 1
2.962970 1.939087 0.004363 1
3.006951 1.933284 0.021459 1
3.328213 1.970185 0.007535 1
3.378496 1.961278 0.010650 1
3.428928 1.954079 0.009352 1
3.468115 1.942733 0.012245 1
4.135123 1.380253 0.024259 1
4.144124 1.329685 0.035681 1
4.171453 1.295790 0.021910 1
4.185476 1.257197 0.020479 1
2.290627 1.084160 0.035783 1
2.304183 1.103088 0.046698 1
2.327498 1.130222 0.065402 1
2.346585 1.326753 0.030633 1
2.369616 1.350122 0.042986 1
2.432273 1.506755 0.023128 1
2.559937 1.687379 0.004240 1
2.759223 1.824304 0.012630 1
2.804670 1.824765 0.034412 1
3.052558 1.912415 0.032598 1
3.097459 1.940506 0.011629 1
3.512590 1.913979 0.008954 1
3.564880 1.911761 -0.005478 1
3.605268 1.877110 0.013513 1
3.642919 1.863637 0.010899 1
3.687018 1.840330 0.012667 1
3.725771 1.808259 0.022466 1
3.776403 1.794784 0.006652 1
3.799266 1.758458 0.024387 1
3.840793 1.731268 0.020957 1
3.880931 1.701725 0.017706 1
3.917011 1.667481 0.018255 1
3.947789 1.641582 0.014303 1
3.974766 1.599273 0.022670 1
4.000203 1.568735 0.022230 1
4.030122 1.528999 0.021829 1
4.043991 1.479738 0.037934 1
4.083029 1.455820 0.016236 1
4.073853 1.396840 0.053048 1
2.348571 1.175150 0.058179 1
2.346934 1.204621 0.049549 1
2.371136 1.218930 0.069540 1
2.391006 1.372710 0.033621 1
2.411364 1.395581 0.042081 1
2.444784 1.533759 -0.002230 1
2.483083 1.544137 0.023482 1
2.598419 1.690804 0.008203 1
2.639685 1.703965 0.025836 1
2.844298 1.832207 0.025580 1
3.139037 1.927306 0.010566 1
3.178584 1.922919 0.018733 1
4.173916 1.082304 0.027717 1
4.158665 1.042850 0.047051 1
4.183079 1.003897 0.024273 1
2.331730 1.013766 0.043312 1
2.346663 1.051440 0.056175 1
2.368825 1.248060 0.039347 1
2.396767 1.269657 0.059921 1
2.430488 1.417854 0.029061 1
2.462424 1.433515 0.050145 1
2.506339 1.574979 0.002362 1
2.538350 1.587004 0.020051 1
2.669357 1.728356 0.004742 1
2.706123 1.744044 0.014214 1
2.883867 1.837631 0.017043 1
2.921121 1.847230 0.021919 1
3.227290 1.907159 0.017496 1
3.265247 1.903455 0.021181 1
3.312597 1.901729 0.020248 1
4.113608 1.237955 0.036711 1
4.127139 1.192431 0.035527 1
4.128638 1.154340 0.042673 1
4.144926 1.118167 0.032538 1
2.329286 1.032290 0.019901 1
2.345799 1.079153 0.032809 1
2.358658 1.096994 0.043884 1
2.423536 1.280229 0.063453 1
2.479130 1.455676 0.033367 1
2.571673 1.595882 0.020124 1
2.744154 1.755864 0.005956 1
2.971607 1.845079 0.021611 1
3.006431 1.858549 0.017831 1
3.359056 1.891624 0.005603 1
3.405155 1.881748 0.008464 1
3.437878 1.856425 0.028761 1
4.041001 1.380645 0.032676 1
4.058052 1.347553 0.031462 1
4.069550 1.302470 0.038974 1
4.102746 1.273702 0.016043 1
2.373976 1.113577 0.037745 1
2.438785 1.303141 0.050451 1
2.453050 1.326546 0.054795 1
2.506579 1.471108 0.029295 1
2.532574 1.486941 0.042824 1
2.591393 1.628189 -0.009514 1
2.633028 1.640084 0.012847 1
2.780365 1.751390 0.010758 1
2.818726 1.758935 0.024562 1
3.048428 1.842658 0.026022 1
3.092168 1.855198 0.021469 1
3.483508 1.848302 0.004701 1
3.529534 1.839900 -0.001615 1
3.565235 1.804359 0.022376 1
3.613069 1.799235 0.006492 1
3.640256 1.771629 0.021368 1
3.675760 1.742419 0.031448 1
3.715998 1.721565 0.028021 1
3.752890 1.695413 0.029069 1
3.796101 1.676553 0.016627 1
3.823788 1.652526 0.017505 1
3.862910 1.626734 0.009265 1
3.883488 1.583362 0.027104 1
3.908027 1.556492 0.026841 1
3.937155 1.521488 0.026503 1
3.941555 1.470326 0.056527 1
3.965302 1.443324 0.051259 1
4.002793 1.412669 0.033163 1
2.391168 1.012944 0.047405 1
2.390104 1.156869 0.026556 1
2.402999 1.182122 0.034246 1
2.421983 1.196516 0.050640 1
2.473142 1.346647 0.046083 1
2.492269 1.367038 0.055023 1
2.559493 1.511424 0.030542 1
2.592040 1.520354 0.052777 1
2.666255 1.644553 0.013516 1
2.694657 1.667061 0.014282 1
2.855203 1.786874 -0.005595 1
2.896861 1.784240 0.016808 1
3.131004 1.839209 0.025855 1
3.174778 1.847748 0.021016 1
4.090612 1.075126 0.037368 1
4.091520 1.039491 0.040016 1
4.102973 1.003615 0.029341 1
2.407830 1.030103 0.045178 1
2.407467 1.047582 0.043375 1
2.415112 1.064724 0.050119 1
2.438058 1.219314 0.041321 1
2.520044 1.382000 0.055153 1
2.608212 1.540304 0.032075 1
2.732208 1.662984 0.024041 1
2.931117 1.794619 -0.000161 1
3.211315 1.825090 0.029600 1
3.254754 1.841014 0.011073 1
3.289017 1.821811 0.032257 1
4.049378 1.220210 0.030359 1
4.058099 1.177318 0.033504 1
4.059192 1.142168 0.040921 1
4.074459 1.108828 0.030393 1
2.430260 1.089096 0.044211 1
2.442672 1.105028 0.055660 1
2.448041 1.243136 0.023970 1
2.471539 1.254294 0.045480 1
2.480453 1.278169 0.045446 1
2.531917 1.404154 0.034404 1
2.561988 1.416487 0.056719 1
2.647882 1.551224 0.037417 1
2.765362 1.691242 -0.001336 1
2.796253 1.692612 0.017252 1
2.969388 1.793139 -0.004160 1
3.007467 1.789150 0.013963 1
3.331412 1.813059 0.018094 1
3.375905 1.819481 0.003057 1
3.414167 1.790896 0.028471 1
3.993766 1.320096 0.030409 1
3.997488 1.285195 0.042496 1
4.027931 1.250008 0.023358 1
2.450614 1.120513 0.042086 1
2.450582 1.145931 0.036384 1
2.471652 1.159361 0.057170 1
2.505954 1.295370 0.045666 1
2.578013 1.435439 0.040320 1
2.678689 1.556604 0.038986 1
2.698220 1.584064 0.030830 1
2.836739 1.708292 0.005009 1
3.053235 1.783280 0.014262 1
3.086988 1.786880 0.018473 1
3.454234 1.776469 0.013574 1
3.494058 1.762569 0.015983 1
3.533117 1.746914 0.018083 1
3.572937 1.732966 0.015208 1
3.599488 1.710910 0.025963 1
3.635883 1.690597 0.027239 1
3.816596 1.579798 0.004085 1
3.843487 1.502947 0.044851 1
3.863700 1.466983 0.053562 1
3.894543 1.438413 0.043941 1
3.916747 1.413240 0.038466 1
3.941973 1.379638 0.033266 1
3.962082 1.352173 0.027653 1
2.477322 1.174471 0.039695 1
2.521689 1.306483 0.037606 1
2.538957 1.325837 0.046556 1
2.607048 1.445568 0.041919 1
2.628030 1.460568 0.051345 1
2.736149 1.579193 0.045769 1
2.873436 1.711663 0.001559 1
2.902799 1.709301 0.020177 1
3.129265 1.787341 0.005608 1
3.163125 1.784495 0.014080 1
3.663980 1.657202 0.024710 1
3.704106 1.642631 0.012011 1
3.730125 1.609070 0.026396 1
3.761204 1.582492 0.027309 1
3.811367 1.528864 0.032561 1
4.028491 1.069370 0.029620 1
4.029143 1.036343 0.032441 1
4.039923 1.003067 0.021395 1
2.496131 1.194878 0.035215 1
2.507562 1.208654 0.043870 1
2.561912 1.341432 0.043002 1
2.576878 1.360648 0.047810 1
2.656037 1.478951 0.043910 1
2.683109 1.487446 0.062489 1
2.758457 1.602061 0.020722 1
2.793648 1.596648 0.053095 1
2.938777 1.729126 -0.005771 1
2.977396 1.720985 0.021531 1
3.205329 1.767117 0.019173 1
3.245585 1.782764 -0.000131 1
3.277359 1.757885 0.030843 1
4.001318 1.164627 0.021940 1
3.994786 1.130867 0.038844 1
4.023670 1.101586 0.009767 1
2.520596 1.229305 0.031128 1
2.529175 1.243248 0.035448 1
2.597575 1.375860 0.040410 1
2.711658 1.492772 0.064721 1
2.825282 1.618920 0.032332 1
3.015311 1.733722 0.000083 1
3.317837 1.763612 -0.001491 1
3.355849 1.746050 0.015228 1
3.947536 1.265923 0.027449 1
3.962292 1.229123 0.026078 1
3.980130 1.200863 0.015288 1
2.556489 1.258370 0.040785 1
2.565446 1.271427 0.045029 1
2.621553 1.388399 0.037571 1
2.643599 1.401708 0.051684 1
2.740033 1.506967 0.057840 1
2.853372 1.632370 0.016088 1
2.884382 1.626037 0.044012 1
3.052483 1.719372 0.010386 1
3.084350 1.720039 0.019206 1
3.383321 1.721732 0.019967 1
3.431563 1.723186 0.003623 1
3.467643 1.707411 0.010645 1
3.507676 1.703019 -0.001305 1
3.852463 1.418895 0.020232 1
3.877744 1.388737 0.014728 1
3.895166 1.353847 0.018698 1
3.907508 1.325290 0.022212 1
3.921822 1.289278 0.025720 1
2.589979 1.285706 0.046514 1
2.667717 1.412178 0.049210 1
2.695280 1.419707 0.072304 1
2.763197 1.514741 0.051094 1
2.917198 1.628208 0.041585 1
3.120342 1.737448 -0.016701 1
3.153555 1.725422 0.005909 1
3.524319 1.662065 0.020958 1
3.561240 1.651536 0.013283 1
3.591213 1.627396 0.023970 1
3.625265 1.610787 0.020205 1
3.654531 1.586821 0.025833 1
3.686793 1.566954 0.021838 1
3.713442 1.540175 0.027384 1
3.748558 1.522101 0.013690 1
3.762472 1.483535 0.037577 1
3.798450 1.464643 0.018534 1
3.798457 1.427112 0.050978 1
3.978304 1.033455 0.014385 1
3.974207 1.002730 0.021665 1
2.602044 1.304237 0.029729 1
2.621537 1.319631 0.043548 1
2.724528 1.423945 0.079514 1
2.789697 1.528683 0.039828 1
2.819172 1.538781 0.054275 1
2.951802 1.640950 0.025123 1
3.192582 1.715919 0.002422 1
3.230101 1.721579 -0.003525 1
3.945519 1.121806 0.021594 1
3.958892 1.093071 0.010383 1
3.950301 1.062325 0.027273 1
2.643260 1.324533 0.045823 1
2.737961 1.439476 0.059259 1
2.844008 1.552840 0.038196 1
2.986522 1.633885 0.032066 1
3.014524 1.661696 0.008213 1
3.259682 1.692159 0.016446 1
3.304710 1.707248 -0.009136 1
3.901561 1.209785 0.028028 1
3.908052 1.181557 0.031258 1
3.938587 1.150398 0.001307 1
2.663170 1.345504 0.033978 1
2.685179 1.349066 0.057703 1
2.771688 1.437316 0.076202 1
2.875037 1.557513 0.036353 1
2.901741 1.554861 0.060062 1
3.051079 1.642420 0.029119 1
3.078097 1.650124 0.028367 1
3.331036 1.678860 0.005784 1
3.367349 1.677722 -0.000921 1
3.401602 1.665617 0.006118 1
3.856866 1.300295 0.015262 1
3.857469 1.262138 0.038114 1
3.885141 1.241959 0.012807 1
2.696443 1.365744 0.036870 1
2.792674 1.453826 0.060376 1
2.816871 1.467259 0.070002 1
2.932732 1.568598 0.043890 1
3.114863 1.645023 0.025834 1
3.431119 1.638955 0.011305 1
3.479572 1.648746 -0.025454 1
3.491101 1.601830 0.034303 1
3.531832 1.607330 0.002051 1
3.555072 1.576676 0.027598 1
3.717535 1.451005 0.031662 1
3.746012 1.429921 0.021784 1
3.768461 1.403363 0.021359 1
3.797914 1.381045 0.006192 1
3.809546 1.347060 0.019877 1
3.833791 1.320278 0.009428 1
2.721671 1.373103 0.039545 1
2.842416 1.467990 0.073469 1
2.959590 1.560718 0.051718 1
3.150127 1.641284 0.018279 1
3.183189 1.652041 0.007423 1
3.579525 1.550639 0.021889 1
3.611434 1.537101 0.013042 1
3.642996 1.521875 0.003936 1
3.669640 1.499935 0.004871 1
3.688606 1.470139 0.019857 1
3.864177 1.055684 0.066179 1
3.884400 1.022983 0.040392 1
3.873526 0.996564 0.057684 1
2.745765 1.388088 0.032983 1
2.863569 1.492323 0.043159 1
2.994464 1.562942 0.049762 1
3.019452 1.569913 0.054294 1
3.212360 1.619734 0.038633 1
3.244854 1.630617 0.022374 1
3.866953 1.108294 0.029291 1
3.859723 1.080992 0.047053 1
2.773281 1.391125 0.041082 1
2.791268 1.392988 0.060392 1
2.896154 1.481139 0.066050 1
3.046465 1.569831 0.047267 1
3.277203 1.617648 0.019060 1
3.309006 1.610153 0.026793 1
3.820682 1.184454 0.046815 1
3.835488 1.161806 0.035348 1
3.838333 1.129656 0.043809 1
2.810492 1.417131 0.034509 1
2.918472 1.481231 0.064743 1
2.940592 1.491740 0.069373 1
3.077325 1.575925 0.030376 1
3.341441 1.609037 -0.001349 1
3.369720 1.587024 0.025741 1
3.400755 1.581111 0.023084 1
3.765411 1.290947 0.035637 1
3.780947 1.263583 0.034589 1
3.792214 1.234304 0.038456 1
3.799798 1.210456 0.042041 1
2.841442 1.404596 0.062722 1
2.969700 1.500959 0.058078 1
3.107462 1.558692 0.048366 1
3.136784 1.565500 0.047128 1
3.428482 1.564234 0.014013 1
3.451987 1.539201 0.040608 1
3.495368 1.545542 0.002194 1
3.507963 1.515612 0.038491 1
3.535989 1.503238 0.034308 1
3.563432 1.478619 0.045311 1
3.609474 1.439800 0.051858 1
3.666817 1.411196 0.022486 1
3.681187 1.382950 0.037316 1
3.701137 1.359778 0.036891 1
3.727587 1.340618 0.021175 1
3.732541 1.307612 0.045297 1
3.821934 0.996683 0.052165 1
2.863023 1.407604 0.061913 1
2.882413 1.420917 0.066448 1
2.996339 1.500785 0.056630 1
3.167271 1.563951 0.035120 1
3.192038 1.555902 0.053550 1
3.578518 1.448521 0.050281 1
3.619292 1.406497 0.061634 1
3.800842 1.049856 0.059766 1
3.804040 1.020521 0.058332 1
2.908028 1.425763 0.065451 1
3.024899 1.494130 0.065472 1
3.226857 1.560466 0.025996 1
3.250214 1.544745 0.054098 1
3.776843 1.116644 0.058930 1
3.791174 1.095415 0.042531 1
3.790129 1.071930 0.050944 1
2.929860 1.433829 0.054316 1
3.052097 1.501397 0.048764 1
3.074951 1.504147 0.057602 1
3.284574 1.545838 0.025951 1
3.311469 1.530259 0.049075 1
3.749175 1.162005 0.061387 1
3.756704 1.140888 0.059807 1
2.956903 1.424300 0.073565 1
3.099475 1.499159 0.056353 1
3.337657 1.517849 0.040807 1
3.364369 1.510975 0.043054 1
3.700181 1.255006 0.050624 1
3.703589 1.232474 0.064827 1
3.726542 1.212437 0.043247 1
3.727184 1.183540 0.062599 1
2.978209 1.430099 0.062638 1
3.131111 1.506069 0.034284 1
3.151171 1.489050 0.073618 1
3.384779 1.483235 0.060383 1
3.411478 1.479483 0.051538 1
3.439847 1.464693 0.058406 1
3.461199 1.448411 0.069944 1
3.488269 1.443051 0.055297 1
3.607618 1.361809 0.042971 1
3.622164 1.338909 0.053035 1
3.644173 1.322097 0.042298 1
3.654920 1.290548 0.062409 1
3.677381 1.273019 0.046067 1
3.749879 0.997395 0.064431 1
3.003542 1.428138 0.066672 1
3.182323 1.490347 0.056530 1
3.501496 1.414432 0.066642 1
3.528492 1.399290 0.062154 1
3.548826 1.383544 0.062994 1
3.577852 1.369256 0.047903 1
3.744516 1.039185 0.047286 1
3.741327 1.018158 0.056049 1
3.029070 1.433903 0.055681 1
3.048610 1.451952 0.038738 1
3.204012 1.478608 0.059907 1
3.229426 1.470769 0.078269 1
3.727009 1.105175 0.036283 1
3.723879 1.083882 0.050661 1
3.725394 1.063493 0.054257 1
3.073025 1.432945 0.068519 1
3.259122 1.477476 0.039677 1
3.283124 1.464541 0.063297 1
3.701005 1.146050 0.039297 1
3.702610 1.125779 0.048208 1
3.097009 1.437195 0.052127 1
3.306578 1.456158 0.050226 1
3.328723 1.443885 0.068182 1
3.661284 1.210507 0.037945 1
3.665363 1.185812 0.052603 1
3.677747 1.164429 0.046220 1
3.119988 1.427302 0.061486 1
3.142317 1.433853 0.059509 1
3.348094 1.423994 0.076151 1
3.382553 1.425945 0.051109 1
3.400748 1.408357 0.073978 1
3.434328 1.414612 0.032788 1
3.575934 1.303907 0.047155 1
3.596645 1.283993 0.041626 1
3.603233 1.259904 0.062087 1
3.627591 1.247166 0.034788 1
3.633891 1.223495 0.049973 1
3.698695 0.997122 0.044631 1
3.170285 1.435130 0.042498 1
3.447605 1.388726 0.045033 1
3.472789 1.376821 0.040531 1
3.498764 1.365239 0.030617 1
3.514345 1.347425 0.042128 1
3.538930 1.333057 0.031962 1
3.554240 1.315397 0.037666 1
3.680462 1.034319 0.053885 1
3.682432 1.015900 0.052458 1
3.191470 1.415317 0.067591 1
3.212799 1.423065 0.054233 1
3.668597 1.073997 0.041901 1
3.669825 1.055945 0.045717 1
3.235258 1.408754 0.063201 1
3.261159 1.413955 0.049723 1
3.644171 1.109847 0.050528 1
3.659516 1.090229 0.027835 1
3.291471 1.411770 0.020779 1
3.306789 1.397721 0.049692 1
3.608552 1.161076 0.060792 1
3.625805 1.144588 0.038253 1
3.632316 1.128581 0.036806 1
3.330299 1.386816 0.036765 1
3.349719 1.379167 0.043371 1
3.373133 1.371078 0.044979 1
3.570967 1.216046 0.048379 1
3.582209 1.198709 0.047793 1
3.598630 1.178937 0.036089 1
3.394782 1.358417 0.026018 1
3.413996 1.342373 0.043071 1
3.438373 1.336012 0.027589 1
3.453240 1.321701 0.039066 1
3.472899 1.307585 0.040014 1
3.485850 1.291895 0.051300 1
3.503697 1.275977 0.051710 1
3.527144 1.264606 0.029828 1
3.530691 1.241750 0.062133 1
3.543856 1.222180 0.066981 1
-5.671122 18.037624 5.773461 2
-3.197284 18.252823 5.534648 2
-1.491562 17.837206 5.286653 2
0.003963 14.682000 4.434165 2
0.708873 17.828407 5.148895 2
-5.660146 18.009348 5.553178 2
-2.323678 14.209920 4.373908 2
-3.188285 18.221163 5.322999 2
-1.497913 17.851889 5.096858 2
0.011346 14.644218 4.269632 2
1.564852 18.137192 5.001089 2
11.688725 18.353443 5.501544 2
-3.682517 12.992040 4.134480 2
-3.032753 14.310409 4.311602 2
-3.955225 18.065536 5.162855 2
-3.190426 18.219332 5.120265 2
-0.852115 13.535117 3.941145 2
-0.040080 12.674386 3.696474 2
0.005993 14.660123 4.119073 2
1.067431 15.436019 4.233288 2
11.978151 13.256576 4.368014 2
-3.449954 13.777597 3.939678 2
-4.728269 17.884174 4.799971 2
-1.971120 13.359212 3.714288 2
-1.626498 14.029447 3.807238 2
-1.494798 17.817553 4.514394 2
-0.750916 17.830204 4.471116 2
-0.015398 17.815887 4.429938 2
-6.533790 17.895891 4.788922 2
-2.928789 14.073710 3.779431 2
-1.375002 15.112889 3.829115 2
-1.494153 17.807587 4.322707 2
0.881680 17.818701 4.208712 2
1.559702 18.140659 4.249142 2
11.138474 14.279448 3.935959 2
-2.943244 14.098741 3.628181 2
-1.538853 13.784451 3.458261 2
-0.010846 17.775251 4.051312 2
0.881356 17.811155 4.023707 2
12.251628 17.686617 4.395748 2
11.140622 14.279507 3.769022 2
11.258821 13.285330 3.634980 2
-6.511642 17.843470 4.356843 2
-2.932339 14.070216 3.466693 2
-1.495809 17.798193 3.944061 2
0.176407 17.731138 3.852365 2
0.885339 17.773098 3.834347 2
6.091168 19.630331 3.934370 2
12.245806 17.667450 3.984540 2
-6.516371 17.837524 3.938426 2
-3.669663 17.341064 3.641376 2
-2.100644 17.297070 3.533170 2
-0.670691 14.866400 3.117046 2
-0.685462 17.515646 3.491170 2
0.041666 17.480015 3.456502 2
0.920125 17.507061 3.431723 2
-7.330881 17.599195 3.776184 2
-6.374451 17.586182 3.689631 2
-5.467764 17.579451 3.613546 2
-3.816232 17.679937 3.503448 2
-0.707944 17.602173 3.322319 2
0.190534 17.628464 3.292033 2
13.103701 17.557415 3.633146 2
12.766807 14.329621 3.251508 2
-7.402442 17.704350 3.583199 2
-0.571451 17.795589 3.158926 2
0.171115 17.725451 3.124681 2
12.233302 17.631872 3.373272 2
13.113306 17.569170 3.429953 2
-5.581395 17.781496 3.242837 2
-4.665400 17.695374 3.172489 2
-0.566428 17.765572 2.972636 2
11.638116 18.204433 3.192644 2
11.599094 15.026930 2.880200 2
-3.072677 17.818380 2.710466 2
0.853867 17.928259 2.587467 2
-0.621252 17.982349 2.446683 2
-0.625500 17.985058 2.080659 2
-2.089168 17.758007 1.185972 2
3.038767 13.807369 -0.649376 2
0.771179 1.193225 0.017017 2
3.500917 2.968850 -0.049329 2
4.807208 2.003490 -0.014136 2
4.876307 1.373053 0.006523 2
1.793241 1.765544 0.006169 2
4.333119 2.249409 -0.029189 2
1.975864 1.538981 0.023582 2
2.307558 1.571723 0.031582 2
