ply
format ascii 1.0
element vertex 9294
property float x
property float y
property float z
end_header
-67.776611 18.248779 4.925522
-67.687622 18.399902 4.923553
-65.946411 18.445801 4.858902
-62.581055 18.008057 4.729187
-61.918945 17.981934 4.704269
-60.951904 18.184570 4.670303
-60.729980 18.437988 4.664627
-60.455933 18.515625 4.655258
-56.396729 18.189941 4.501678
-56.114502 18.400879 4.490051
-55.831177 18.458496 4.480286
-55.770142 18.588135 4.479507
-55.675537 18.706055 4.477386
-54.736816 18.690918 4.442825
-54.586792 18.787598 4.438446
-54.015503 18.740234 4.417038
-53.133789 18.872314 4.386414
-52.818359 18.905518 4.375336
-52.480591 18.929932 4.363342
-38.880737 14.658936 3.816513
-49.553101 18.710693 4.254364
-49.596069 18.863281 4.257889
-49.430420 18.938232 4.252869
-48.936157 18.888428 4.234390
-48.266357 18.903320 4.210419
-38.682251 15.666748 3.822601
-46.003174 18.679932 4.126144
-45.915039 18.774414 4.124268
-44.527832 18.597900 4.072235
-44.542847 18.730469 4.074631
-44.454834 18.820557 4.072769
-44.188232 18.836670 4.063507
-43.835449 18.814941 4.050659
-43.639526 18.857666 4.044327
-42.791992 18.623047 4.010849
-42.241455 18.510742 3.989700
-41.819824 18.572266 3.975662
-41.839722 18.701660 3.978317
-41.108887 18.502930 3.949539
-40.533569 18.486572 3.929031
-39.961182 18.700928 3.912231
-38.179443 18.683350 3.849777
-32.180786 38.630127 4.139297
-32.059814 44.325928 4.309174
-32.020874 44.493652 4.313538
-32.071655 44.783936 4.323730
-15.166260 22.779053 3.259430
-7.036621 17.817139 2.940384
-6.962280 17.767334 2.937515
-6.915039 17.776123 2.937103
-6.867676 17.784668 2.936722
-6.704468 17.761230 2.933472
-6.612549 17.782471 2.932922
-6.553711 17.762939 2.931396
-5.038574 14.376709 2.788269
-6.457153 17.772949 2.930374
-6.412476 17.785400 2.930206
-6.372314 17.808838 2.930496
-6.377441 17.939697 2.935303
-6.386719 18.081787 2.940552
-5.031494 14.944824 2.808640
-6.304565 18.128174 2.941116
-6.256714 18.135010 2.940720
-6.226807 18.185303 2.942139
-6.143799 18.105225 2.938110
-6.107178 18.138672 2.938858
-6.053101 18.128662 2.937790
-5.990234 18.096924 2.935806
-5.822876 17.798096 2.922760
-5.760986 17.765625 2.920776
-5.705811 17.749268 2.919479
-5.661255 17.760254 2.919312
-5.612671 17.760010 2.918686
-5.563721 17.759521 2.918060
-5.517334 17.764648 2.917664
-5.073486 17.732666 2.911194
-5.023438 17.725342 2.910339
-4.806885 17.645020 2.904922
-4.759033 17.642334 2.904312
-4.481079 17.659424 2.901733
-3.905884 16.000488 2.833832
-4.389526 17.663818 2.900955
-4.275024 17.742188 2.902725
-4.210205 17.682373 2.899841
-4.169678 17.700684 2.900116
-3.781616 17.788818 2.899765
-3.416138 17.783691 2.896439
-3.363159 17.754883 2.894897
-3.316528 17.748535 2.894302
-3.093262 17.755371 2.892792
-2.661865 17.823486 2.892334
-2.598389 17.735352 2.888519
-2.378174 17.739258 2.887268
-1.908569 17.565674 2.877930
-1.880737 17.653809 2.881195
-1.849487 17.724609 2.883759
-1.809204 17.742920 2.884293
-1.755127 17.681152 2.881622
-1.701416 17.618896 2.878967
-1.330322 17.734619 2.881882
-0.934570 17.668945 2.877945
-0.890137 17.656494 2.877350
-0.796997 17.590576 2.874527
-0.468262 16.078369 2.814743
-0.619629 17.933105 2.887451
-0.582031 17.990234 2.889572
-0.538452 17.988525 2.889420
-0.492798 17.963623 2.888367
-0.447754 17.944336 2.887512
-0.405518 17.954102 2.887817
-0.360474 17.934570 2.886978
0.297485 17.698730 2.877151
0.384644 17.650391 2.875229
0.425415 17.681396 2.876450
0.511841 17.638428 2.874771
0.638794 17.631348 2.874527
0.679443 17.679199 2.876465
0.722290 17.657227 2.875610
0.890015 17.719727 2.878220
0.932251 17.714844 2.878067
0.974854 17.692139 2.877228
1.114014 16.014160 2.811615
1.152222 16.002686 2.811234
1.185791 17.834229 2.883133
1.228394 17.635254 2.875397
1.270630 17.629150 2.875259
1.312744 17.664307 2.876724
1.354736 17.622803 2.875198
1.440430 17.762695 2.880859
1.481934 17.686279 2.877945
7.568115 28.805908 3.353317
8.850464 21.505859 3.095367
11.778198 18.250488 3.034241
11.830566 18.240723 3.035080
11.885864 18.235840 3.036133
11.932373 18.216064 3.036484
12.023193 18.271240 3.040405
12.690308 19.093994 3.083145
12.759888 19.107178 3.085159
12.775269 19.029785 3.082916
12.784180 18.942139 3.080200
12.880615 18.897461 3.080933
12.919678 18.860107 3.080582
12.967773 18.837402 3.080933
12.997192 18.785156 3.079880
13.032715 18.742188 3.079300
13.096069 18.744385 3.080841
13.100220 18.651855 3.077896
13.204346 18.717773 3.082520
13.091553 18.442871 3.070786
11.260132 15.496094 2.930252
13.252319 18.499756 3.076492
13.299805 18.476562 3.076843
13.362183 18.380127 3.075211
13.428345 18.385498 3.076996
13.456177 18.332764 3.075928
13.467529 18.255127 3.073669
13.604492 18.177734 3.074539
13.710938 18.148193 3.076218
13.777466 18.152344 3.078003
13.568237 17.756592 3.060074
13.687256 17.838379 3.065643
13.923950 18.087402 3.079559
13.668091 17.630859 3.058533
12.470215 15.841553 2.971130
13.853638 17.715332 3.065903
13.912964 17.709717 3.067215
14.012939 17.760254 3.071396
14.134399 17.485840 3.065811
14.217651 17.511719 3.068817
14.597046 17.937012 3.092026
14.741455 18.041748 3.099045
14.819336 18.056885 3.101547
14.880005 18.048096 3.102875
15.014771 18.137207 3.109207
15.040283 18.081299 3.108139
15.090454 18.058105 3.108749
15.158569 18.057861 3.110550
15.542236 17.930908 3.116943
15.566528 17.874268 3.115875
15.623901 17.858643 3.116959
15.629761 17.779053 3.114700
15.668701 17.740723 3.114594
15.699829 17.693115 3.113998
15.753174 17.672363 3.114853
15.787842 17.628906 3.114517
15.822510 17.585449 3.114166
15.856934 17.541992 3.113815
15.917480 17.530518 3.115128
15.948120 17.481934 3.114532
15.974976 17.429443 3.113708
16.050415 17.434814 3.115997
16.126099 17.439697 3.118286
16.190430 17.431641 3.119843
16.330811 17.427246 3.123688
16.410645 17.435791 3.126221
16.486816 17.439697 3.128494
16.559326 17.439209 3.130539
16.608521 17.411377 3.131149
16.669556 17.397461 3.132477
16.757446 17.413086 3.135498
16.822266 17.403076 3.137039
46.726807 18.019043 4.225967
48.375000 18.031250 4.291611
48.467163 17.938232 4.294067
48.810791 17.940430 4.307800
49.121948 17.928467 4.320068
49.307129 17.868652 4.326675
50.083862 17.895264 4.358078
43.668213 15.083740 4.065918
42.050903 14.289062 3.991272
43.012939 14.516602 4.032715
53.279175 17.821045 4.485550
53.308228 17.555908 4.483627
53.305664 17.417969 4.481918
54.274292 17.324951 4.520035
42.054321 13.001709 3.976547
42.278076 12.859375 3.984085
43.928467 13.267822 4.055542
42.630859 12.434570 3.993942
42.492310 12.286621 3.986755
60.270752 17.297852 4.763794
60.845459 17.312988 4.787476
62.680786 17.218262 4.861725
63.251465 17.220459 4.885162
63.298218 17.075684 4.885696
63.299316 16.917969 4.884262
63.249268 16.746338 4.880630
64.267334 16.542969 4.920670
37.838745 -3.328369 3.739182
53.341309 -4.870117 4.402191
53.021362 -5.087158 4.389832
52.887329 -5.196777 4.384735
37.437378 -3.722168 3.724289
50.348999 -5.292236 4.278137
50.289917 -5.403076 4.276306
50.289062 -5.520020 4.276932
51.604980 -5.909668 4.334778
51.730469 -6.045654 4.340897
37.049072 -4.365967 3.711716
72.520142 -9.058350 5.235886
51.749512 -6.653320 4.345627
51.607910 -6.876953 4.341187
51.806152 -7.025879 4.350555
37.240234 -5.079834 3.724518
71.435669 -10.103027 5.197449
34.085083 -4.789795 3.589828
33.929321 -4.845703 3.583710
34.848877 -5.145020 3.624557
34.773315 -5.214355 3.621902
34.772705 -5.295166 3.622482
34.748901 -5.372070 3.622086
34.707397 -5.446533 3.620926
32.680786 -5.190674 3.533966
35.085571 -5.672119 3.638565
25.073853 -4.041016 3.206085
24.937622 -4.074951 3.200653
34.613281 -5.835205 3.620148
34.467163 -5.890137 3.614487
34.487915 -5.974365 3.616074
34.675415 -6.089844 3.624893
36.294556 -6.472168 3.695877
35.612671 -6.429199 3.667007
34.746948 -6.348145 3.630157
34.680542 -6.416748 3.628006
34.694336 -6.501465 3.629333
24.613647 -4.586426 3.191559
24.367798 -4.594482 3.181381
24.919067 -4.762695 3.205917
33.108032 -6.503174 3.563278
36.265625 -7.238037 3.701706
33.369385 -6.714600 3.576187
32.995728 -6.870605 3.562195
33.083984 -7.125732 3.568436
33.055908 -7.197754 3.568008
37.949097 -8.860107 3.788162
37.570312 -8.858887 3.772522
37.203125 -8.858887 3.757355
36.875977 -8.866455 3.743927
32.134033 -8.769531 3.548004
31.838135 -8.762939 3.535812
31.547852 -8.756592 3.523895
31.263550 -8.750488 3.512207
31.001953 -8.749268 3.501511
30.768311 -8.755615 3.492065
30.551758 -8.766113 3.483383
30.161865 -8.722900 3.466919
29.962402 -8.735840 3.458969
28.976074 -8.719482 3.418686
28.766113 -8.723877 3.410233
28.523071 -8.716553 3.400269
28.246582 -8.697754 3.388824
28.081543 -8.714111 3.382370
27.855713 -8.709229 3.373169
23.322510 -8.736328 3.192062
23.166382 -8.733643 3.185837
23.010376 -8.729980 3.179611
22.859863 -8.728027 3.173630
22.709717 -8.725098 3.167648
22.537964 -8.713135 3.160660
22.436523 -8.729004 3.156952
22.248901 -8.708740 3.149200
22.131470 -8.716797 3.144730
13.920288 -5.529541 2.767593
13.944702 -5.575928 2.769363
13.963745 -5.619629 2.770874
13.956177 -5.651611 2.771149
20.063232 -8.686035 3.063492
13.907959 -5.843506 2.772781
19.826660 -8.681396 3.054276
19.706177 -8.677002 3.049530
19.585449 -8.672119 3.044800
19.486206 -8.677002 3.041061
19.386841 -8.681152 3.037338
19.255981 -8.669922 3.032104
19.109985 -8.650146 3.026093
19.031738 -8.663330 3.023346
18.943481 -8.670898 3.020126
18.813232 -8.657715 3.014877
18.724976 -8.664307 3.011642
18.621216 -8.662842 3.007645
18.522705 -8.663574 3.003906
18.408691 -8.656250 2.999420
18.268799 -8.634766 2.993668
18.129028 -8.612549 2.987915
18.114136 -8.654541 2.988190
18.062744 -8.677979 2.986725
16.198730 -9.471191 2.934906
16.221436 -10.138672 2.951630
16.188232 -10.218506 2.952408
16.241333 -10.306641 2.956436
16.182495 -10.421631 2.957214
16.181519 -10.685547 2.962128
16.187622 -10.796875 2.965134
16.190674 -10.852539 2.966660
16.172119 -11.054443 2.971207
12.900146 -8.670898 2.797607
16.188477 -11.285645 2.977737
16.140747 -11.415283 2.979523
16.193115 -11.567871 2.985306
16.184448 -11.730225 2.989334
16.120361 -11.735596 2.987335
14.384277 -10.440674 2.894516
16.082520 -11.876221 2.989853
14.362671 -10.523926 2.896027
13.846558 -10.496094 2.878235
13.458496 -10.312012 2.860428
13.302002 -10.323730 2.855652
13.310791 -10.429688 2.858917
12.811157 -10.521973 2.845612
-10.446655 -8.110107 2.773666
-10.891724 -8.065674 2.787140
-10.950195 -8.060791 2.788940
-11.616089 -8.046631 2.810684
-11.770386 -8.095947 2.816940
-11.868408 -8.067139 2.819580
-11.952759 -8.073486 2.822540
-12.027222 -8.073486 2.825043
-12.160889 -8.063477 2.829315
-33.445435 -20.271973 3.813446
-35.847900 -20.832520 3.906860
-35.973999 -20.785400 3.910141
-36.151001 -20.766113 3.915771
-35.503662 -20.068848 3.878998
-35.519897 -19.963623 3.877350
-29.381348 -11.603516 3.505310
-33.093628 -12.237549 3.651154
-33.210815 -12.185791 3.654678
-33.184937 -11.898682 3.649475
-33.096191 -11.776367 3.644394
-33.181885 -11.345703 3.641357
-33.095337 -11.135254 3.635178
-30.914185 -10.268799 3.542068
-32.988525 -10.829346 3.626968
-31.006714 -10.127441 3.543579
-33.245850 -10.727783 3.635162
-30.941650 -9.937500 3.538589
-33.116333 -10.507324 3.627365
-42.150513 -7.502197 3.937988
-44.725342 -7.488037 4.036957
-51.101074 -7.743408 4.284744
-42.634644 -6.396973 3.947800
-65.731079 -7.117676 4.846756
-71.310059 18.087891 4.863098
-71.031616 18.564453 4.857117
-67.717529 18.234131 4.738525
-66.070679 18.138916 4.680237
-66.049927 18.304443 4.680908
-65.933838 18.614502 4.679550
-62.505249 17.987305 4.554718
-61.932983 17.987305 4.534836
-60.992310 18.038574 4.498672
-60.915039 18.175781 4.497284
-60.804321 18.302979 4.494644
-58.057861 17.643066 4.393509
-56.447876 18.058350 4.342133
-56.149170 18.263184 4.333969
-55.805786 18.451172 4.324127
-55.727905 18.575439 4.322754
-54.783203 18.560547 4.290298
-54.672363 18.670166 4.287704
-54.006592 18.592773 4.264145
-53.562988 18.588135 4.248947
-53.180908 18.745605 4.237671
-53.141235 18.875977 4.237793
-40.085327 14.550537 3.745621
-52.056641 18.923340 4.201508
-49.560303 18.714600 4.114624
-49.037476 18.792236 4.097931
-48.855469 18.859375 4.092606
-48.372925 18.811279 4.075790
-45.933594 18.653809 3.992081
-44.524292 18.471680 3.942703
-44.489990 18.709961 3.944672
-44.363770 18.784424 3.941467
-43.647705 18.737793 3.917068
-42.297119 18.414551 3.868011
-41.973267 18.397949 3.857071
-41.934570 18.502197 3.857224
-41.228882 18.437012 3.833054
-40.336304 18.400635 3.803192
-40.003906 18.369629 3.791855
-38.549072 18.630859 3.748169
-38.208496 18.584473 3.736435
-36.100708 33.704102 3.975937
-35.553101 33.687012 3.961212
-32.175781 37.175537 3.967209
-32.031128 44.512207 4.170258
-32.066040 45.228271 4.191895
-16.832886 24.984131 3.285583
-14.646851 22.058350 3.154938
-7.007446 17.760254 2.887222
-6.940308 17.726807 2.885147
-6.890869 17.729980 2.884583
-6.742188 17.738770 2.882843
-6.631470 17.717285 2.880646
-6.584229 17.724854 2.880264
-6.539673 17.738281 2.880112
-4.949951 14.179443 2.739853
-6.441040 17.742188 2.878952
-6.385010 17.728027 2.877747
-6.347046 17.756348 2.878235
-6.350098 17.882080 2.882492
-6.311768 18.031250 2.887039
-6.272949 18.060059 2.887512
-5.010620 15.105225 2.771835
-4.943604 15.044189 2.768936
-6.332397 18.578857 2.905823
-6.307617 18.645508 2.907776
-4.453735 14.130615 2.731964
-6.007080 18.147705 2.887238
-4.928467 15.534912 2.785400
-5.745728 17.734863 2.870041
-5.703247 17.750977 2.870117
-5.654663 17.751221 2.869537
-5.549438 17.603027 2.863266
-5.506470 17.744629 2.867584
-4.839478 17.622559 2.855911
-4.791748 17.620117 2.855331
-4.460449 17.605713 2.851517
-4.425415 17.641113 2.852432
-4.255127 17.688232 2.852463
-4.163696 17.691406 2.851746
-4.104492 17.647949 2.849670
-3.761719 17.728516 2.849564
-3.719360 17.739990 2.849609
-3.405762 17.757080 2.847733
-3.351929 17.722656 2.846100
-3.265625 17.738281 2.846024
-3.041260 17.739014 2.844421
-2.651611 17.791016 2.843765
-2.590576 17.714355 2.840637
-2.367188 17.700928 2.838852
-1.432617 17.573242 2.829895
-1.400757 17.648926 2.832504
-1.357788 17.649414 2.832352
-0.878906 17.588379 2.828674
-0.823120 17.477051 2.824493
-0.794678 17.598633 2.828812
-0.617310 17.940918 2.840927
-0.574951 17.950928 2.841202
-0.532715 17.961182 2.841492
-0.490356 17.970947 2.841782
-0.446777 17.969482 2.841644
-0.404419 17.979004 2.841934
-0.358887 17.953613 2.840942
0.346802 17.626465 2.828491
0.388794 17.634766 2.828766
0.432495 17.595459 2.827362
0.727295 17.588623 2.827240
0.767456 17.666016 2.830109
0.803955 17.900879 2.838745
1.060913 17.864258 2.837723
1.103394 17.864502 2.837814
1.146729 17.806641 2.835724
1.188965 17.841797 2.837097
1.316772 17.853271 2.837769
1.359497 17.847412 2.837631
1.402222 17.846924 2.837723
1.445312 17.887207 2.839310
1.487671 17.869385 2.838745
9.031128 22.010010 3.056213
12.053711 20.377930 3.053238
12.550415 20.029053 3.052017
11.717773 18.443359 2.984436
11.724121 18.352783 2.981674
11.744751 18.287354 2.980026
11.776733 18.242188 2.979248
11.826294 18.227295 2.979813
11.872559 18.207031 2.980179
11.930786 18.207275 2.981400
12.006958 18.237549 2.983948
12.912720 19.673584 3.048309
12.980469 19.680908 3.050003
13.024414 19.648682 3.049896
13.074219 19.625488 3.050247
13.130127 19.612793 3.051041
13.161621 19.559570 3.050079
13.177856 19.481445 3.047974
13.221191 19.448486 3.047882
13.267700 19.419922 3.048004
13.292603 19.356689 3.046600
13.338745 19.327881 3.046722
13.421509 19.256104 3.046310
13.442505 19.187988 3.044662
13.568359 19.183838 3.047379
13.582520 19.105957 3.045273
13.580688 19.002930 3.042084
13.603516 18.939453 3.040649
13.706665 18.900635 3.041794
13.732422 18.841553 3.040588
13.790405 18.831543 3.041611
13.893433 18.889648 3.045746
13.811646 18.669922 3.037201
13.862793 18.650146 3.037766
13.933472 18.659424 3.039673
14.025879 18.603760 3.040161
14.117798 18.548340 3.040634
14.208618 18.585205 3.043869
14.336792 18.674316 3.049576
14.280762 18.406738 3.040268
14.324829 18.375977 3.040390
14.382080 18.364014 3.041412
14.453247 18.371094 3.043320
14.572266 18.444092 3.048355
14.727051 18.289551 3.047516
14.709717 18.084961 3.041077
14.707397 17.991943 3.038315
14.859863 18.016846 3.042816
15.013062 18.041260 3.047318
15.077393 18.036621 3.048782
15.159546 18.054688 3.051361
15.524902 17.905273 3.056290
15.560547 17.862305 3.055969
15.599243 17.823730 3.055893
15.645508 17.794434 3.056229
15.673218 17.742432 3.055466
15.697021 17.685547 3.054474
15.743042 17.656006 3.054825
15.781494 17.617188 3.054733
15.819824 17.578125 3.054626
15.865479 17.548340 3.054977
15.899780 17.504883 3.054672
15.941528 17.469971 3.054810
15.990723 17.444092 3.055374
16.043823 17.423096 3.056183
16.123169 17.432617 3.058563
16.176025 17.410889 3.059357
16.323975 17.415527 3.063416
16.396240 17.415283 3.065338
16.480103 17.427979 3.067932
16.548462 17.423340 3.069626
16.617188 17.417725 3.071320
16.681885 17.407715 3.072815
16.746704 17.397705 3.074280
36.279663 17.038086 3.702164
65.190308 28.023193 4.914627
65.188965 27.661865 4.909607
47.050171 18.145508 4.112793
47.131348 18.052002 4.114639
47.174316 17.943359 4.114899
41.906250 15.768311 3.891281
48.464355 17.935303 4.162994
48.797119 17.933350 4.175430
49.042603 17.897461 4.184174
49.353882 17.884521 4.195709
49.720093 17.890381 4.209518
44.287354 15.763428 3.980423
51.177246 17.894043 4.264389
43.929077 15.175049 3.960129
41.792358 14.304688 3.869644
52.435669 17.937256 4.312347
42.898926 14.475342 3.913345
53.106812 17.897461 4.337280
53.332153 17.837402 4.345139
53.246948 17.670898 4.340118
53.316895 17.557129 4.341522
42.830566 13.901855 3.904495
42.780273 13.775879 3.901260
54.249390 17.315186 4.374390
42.453857 13.235596 3.883179
42.106567 13.016846 3.867706
42.628296 13.075928 3.888199
54.943848 16.842041 4.395981
55.017334 16.725098 4.397644
56.883301 16.730957 4.469086
59.266235 17.300049 4.565826
44.012085 12.519531 3.935745
62.328247 17.273926 4.683228
63.233154 17.214111 4.717514
63.403931 17.103271 4.723145
54.386230 14.480469 4.352585
63.309814 16.761230 4.716568
57.065796 14.928955 4.459869
59.578613 14.425293 4.553116
60.164307 14.126953 4.573593
58.814453 12.512207 4.509537
60.650024 11.593262 4.575623
50.444336 -5.302490 4.154053
50.298340 -5.403564 4.148819
51.146362 -5.617188 4.183578
51.572632 -5.906006 4.202148
37.234619 -4.302490 3.625351
37.364990 -4.490967 3.631668
36.791748 -4.504395 3.609085
51.953247 -6.558594 4.221146
54.005127 -7.332520 4.307175
31.959961 -4.404053 3.417572
33.848389 -4.755127 3.494461
33.883545 -4.838867 3.496429
33.826416 -4.908691 3.494659
34.808838 -5.219238 3.535583
34.843262 -5.305908 3.537537
25.389526 -3.919922 3.155212
34.776245 -5.538818 3.536667
34.336548 -5.545410 3.519424
33.706787 -5.517822 3.494446
36.089111 -6.094727 3.592575
34.537354 -5.902344 3.530090
34.376953 -6.034668 3.524872
34.633057 -6.163086 3.535995
35.118896 -6.335938 3.556473
34.650513 -6.329102 3.538040
34.614624 -6.485596 3.537994
25.015381 -4.665527 3.146515
25.234131 -4.767334 3.155945
25.125488 -4.803711 3.152008
24.409790 -4.771973 3.123779
36.353149 -7.342041 3.613571
36.187134 -7.479004 3.608353
36.931396 -7.991943 3.642273
32.754272 -7.128662 3.471313
24.624878 -5.334229 3.137451
24.463257 -5.411621 3.131927
37.702148 -8.890625 3.681259
37.221313 -8.862549 3.662323
32.793335 -8.717041 3.489731
30.783936 -8.683838 3.412216
23.047241 -8.684326 3.119781
22.896729 -8.682617 3.114166
22.741211 -8.677979 3.108322
22.601562 -8.679688 3.103180
22.387695 -8.708008 3.095718
22.173340 -8.675537 3.087280
13.953735 -5.507812 2.732986
13.954712 -5.578613 2.734192
13.957886 -5.615479 2.734924
13.939453 -5.642578 2.734711
13.947510 -5.681885 2.735687
13.931396 -5.745605 2.736176
20.057007 -8.628174 3.008881
19.841675 -8.633789 3.001160
18.921509 -8.607422 2.967453
18.854370 -8.625488 2.965347
18.708496 -8.603516 2.959717
18.625610 -8.613037 2.956909
18.408081 -8.604004 2.948944
18.330566 -8.614502 2.946365
18.118652 -8.605713 2.938629
18.036255 -8.612305 2.935822
17.927979 -8.605713 2.931839
16.215576 -9.430908 2.889069
16.205566 -10.076416 2.901489
16.139038 -10.133057 2.900574
16.134521 -10.232178 2.902710
16.148560 -10.345703 2.905807
16.176636 -10.417480 2.908417
16.203735 -10.541260 2.912186
16.225220 -10.662354 2.915741
16.179932 -10.735596 2.916000
16.207153 -10.916504 2.921204
16.174683 -11.000000 2.922165
16.174194 -11.108643 2.924789
16.180786 -11.167969 2.926437
16.202515 -11.294434 2.930206
16.149170 -11.363770 2.930222
16.196411 -11.456055 2.934006
16.234375 -11.597900 2.938721
16.047363 -11.618408 2.933319
16.046875 -11.787842 2.937592
13.942627 -10.525146 2.839783
13.608643 -10.340088 2.824692
13.646729 -10.422363 2.828003
13.467285 -10.317383 2.819748
13.462769 -10.412354 2.822113
13.227417 -10.255371 2.810791
13.383179 -10.441895 2.820465
13.161621 -10.295166 2.809860
13.004150 -10.498779 2.810562
12.980469 -10.576904 2.811966
12.912842 -10.564209 2.809616
9.561401 -8.423584 2.652542
-10.463745 -8.082031 2.735626
-11.728516 -8.072266 2.774307
-11.866821 -8.068115 2.778534
-11.946045 -8.071289 2.781082
-33.420532 -20.481934 3.711700
-33.451172 -20.276855 3.708389
-33.401978 -20.138184 3.704010
-34.740967 -20.334229 3.750290
-35.769409 -20.674561 3.789719
-35.899902 -20.630859 3.793015
-35.606201 -20.240234 3.775894
-35.499023 -20.068115 3.769073
-35.536011 -19.973877 3.768402
-38.017334 -19.051514 3.831390
-29.348145 -11.592529 3.417831
-33.026001 -11.296387 3.540009
-33.007812 -11.199463 3.538071
-33.004395 -11.016357 3.535538
-32.990845 -10.921631 3.533829
-33.080933 -10.768555 3.534973
-32.961548 -10.372314 3.525772
-42.157715 -7.503906 3.822601
-46.495361 -7.656006 3.979645
-51.026733 -7.860840 4.144226
-42.586304 -6.498291 3.830322
-60.851929 -7.205811 4.494492
-64.786011 -7.018555 4.635757
-64.653320 -6.208984 4.626480
-66.566406 -5.896973 4.694229
-69.820923 -0.456055 4.750824
-71.039917 18.564453 4.601105
-67.720459 18.232666 4.493622
-67.574829 18.368652 4.490036
-65.979004 18.282959 4.438995
-65.946167 18.445068 4.439224
-61.867432 17.966309 4.307022
-61.003418 17.879150 4.279160
-60.937988 18.019531 4.278275
-60.979004 18.191162 4.280975
-60.795288 18.296631 4.276093
-60.695068 18.426514 4.274048
-58.017090 17.780518 4.184723
-56.427124 18.048340 4.137390
-56.311401 18.161621 4.134811
-56.212158 18.280029 4.132797
-56.051147 18.378174 4.128677
-55.684692 18.557861 4.118942
-55.623779 18.687012 4.118271
-55.062378 18.649658 4.100510
-54.662476 18.663818 4.088257
-54.584595 18.784668 4.087021
-53.093384 18.712891 4.037003
-53.120483 18.866211 4.039368
-53.014404 18.973389 4.037201
-52.466919 18.924072 4.019897
-52.393921 19.041260 4.018845
-51.858276 18.991943 4.001923
-50.557861 18.663818 3.958694
-50.166748 18.660156 3.946686
-39.709839 15.181885 3.590393
-49.273804 18.877930 3.921768
-48.894653 18.871338 3.910141
-48.756470 18.954590 3.906845
-38.715210 15.243652 3.560822
-46.726562 18.572998 3.840973
-45.835083 18.740967 3.815918
-38.254028 15.821289 3.553391
-44.551392 18.480225 3.774170
-38.513306 16.253906 3.566269
-44.423706 18.806396 3.774170
-43.886841 18.709961 3.756897
-43.766724 18.784668 3.754196
-43.414307 18.761475 3.743362
-42.507446 18.500977 3.713043
-41.973022 18.395020 3.695786
-41.831543 18.575684 3.693787
-41.786987 18.677490 3.693726
-41.018799 18.461670 3.668152
-40.760376 18.467041 3.660538
-40.502319 18.471436 3.652924
-40.212280 18.459961 3.644180
-39.975708 18.471191 3.637344
-39.335205 18.646729 3.620682
-39.290894 18.742188 3.620636
-38.202759 18.578857 3.586487
-36.106567 33.704102 3.803177
-35.956787 33.729248 3.800201
-35.280518 33.591064 3.781235
-32.035767 44.732422 3.985031
-16.497437 23.905518 3.144699
-16.888306 25.053467 3.182434
-14.684814 22.103760 3.063400
-7.073364 17.780273 2.821289
-7.011353 17.757568 2.819794
-6.961548 17.760742 2.819290
-6.902100 17.742676 2.818024
-6.845459 17.729736 2.816925
-6.790894 17.721924 2.816025
-6.691895 17.727539 2.814987
-6.656738 17.762207 2.815613
-6.593018 17.732422 2.813950
-5.053223 14.311523 2.691864
-6.489624 17.726074 2.812531
-6.438110 17.722900 2.811829
-6.354248 17.879150 2.815613
-6.376953 18.053223 2.821213
-6.311279 18.017090 2.819366
-6.295044 18.099854 2.821701
-6.243042 18.095703 2.821014
-4.660522 14.336182 2.688110
-6.428711 18.803467 2.844772
-6.183105 18.322021 2.827271
-6.085083 18.203125 2.822571
-4.531860 14.412354 2.689072
-5.789917 17.709473 2.804184
-5.754150 17.742188 2.804810
-5.696899 17.720459 2.803528
-5.622925 17.654785 2.800720
-5.502563 17.719482 2.801468
-5.453979 17.718506 2.800949
-5.389404 17.673828 2.798920
-5.353149 17.706055 2.799530
-5.000000 17.651855 2.794418
-4.973267 17.710693 2.796005
-4.917603 17.686768 2.794708
-4.860229 17.656982 2.793243
-4.478638 17.634521 2.789154
-4.449219 17.687012 2.790558
-4.410156 17.711182 2.791000
-4.045166 17.584229 2.783737
-3.727051 17.747803 2.786560
-3.401489 17.719482 2.783340
-3.349243 17.690674 2.782059
-3.263184 17.706543 2.781998
-3.229248 17.750977 2.783218
-3.050049 17.752441 2.782135
-2.686157 17.720947 2.779022
-2.636475 17.696045 2.777939
-2.428345 17.757812 2.778839
-1.530518 17.614746 2.770401
-1.484985 17.597900 2.769714
-0.843872 17.606934 2.768280
-0.803223 17.623779 2.768738
-0.763672 17.651367 2.769577
-0.709961 17.551270 2.766174
-0.661621 17.898193 2.777512
-0.627319 17.983887 2.780304
-0.583618 17.982422 2.780182
-0.532227 17.899170 2.777359
-0.499878 18.013916 2.781097
-0.460205 18.052979 2.782333
-0.413330 18.016113 2.781052
-0.366821 17.979248 2.779785
-0.324341 17.988525 2.780060
-0.282349 18.003906 2.780518
0.301636 17.573730 2.766022
0.387573 17.543213 2.764999
0.429199 17.551025 2.765274
0.470581 17.564453 2.765747
0.511841 17.583496 2.766403
0.554199 17.573730 2.766098
0.595581 17.593018 2.766724
0.638794 17.559326 2.765656
0.679810 17.589600 2.766708
0.722534 17.561523 2.765823
0.765747 17.521973 2.764526
0.798950 17.885742 2.776627
1.397095 17.901611 2.778137
1.439819 17.889160 2.777832
1.482056 17.859619 2.776947
1.524780 17.859131 2.777008
1.567993 17.899170 2.778473
1.611206 17.915771 2.779129
7.553467 28.749268 3.173355
9.040405 22.051514 2.977341
12.408447 20.938721 2.996796
12.471924 20.937988 2.997940
12.830078 20.884766 3.002945
12.888184 20.872803 3.003708
12.952393 20.870361 3.004868
11.666626 18.465088 2.911270
11.702148 18.425537 2.910782
11.685547 18.293945 2.906677
11.729126 18.269287 2.906799
11.763916 18.229004 2.906326
11.810303 18.209229 2.906647
11.853882 18.184326 2.906754
11.917847 18.194580 2.908295
11.990967 18.219727 2.910416
13.452881 20.598145 3.006607
13.496094 20.559326 3.006348
13.629150 20.671143 3.012100
13.572876 20.466064 3.005203
13.582520 20.371826 3.002716
13.661255 20.392578 3.004883
13.704102 20.353516 3.004593
13.721924 20.273926 3.002716
13.785522 20.269287 3.003860
13.800171 20.185059 3.001785
13.869751 20.190186 3.003326
13.899414 20.130615 3.002258
14.007690 20.090332 3.003326
14.058838 20.064941 3.003662
14.068726 19.975342 3.001373
14.160645 20.014160 3.004333
14.256104 20.057373 3.007492
14.201782 19.869385 3.001175
14.322876 19.951416 3.005951
14.258179 19.749268 2.999023
14.311646 19.728271 2.999542
14.496094 19.599365 2.999878
14.614990 19.674561 3.004471
14.635498 19.604004 3.002991
14.573364 19.412842 2.996460
14.656128 19.434570 2.998810
14.814941 19.367920 3.000427
14.845093 19.118652 2.994354
15.009399 19.253418 3.001572
14.997559 19.139648 2.998260
15.121704 19.216553 3.003067
15.251953 19.108398 3.003067
15.429077 19.254639 3.010895
15.388306 19.103516 3.005951
15.493042 19.149902 3.009537
15.367554 18.885986 2.999741
15.331909 18.744629 2.995209
15.320312 18.636719 2.992096
15.511841 18.705322 2.998245
15.545898 18.657471 2.997772
16.129639 18.857910 3.016449
16.084229 18.708008 3.011505
15.943237 18.439209 3.001266
15.859497 18.244385 2.994278
15.851929 18.145752 2.991577
15.895020 18.111328 2.991699
15.923584 18.058594 2.991013
15.815308 17.837646 2.982803
15.942993 17.907471 2.987610
16.082153 17.990234 2.993042
16.385742 18.270996 3.007431
16.321167 18.104736 3.001648
16.237061 17.916260 2.994858
16.305908 17.912109 2.996414
16.310913 17.831787 2.994522
16.391357 17.841064 2.996674
16.290161 17.635742 2.989075
16.271484 17.528564 2.985947
16.324463 17.506592 2.986694
16.412109 17.523926 2.989273
16.496094 17.537109 2.991638
16.518921 17.479004 2.990753
16.564209 17.447021 2.991104
16.613647 17.419678 2.991638
16.709473 17.444824 2.994629
17.111206 17.393311 3.003372
47.185547 17.950439 3.946289
48.329590 18.142090 3.987473
48.323730 18.011719 3.985825
48.415771 17.919434 3.987976
48.759399 17.921387 3.999756
49.086914 17.916260 4.010910
49.359985 17.888916 4.019974
49.726196 17.894531 4.032608
41.897339 14.669434 3.729706
51.167114 17.892578 4.082138
42.930298 14.598877 3.764572
52.634155 17.872314 4.132538
53.019531 17.869141 4.145844
53.161621 17.781006 4.149887
42.480957 14.004150 3.743134
53.229248 17.529785 4.149780
53.221191 17.390137 4.148148
43.029785 13.204834 3.754700
41.925049 12.643311 3.711105
42.447144 12.699219 3.729828
42.479492 12.495850 3.729172
56.924316 16.744873 4.271378
60.439453 17.347412 4.399689
54.410522 15.303223 4.171127
55.183472 15.112305 4.196793
63.291992 17.232178 4.499039
57.212769 15.396973 4.270493
59.104370 15.624512 4.338959
63.318481 16.607910 4.495148
57.266846 14.842773 4.268173
66.959473 16.587646 4.623825
59.785645 14.331299 4.353714
59.961792 14.079834 4.358276
59.808594 13.458252 4.348785
60.844604 10.902100 4.371582
53.986938 -3.301758 4.104584
53.906982 -3.546387 4.102570
37.576538 -3.564209 3.510208
37.341187 -3.626953 3.501984
37.551270 -3.821045 3.510544
50.474487 -5.305908 3.985825
36.852905 -3.916748 3.485733
36.942505 -4.012207 3.489487
37.113525 -4.117188 3.496216
51.440063 -5.891113 4.023849
51.565674 -6.026367 4.029129
72.700928 -8.910400 4.809052
33.766724 -4.119385 3.375259
51.838257 -6.544678 4.041931
51.631592 -6.638428 4.035004
38.063477 -4.932129 3.535156
38.260864 -5.047363 3.542953
32.181396 -4.288086 3.319016
38.045898 -5.195068 3.536118
34.043457 -4.705566 3.388748
38.218262 -5.397217 3.543594
33.621826 -4.800537 3.374176
33.645508 -4.882080 3.375549
33.645752 -4.960205 3.376068
33.426025 -5.003906 3.368439
35.275146 -5.375488 3.437485
24.893555 -3.782471 3.053207
24.769409 -3.819336 3.048981
24.951050 -3.905762 3.056107
24.976685 -3.967529 3.057480
33.601440 -5.500732 3.378204
33.519531 -5.564941 3.375717
33.702393 -5.675537 3.383102
24.714478 -4.150391 3.049362
33.445557 -5.786865 3.374695
33.788696 -5.927979 3.388062
34.171997 -6.078613 3.402939
34.715454 -6.260742 3.423813
34.683472 -6.336670 3.423264
33.128906 -6.118164 3.365906
34.550415 -6.474121 3.419586
32.939575 -6.236328 3.360077
33.535156 -6.512207 3.383606
33.332764 -6.628906 3.377350
32.973511 -6.632080 3.364578
33.021118 -6.719971 3.367004
33.091309 -6.813232 3.370300
35.905396 -7.505127 3.476562
36.493408 -7.720215 3.499405
32.450684 -7.060547 3.349686
24.542480 -5.316406 3.052795
24.495850 -5.363281 3.051575
24.380859 -5.393555 3.047760
24.299805 -5.431641 3.045258
24.276001 -5.483154 3.044876
33.285889 -8.774414 3.396011
25.384399 -6.656738 3.095764
32.731689 -8.781494 3.376617
32.491577 -8.792969 3.368301
32.144653 -8.773438 3.355911
31.820557 -8.758545 3.344391
22.571899 -8.669922 3.023682
22.085449 -8.698486 3.007660
13.938843 -5.503906 2.685730
13.936646 -5.537598 2.686172
13.929321 -5.569824 2.686417
13.943115 -5.611084 2.687515
13.919312 -5.636230 2.687103
13.927856 -5.675049 2.687973
13.901123 -5.734131 2.688019
13.898315 -5.768555 2.688477
13.964478 -5.835205 2.691727
13.966675 -5.872070 2.692398
19.797119 -8.668457 2.930649
19.644653 -8.648926 2.925293
19.461060 -8.613525 2.918640
19.304443 -8.642334 2.913940
19.210693 -8.648926 2.910965
19.085327 -8.639404 2.906662
18.991577 -8.644775 2.903687
18.908447 -8.655029 2.901123
18.736694 -8.620117 2.894882
18.575562 -8.590332 2.889099
18.482666 -8.644531 2.886978
18.353027 -8.628906 2.882477
18.249634 -8.625977 2.879044
18.130615 -8.614502 2.874969
18.100098 -8.648926 2.874557
17.965698 -8.628418 2.869843
17.878540 -8.632080 2.867050
16.194458 -9.372070 2.827316
16.147827 -9.391113 2.826248
16.116577 -10.067871 2.839142
16.121826 -10.122803 2.840454
16.165283 -10.204102 2.843491
16.146118 -10.293701 2.844803
16.150391 -10.399902 2.847198
16.134644 -10.493408 2.848724
16.169312 -10.676270 2.853714
16.114380 -10.742188 2.853531
16.155640 -10.933594 2.858948
16.140503 -11.032471 2.859009
16.167725 -11.162109 2.862686
16.148438 -11.590576 2.871780
16.144409 -11.643799 2.872879
16.098633 -11.663574 2.872009
16.034424 -11.725586 2.871597
13.862793 -10.462158 2.780212
13.775879 -10.438232 2.777191
13.880615 -10.577393 2.783432
13.295166 -10.173096 2.757355
13.254028 -10.283447 2.758850
13.227783 -10.358643 2.759949
13.002563 -10.304932 2.752396
12.884277 -10.296387 2.748947
12.838623 -10.303467 2.747864
12.756104 -10.325439 2.746140
12.647461 -10.322754 2.743103
-10.539673 -8.212646 2.689758
-10.500366 -8.144531 2.687271
-11.656494 -8.069824 2.717896
-11.755493 -8.085938 2.720993
-11.784424 -8.059814 2.721313
-11.888794 -8.078125 2.724609
-33.458252 -20.389893 3.570587
-33.467773 -20.172852 3.566757
-33.454224 -20.054688 3.564148
-33.552124 -20.000000 3.565918
-33.660400 -19.950439 3.568085
-33.906372 -19.978027 3.575638
-35.671265 -20.849854 3.642334
-34.714111 -19.978760 3.598831
-35.358765 -18.429688 3.590271
-35.391602 -18.336670 3.589645
-35.424194 -18.243164 3.589035
-35.403809 -18.124268 3.586426
-35.472778 -18.048584 3.587189
-37.995972 -19.039307 3.678391
-38.040771 -18.944824 3.678177
-33.299194 -15.981689 3.488693
-33.245972 -15.857178 3.485123
-33.245972 -15.757324 3.483536
-29.401489 -11.610352 3.305099
-33.095825 -11.226318 3.415054
-32.993774 -11.102539 3.410355
-33.058594 -11.032471 3.411560
-32.962158 -10.730713 3.404892
-33.020752 -10.658447 3.405869
-33.020752 -9.142822 3.389008
-64.508423 -6.989746 4.395767
-65.104248 -6.251221 4.411469
-64.786255 -6.062500 4.400101
-67.238770 -5.955566 4.480118
-69.782959 -0.556396 4.545609
-69.807617 -0.216797 4.545746
-66.089600 18.316650 4.231796
-62.620728 17.858643 4.129471
-61.814209 17.954834 4.107162
-60.924194 18.019043 4.082321
-60.948364 18.186035 4.084244
-60.843018 18.314697 4.082230
-55.748291 18.582764 3.940323
-55.598389 18.682617 3.936951
-55.175781 18.691650 3.925156
-54.004272 18.593018 3.891434
-53.139893 18.732178 3.868454
-53.117065 18.868408 3.869034
-52.469116 18.927734 3.851501
-52.225342 18.984375 3.845215
-51.865723 18.998291 3.835327
-49.656616 18.614502 3.770279
-49.546265 18.710205 3.768143
-49.479614 18.822021 3.767395
-49.456299 18.950195 3.767990
-48.896362 18.875488 3.751755
-48.747192 18.954590 3.748413
-38.352783 15.864502 3.430817
-44.453369 18.696289 3.627747
-43.237549 18.690918 3.594528
-42.238770 18.390869 3.564087
-41.849609 18.467041 3.554352
-41.902222 18.610596 3.557373
-41.793335 18.684326 3.555267
-41.046387 18.478027 3.532730
-40.428101 18.442383 3.515625
-40.271729 18.490723 3.511963
-38.169800 18.681396 3.457962
-36.188232 33.785645 3.657562
-35.216675 33.700928 3.635071
-32.033691 44.741455 3.819901
-16.492432 24.030029 3.059479
-16.384644 24.122559 3.059937
-14.592651 21.987061 2.978394
-7.046143 17.739502 2.761734
-7.001221 17.753662 2.761612
-6.932007 17.714600 2.759750
-6.877441 17.707275 2.758942
-6.721802 17.699707 2.757034
-5.079224 14.113037 2.640396
-6.592407 17.750244 2.757019
-5.054810 14.334229 2.646240
-6.425781 17.713623 2.754242
-6.381104 17.726318 2.754120
-6.354736 17.781982 2.755386
-4.489868 13.474121 2.616501
-6.362549 18.039062 2.762604
-6.314941 18.045898 2.762314
-6.276245 18.074707 2.762711
-6.266479 18.173340 2.765381
-6.320068 18.429199 2.773056
-6.258423 18.403809 2.771744
-6.131470 18.215088 2.765198
-6.038330 18.107178 2.761292
-5.947632 18.004639 2.757523
-5.782227 17.711182 2.747696
-5.735718 17.716553 2.747406
-5.674194 17.684082 2.745895
-5.634155 17.705811 2.746124
-5.495728 17.732910 2.745392
-5.096802 17.691406 2.740662
-5.052612 17.700684 2.740555
-5.010376 17.715332 2.740601
-4.575439 17.682373 2.736099
-4.527710 17.679443 2.735641
-4.481934 17.681641 2.735352
-4.457397 17.750977 2.737152
-4.406250 17.736328 2.736343
-4.055542 17.647461 2.731201
-4.028198 17.710449 2.732834
-3.714233 17.732666 2.731354
-3.398071 17.738037 2.729538
-3.346924 17.715088 2.728561
-3.255005 17.708008 2.727798
-3.215454 17.730225 2.728226
-3.170410 17.729004 2.727951
-3.122314 17.716797 2.727310
-3.032349 17.714111 2.726746
-2.677979 17.722656 2.725174
-2.627197 17.691895 2.724030
-2.415405 17.736084 2.724350
-1.624023 17.712891 2.720703
-1.563354 17.604248 2.717239
-0.653809 17.905518 2.724289
-0.615845 17.956543 2.725754
-0.567139 17.902588 2.724060
-0.522705 17.889160 2.723618
-0.488770 17.986572 2.726501
-0.449585 18.031250 2.727829
-0.404785 18.017822 2.727356
-0.366577 18.073975 2.729034
-0.314697 17.978760 2.726105
-0.273438 17.999512 2.726715
-0.226074 17.950928 2.725189
0.097534 17.610352 2.714813
0.224243 17.606201 2.714691
0.309448 17.593262 2.714310
0.772339 17.599854 2.714798
0.807495 17.881836 2.723343
0.849121 17.929199 2.724838
0.891113 17.976807 2.726334
1.062256 18.049561 2.728775
1.364014 18.056152 2.729507
1.407104 18.055664 2.729599
1.450439 18.061035 2.729858
1.493530 18.077637 2.730484
1.537109 18.083008 2.730728
1.580200 18.082520 2.730804
7.579712 28.861816 3.090759
9.875732 24.585693 2.990417
9.047485 22.047852 2.907867
9.987061 24.527832 2.990158
10.051392 24.523682 2.990860
10.125732 24.546875 2.992447
10.028320 24.096680 2.978439
10.089844 24.086914 2.978943
12.484619 20.945312 2.927765
12.548218 20.944336 2.928833
12.612061 20.943604 2.929871
12.681519 20.952637 2.931290
12.742676 20.946289 2.932159
12.801025 20.934326 2.932861
12.870728 20.942627 2.934280
13.051758 20.916016 2.936691
11.729736 18.255371 2.843887
11.767578 18.220459 2.843643
11.810913 18.195557 2.843765
11.872192 18.200684 2.844986
11.939087 18.216553 2.846573
12.006348 18.231689 2.848160
13.658936 20.932861 2.947861
13.723755 20.928711 2.948914
13.791626 20.929199 2.950165
13.835449 20.889648 2.949936
13.909424 20.899902 2.951538
13.983521 20.910156 2.953156
14.051758 20.909668 2.954407
14.101562 20.879883 2.954529
14.175903 20.889160 2.956146
11.048828 15.728516 2.766235
14.309448 20.882080 2.958466
14.368408 20.866455 2.959167
14.405884 20.815430 2.958557
14.471069 20.809326 2.959625
14.533325 20.797607 2.960495
14.630005 20.840088 2.963409
14.657593 20.774414 2.962250
14.735718 20.786621 2.964050
11.286133 15.364990 2.761459
14.879517 20.791016 2.966934
14.858521 20.651367 2.963013
14.952759 20.687744 2.965729
15.021484 20.684570 2.966980
15.028687 20.588867 2.964706
15.074585 20.551270 2.964661
15.090820 20.469971 2.962967
15.116699 20.403320 2.961807
15.138794 20.331787 2.960464
15.270020 20.419922 2.965225
15.288696 20.343018 2.963715
15.154541 20.045166 2.953659
15.195557 20.002686 2.953430
12.477905 16.004883 2.800674
15.512573 20.252930 2.965927
15.609131 20.185303 2.966217
15.439941 19.845947 2.954498
15.412598 19.707764 2.950562
15.746948 19.676270 2.956619
15.786987 19.632324 2.956406
15.691040 19.405273 2.948914
16.428833 19.228027 2.960251
16.539917 19.274414 2.963745
16.629517 19.293701 2.966110
15.913330 18.300781 2.927368
15.923828 18.225098 2.925827
15.956421 18.176514 2.925400
15.995972 18.137207 2.925354
16.054077 18.120850 2.926224
16.134399 18.131104 2.928223
16.210938 18.136475 2.930023
16.898315 18.882324 2.962387
16.939697 18.840820 2.962326
17.082031 18.920654 2.967316
17.006958 18.739502 2.961487
17.104370 18.764893 2.964233
17.145386 18.722900 2.964188
17.167236 18.658936 2.963211
17.200439 18.607910 2.962784
17.252319 18.579102 2.963303
17.239258 18.474854 2.960648
17.371582 18.538574 2.965073
17.358154 18.434326 2.962402
17.352173 18.338867 2.960114
17.415161 18.322998 2.961182
17.498413 18.242188 2.961273
17.561523 18.225586 2.962341
17.562012 18.138916 2.960434
17.628784 18.040039 2.959778
17.715210 18.049072 2.961960
45.091309 17.485352 3.729614
48.179443 18.079834 3.832352
48.271484 17.987549 3.834335
48.429077 17.919922 3.838623
48.789429 17.928223 3.850037
49.034668 17.892334 3.857391
49.247192 17.842773 3.863617
49.750610 17.899414 3.880051
49.991211 17.857422 3.887238
51.121338 18.005615 3.924316
51.087036 17.859619 3.921890
52.345581 17.903320 3.962173
43.027588 14.518555 3.635849
53.000244 17.858643 3.982544
53.251099 17.670166 3.988876
42.743408 13.980225 3.622040
53.323730 17.420410 3.988998
54.117676 17.408691 4.014252
42.148926 13.135498 3.595886
42.253418 12.848633 3.596878
42.434814 12.799072 3.602295
42.459961 12.699707 3.602310
56.735962 16.827881 4.093399
56.882446 16.729004 4.097321
59.204224 17.279297 4.176300
62.322998 17.270752 4.276855
62.769775 17.239990 4.291061
63.250610 17.217041 4.306442
68.096680 18.225342 4.470444
63.350220 16.612549 4.305511
57.542969 14.770264 4.104660
57.362915 14.581055 4.097565
59.771729 14.324219 4.174362
37.682373 -3.747559 3.406326
37.493286 -3.814453 3.400330
37.129517 -3.861816 3.388474
37.236816 -3.958984 3.392517
50.287964 -5.519775 3.833771
37.235840 -4.130615 3.393311
51.453613 -5.892090 3.874344
51.544312 -6.023438 3.878036
73.974243 -8.894775 4.637421
72.561768 -9.063965 4.591461
36.594971 -4.563965 3.374298
36.874268 -4.685791 3.384232
36.909790 -4.775879 3.385910
38.313354 -5.053955 3.433975
71.453857 -9.767334 4.558685
32.171143 -4.360352 3.226547
34.159180 -4.721436 3.294479
25.000122 -3.456299 2.983856
37.019409 -5.306641 3.392609
33.529907 -4.863525 3.274506
33.530029 -4.941406 3.274994
33.582153 -5.027344 3.277237
33.610840 -5.109863 3.278702
35.187744 -5.442627 3.332901
34.857544 -5.470703 3.322189
24.822998 -3.883789 2.980652
34.895264 -5.639404 3.324539
24.966431 -4.022217 2.986282
35.993042 -5.993164 3.363098
24.699951 -4.089844 2.977951
24.846069 -4.172852 2.983337
24.485107 -4.164795 2.971375
24.924438 -4.301758 2.986816
24.823730 -4.397949 2.984192
32.936157 -6.001953 3.262527
33.077271 -6.106689 3.267944
24.281860 -4.463867 2.966843
24.238770 -4.623779 2.966629
24.549072 -4.743652 2.977722
32.822876 -6.521484 3.262726
33.036621 -6.643799 3.270691
33.261353 -6.770020 3.279068
33.154175 -6.825439 3.275970
33.332520 -6.943115 3.282761
24.000977 -4.965820 2.961533
36.641357 -7.838623 3.398254
32.558960 -7.083984 3.258636
32.964478 -7.254639 3.273300
33.534424 -7.466309 3.293716
24.453979 -5.409424 2.980026
33.953491 -8.791260 3.319366
33.639404 -8.788086 3.309174
33.404419 -8.805176 3.301743
32.983521 -8.769531 3.287811
32.793823 -8.796875 3.281952
32.469116 -8.784912 3.271378
24.318359 -6.532959 2.986053
31.831787 -8.759766 3.250580
31.519043 -8.746826 3.240372
24.524902 -6.769775 2.995102
31.017822 -8.752686 3.224304
22.556152 -8.718506 2.955795
22.411499 -8.716553 2.951279
22.239990 -8.702881 2.945786
22.111938 -8.706543 2.941849
13.931152 -5.602539 2.646149
13.928711 -5.636719 2.646576
13.920898 -5.668701 2.646790
13.907593 -5.698242 2.646820
13.915771 -5.737305 2.647614
13.902466 -5.766602 2.647629
13.894531 -5.798584 2.647858
13.949707 -5.860352 2.650452
19.817505 -8.674805 2.870926
19.602295 -8.625000 2.863602
19.466431 -8.665039 2.860092
19.351440 -8.661621 2.856552
19.215454 -8.647217 2.852203
19.111084 -8.648193 2.849060
19.012207 -8.650635 2.846115
18.908081 -8.650635 2.842972
18.798828 -8.647705 2.839630
18.585938 -8.642334 2.833130
18.456055 -8.627197 2.828995
18.373413 -8.635498 2.826630
18.275024 -8.635254 2.823685
18.156250 -8.623779 2.819931
17.990845 -8.587646 2.814423
17.893066 -8.586182 2.811462
17.785156 -8.627930 2.808914
16.177246 -9.404785 2.775391
16.125244 -10.070801 2.784805
16.140137 -10.183350 2.787415
16.145386 -10.289795 2.789612
16.130737 -10.331299 2.790024
16.236084 -11.653809 2.819717
14.377930 -10.380859 2.743622
14.297241 -10.416016 2.742249
13.829712 -10.377197 2.729172
13.782837 -10.387695 2.728195
13.636597 -10.361816 2.723831
13.501465 -10.295166 2.718857
13.470459 -10.367188 2.719666
13.333496 -10.346680 2.715714
13.175537 -10.305420 2.710754
13.160400 -10.340820 2.711151
13.088013 -10.325684 2.708984
12.917969 -10.270264 2.703415
12.785156 -10.295654 2.700623
12.736816 -10.349121 2.700623
-10.829712 -8.368652 2.656296
-11.709595 -8.106689 2.673691
-11.673340 -8.041748 2.671600
-11.787720 -8.066650 2.674988
-12.059570 -8.052246 2.681732
-12.088379 -8.025146 2.682007
-33.430420 -20.267090 3.447250
-33.427368 -20.154541 3.445206
-33.696411 -19.975586 3.449097
-33.891602 -19.974121 3.454147
-33.496704 -16.786865 3.392044
-33.321045 -16.499756 3.382935
-33.349243 -16.411377 3.382370
-33.302612 -16.288818 3.379257
-33.309204 -16.190918 3.377975
-33.347168 -16.107422 3.377777
-33.368896 -15.716309 3.372604
-33.320190 -15.594971 3.369507
-33.303345 -15.487793 3.367493
-33.296631 -15.385986 3.365845
-33.316650 -15.295898 3.365097
-33.325684 -15.200684 3.363983
-33.323730 -15.101074 3.362518
-33.310547 -14.997314 3.360687
-33.308105 -14.897705 3.359222
-29.357910 -11.597168 3.205215
-33.098633 -11.047607 3.304611
-32.964966 -9.130127 3.280685
-42.338501 -6.462891 3.535110
-43.639404 -6.542725 3.574219
-60.792358 -7.049561 4.087509
-65.320435 -6.915039 4.221848
-71.127808 18.403076 4.169937
-67.706787 18.227783 4.079849
-66.038574 18.297852 4.036942
-62.574951 17.840820 3.944321
-62.267334 17.916504 3.936859
-61.132568 17.755371 3.906448
-61.011108 17.879883 3.904129
-61.002197 18.036865 3.904938
-60.970093 18.187256 3.905106
-57.982666 17.616211 3.824249
-55.774902 18.437012 3.773453
-55.786255 18.589844 3.774902
-55.430542 18.621826 3.766068
-54.935913 18.606445 3.753326
-54.685913 18.670166 3.747452
-54.075562 18.611572 3.731461
-53.692993 18.627197 3.721848
-53.377197 18.664062 3.714127
-53.171875 18.737793 3.709488
-53.121582 18.864258 3.709229
-52.871826 18.921143 3.703354
-52.479126 18.926025 3.693451
-52.196411 18.968750 3.686646
-40.300293 14.843506 3.351883
-50.266846 18.556396 3.634506
-49.897705 18.561035 3.622269
-39.791504 14.990723 3.337952
-49.539551 18.703125 3.614487
-49.077026 18.802979 3.603775
-48.867676 18.859863 3.599045
-48.510620 18.859619 3.590118
-38.459106 15.792969 3.311920
-38.676392 15.989990 3.319138
-37.987061 15.820068 3.300461
-44.550659 18.604492 3.489319
-44.484497 18.703613 3.488647
-44.347778 18.773682 3.485947
-43.859741 18.697021 3.473160
-43.841919 18.814941 3.473862
-43.171387 18.657471 3.455811
-42.329102 18.423828 3.432816
-42.048218 18.425781 3.425903
-41.912598 18.488770 3.423233
-41.911377 18.608887 3.424408
-41.399902 18.507568 3.410873
-40.916382 18.415283 3.398102
-40.652344 18.417969 3.391678
-40.378418 18.414551 3.384964
-39.323853 18.639648 3.361725
-38.564209 18.633301 3.343292
-38.255127 18.601807 3.335495
-36.068115 33.666504 3.510010
-35.786377 33.731689 3.505768
-35.162720 33.639404 3.492065
-32.343140 37.531494 3.515411
-32.112061 39.104004 3.543488
-32.143799 40.683350 3.576782
-31.986328 44.440430 3.654404
-16.441162 24.063721 2.974686
-16.179565 24.064941 2.970795
-14.471313 21.911377 2.898026
-6.661011 17.765137 2.702957
-6.599731 17.740723 2.701752
-5.066650 14.335205 2.601913
-6.514771 17.777832 2.701859
-6.470093 17.790283 2.701767
-6.409180 17.765381 2.700562
-6.366821 17.783203 2.700623
-6.338013 17.833252 2.701630
-6.342773 17.964844 2.704956
-6.306641 17.998535 2.705490
-6.297119 18.097412 2.707901
-6.255981 18.120605 2.708115
-6.256958 18.246338 2.711304
-6.265991 18.394287 2.715118
-6.171875 18.287109 2.711578
-6.071899 18.163086 2.707565
-6.015625 18.147705 2.706680
-4.994507 15.681396 2.635208
-5.726318 17.663574 2.691895
-5.705322 17.734619 2.693527
-5.662964 17.750732 2.693588
-5.597534 17.706787 2.691910
-5.468506 17.749023 2.691940
-5.212402 17.705566 2.688766
-5.166016 17.709717 2.688507
-5.123657 17.724854 2.688568
-5.073486 17.717529 2.687988
-4.616211 17.618896 2.682098
-4.590332 17.682617 2.683578
-4.515869 17.596191 2.680817
-4.506104 17.709961 2.683701
-4.454834 17.695801 2.682968
-4.401978 17.675537 2.682083
-4.375366 17.738770 2.683563
-4.020020 17.632324 2.678497
-3.732422 17.756592 2.679825
-3.370361 17.761963 2.677963
-3.132935 17.712402 2.675446
-3.089355 17.716797 2.675354
-3.055176 17.761230 2.676361
-2.702393 17.781494 2.675308
-2.638916 17.693115 2.672714
-2.596680 17.702393 2.672760
-2.556641 17.722900 2.673141
-2.512085 17.720215 2.672897
-2.463623 17.700195 2.672180
-2.427246 17.737305 2.673050
-1.668701 17.649658 2.668182
-1.638550 17.731689 2.670303
-1.588867 17.692139 2.669113
-0.663696 17.889404 2.672760
-0.621460 17.899658 2.672989
-0.584595 17.962158 2.674667
-0.543335 17.984131 2.675217
-0.482178 17.795898 2.670044
-0.417114 18.025146 2.676239
-0.288086 18.036133 2.676468
-0.237183 17.946533 2.673981
-0.196411 17.973389 2.674698
-0.041626 17.620605 2.665039
0.000854 17.617920 2.664948
0.042725 17.626709 2.665176
0.083496 17.646973 2.665741
0.127930 17.614502 2.664856
0.212524 17.613770 2.664841
0.253906 17.627686 2.665237
0.302856 17.495361 2.661652
0.343628 17.520508 2.662369
0.387695 17.476318 2.661148
0.506470 15.776611 2.614716
0.880127 17.955078 2.674728
0.921387 18.055176 2.677521
0.964111 18.073730 2.678070
1.007324 18.085938 2.678482
1.050415 18.080322 2.678406
1.093506 18.086670 2.678650
1.136597 18.080811 2.678574
1.179932 18.075195 2.678482
1.223145 18.087158 2.678879
1.266357 18.098633 2.679291
1.309448 18.075195 2.678726
1.395630 18.062744 2.678574
1.438843 18.073975 2.678986
1.612183 18.106201 2.680267
4.057983 17.564697 2.676346
7.608765 28.687744 3.001236
9.929688 24.583740 2.917084
9.982422 24.546875 2.916718
10.054688 24.564453 2.918015
10.099121 24.505127 2.917007
10.127563 24.401367 2.914673
10.063110 24.044678 2.904770
10.134644 24.062744 2.906052
10.116699 23.838623 2.900101
12.723877 20.932617 2.863846
13.073608 20.974121 2.870392
11.777832 18.257568 2.785126
11.855835 18.192383 2.784851
11.923096 18.208008 2.786316
12.025879 18.283447 2.789795
13.657959 20.949707 2.879318
13.775391 20.921387 2.880585
13.870605 20.966797 2.883255
13.979370 20.921631 2.884033
14.060059 20.941895 2.885849
14.137573 20.956299 2.887482
14.193726 20.935791 2.887970
14.314575 20.908936 2.889420
14.408447 20.947754 2.891907
14.520386 20.905029 2.892853
14.749023 20.933350 2.897491
14.870728 20.903809 2.898941
11.389648 15.460205 2.713547
15.087646 20.909424 2.902893
15.170044 20.925537 2.904709
15.242554 20.926514 2.906052
15.315430 20.927490 2.907364
15.434448 20.889893 2.908646
15.537231 20.933594 2.911499
15.646729 20.880615 2.912277
15.739990 20.909180 2.914612
15.809692 20.903564 2.915771
15.795776 20.777832 2.912720
15.822510 20.502197 2.907089
16.145264 20.133789 2.905014
17.153198 20.164062 2.925156
17.201660 20.029053 2.923233
15.903320 18.302246 2.860886
15.949951 18.182861 2.859283
16.012085 18.170898 2.860260
13.585571 15.097412 2.746994
16.135742 18.146240 2.862213
16.266602 18.129883 2.864517
17.542603 19.581543 2.920639
17.646973 19.517578 2.921432
17.674683 19.456787 2.920731
17.732544 19.431396 2.921371
17.759888 19.369873 2.920685
17.817627 19.251709 2.919434
17.993652 19.363037 2.925369
18.217285 18.974609 2.922119
18.270630 18.943359 2.922607
18.348755 18.849365 2.922379
18.520874 18.590332 2.920883
36.060059 17.241943 3.339310
44.339600 18.626221 3.585892
45.176392 17.524658 3.599075
47.100098 18.168457 3.660095
47.110718 18.046875 3.659286
47.235229 17.970703 3.662155
48.286865 18.126465 3.693771
48.335693 18.017090 3.694183
48.591553 17.986816 3.701294
48.897339 17.974609 3.709976
49.115479 17.927490 3.715851
49.525513 17.951172 3.727905
49.914062 17.964844 3.739243
52.349976 17.909668 3.809341
43.020264 14.520264 3.510788
53.268677 17.818359 3.835327
53.283325 17.686035 3.834702
53.258911 17.540283 3.832855
41.901855 13.059814 3.466858
56.824951 16.859375 3.932327
62.978271 17.302734 4.116974
68.154907 18.415771 4.277359
63.287109 16.915039 4.123703
58.900269 14.694336 3.980118
59.299561 12.619629 3.981277
54.121094 -4.692627 3.807861
37.552490 -3.908203 3.300110
37.211792 -3.957275 3.289993
50.351562 -5.528320 3.696716
37.216553 -4.129639 3.290909
51.514648 -6.020752 3.734390
73.656128 -8.856689 4.420715
36.321167 -4.613770 3.266098
36.292969 -4.694092 3.265656
51.699829 -6.890869 3.744415
71.443481 -9.767090 4.358292
32.197876 -4.365234 3.139740
36.868042 -5.113770 3.285324
71.413940 -10.270752 4.360153
35.402710 -5.066895 3.240692
35.570068 -5.174561 3.246368
33.377441 -4.919189 3.178558
33.423828 -5.004150 3.180450
35.388916 -5.394043 3.242157
35.127808 -5.434814 3.234512
34.814941 -5.465332 3.225235
24.808472 -3.882812 2.913376
34.985474 -5.656494 3.231552
24.905762 -4.013672 2.917114
25.086792 -4.102295 2.923126
25.158081 -4.172363 2.925705
24.877563 -4.180176 2.917297
24.971558 -4.254639 2.920609
24.633545 -4.250244 2.910400
34.313599 -6.105469 3.214142
32.545166 -5.853271 3.159225
32.640747 -5.947510 3.162735
24.583008 -4.524902 2.910706
24.583984 -4.582031 2.911148
32.991577 -6.324707 3.175888
32.712891 -6.346191 3.167679
24.798218 -4.797119 2.919083
32.757568 -6.509766 3.170181
32.730835 -6.581543 3.169891
32.652466 -6.642334 3.167984
32.745605 -6.739746 3.171509
32.661255 -6.799072 3.169434
40.425537 -8.878418 3.417526
33.543701 -7.390381 3.200333
33.725830 -7.512939 3.206757
24.450928 -5.410889 2.913284
23.947754 -5.405029 2.898224
35.576294 -8.800781 3.272430
35.159180 -8.778564 3.259857
34.884033 -8.791504 3.251801
34.631348 -8.809082 3.244476
34.180908 -8.772461 3.230804
24.720459 -6.294922 2.928711
24.807373 -6.377930 2.932022
33.300659 -8.779297 3.204803
32.936035 -8.759277 3.193878
32.599854 -8.745117 3.183807
32.331665 -8.748535 3.175919
32.086182 -8.757324 3.168747
31.716797 -8.729492 3.157623
31.437866 -8.726074 3.149353
30.079590 -8.699463 3.109161
22.370239 -8.703857 2.885971
22.187866 -8.685303 2.880569
22.145996 -8.725098 2.879868
13.919189 -5.779541 2.609772
13.990723 -5.848877 2.612701
19.918579 -8.673828 2.816513
19.766235 -8.655273 2.811996
19.650757 -8.653320 2.808762
19.498535 -8.633057 2.804245
19.446777 -8.660400 2.803177
19.310425 -8.646729 2.799210
19.195679 -8.642822 2.795959
19.096558 -8.646240 2.793274
18.976685 -8.638672 2.789856
18.888184 -8.646240 2.787506
18.789551 -8.648193 2.784805
18.664551 -8.636719 2.781204
18.576416 -8.643066 2.778870
18.452026 -8.630371 2.775238
18.353516 -8.630615 2.772537
18.224121 -8.614258 2.768753
18.188354 -8.645752 2.768219
18.048706 -8.623291 2.764084
17.914429 -8.603271 2.760117
17.801270 -8.592529 2.756836
17.770752 -8.625977 2.756516
16.160034 -9.352051 2.724915
16.138428 -9.484619 2.726578
16.140503 -9.535400 2.727493
16.123047 -9.573242 2.727692
16.130005 -9.627197 2.728806
16.112549 -9.664795 2.728989
16.133667 -9.728760 2.730652
16.091187 -9.750488 2.729935
16.063599 -9.781738 2.729767
16.074585 -9.839355 2.731049
16.061157 -9.880127 2.731415
16.052368 -9.924805 2.731979
16.170288 -10.209229 2.740021
16.223755 -10.932373 2.754517
16.188599 -10.959961 2.754150
16.172241 -11.001953 2.754517
16.185913 -11.120850 2.757095
16.127075 -11.130615 2.755829
16.138306 -11.193848 2.757278
16.149048 -11.257324 2.758759
16.145874 -11.309570 2.759674
16.156128 -11.373291 2.761139
16.170898 -11.440186 2.762772
16.156860 -11.487061 2.761642
14.536987 -10.366699 2.700638
14.499023 -10.386230 2.700073
14.234741 -10.323730 2.692474
14.195557 -10.390869 2.692825
14.094116 -10.357910 2.689743
14.056396 -10.376465 2.689209
13.969238 -10.353760 2.686661
13.835205 -10.341309 2.683212
13.768799 -10.384521 2.682495
13.708740 -10.383301 2.681046
13.639893 -10.374023 2.679214
13.531250 -10.330078 2.675766
13.511597 -10.362549 2.675964
13.370361 -10.338623 2.672150
13.242676 -10.324707 2.668869
13.172119 -10.360840 2.667969
13.069458 -10.318115 2.664688
12.990479 -10.345459 2.663422
12.868408 -10.333008 2.660339
12.818237 -10.336182 2.659241
12.667969 -10.344727 2.655975
12.605347 -10.335205 2.654343
-3.370239 -8.576172 2.476654
-4.289062 -8.171387 2.479645
-10.792603 -8.422852 2.613113
-10.885254 -8.441895 2.615524
-11.612549 -8.084961 2.626068
-11.691528 -8.089355 2.627960
-11.790771 -8.105713 2.630524
-11.859985 -8.103516 2.632095
-12.122070 -8.082520 2.637878
-33.416382 -20.364502 3.332626
-33.433960 -20.263672 3.331436
-33.461182 -20.168701 3.330551
-33.483154 -20.070557 3.329498
-33.601685 -20.026855 3.331589
-33.822144 -20.041260 3.336990
-33.523560 -16.897705 3.282822
-33.313477 -14.994385 3.251892
-33.127563 -13.185547 3.224747
-29.343872 -11.672852 3.110931
-33.186890 -12.456055 3.217804
-33.139526 -9.439697 3.185577
-33.086182 -9.159912 3.181641
-47.449829 -7.448486 3.551147
-70.965942 18.367432 3.947220
-56.581787 15.137939 3.597351
-67.664062 18.221924 3.869995
-65.988281 18.118896 3.830688
-55.914795 15.542480 3.584091
-62.435913 17.807129 3.747040
-60.968140 17.873291 3.713638
-60.868896 18.003906 3.712128
-60.730225 18.122803 3.709641
-60.385010 18.338623 3.703018
-55.726440 18.576416 3.598251
-54.731567 18.544678 3.575470
-54.553955 18.632324 3.572037
-53.162109 18.596924 3.540314
-39.772461 14.115234 3.206223
-53.089355 18.859619 3.540543
-52.552490 18.815430 3.528122
-52.380615 18.897705 3.524857
-51.993408 18.902832 3.516174
-50.140869 18.517578 3.471710
-49.485840 18.552490 3.457291
-49.501831 18.694824 3.458710
-48.935303 18.755615 3.446518
-48.407471 18.826416 3.435272
-38.354980 15.649414 3.186279
-44.775146 18.448730 3.351562
-38.187622 15.907715 3.184723
-44.469604 18.577637 3.345886
-44.446777 18.694580 3.346375
-43.795044 18.676270 3.331879
-43.528809 18.690186 3.326141
-42.637329 18.438721 3.304367
-42.275269 18.407471 3.296158
-41.935303 18.383789 3.288498
-41.848022 18.467041 3.287338
-41.841431 18.585449 3.288239
-41.008057 18.343262 3.267868
-40.475586 18.346436 3.256287
-40.190918 18.338135 3.250015
-39.957275 18.585693 3.247238
-38.489624 18.604736 3.215729
-38.190918 18.578613 3.209030
-35.930542 33.555420 3.361847
-35.448730 33.596436 3.354202
-35.099487 33.594727 3.348190
-31.988770 44.243896 3.491394
-14.486572 21.843018 2.819672
-6.675903 17.715820 2.646271
-6.633301 17.734619 2.646317
-6.588745 17.747803 2.646225
-6.433594 17.737793 2.644714
-6.362305 17.806396 2.645676
-6.335938 17.862061 2.646698
-6.338501 17.987549 2.649567
-6.291016 17.994629 2.649338
-6.259155 18.039307 2.650101
-6.244873 18.127197 2.651978
-6.221436 18.193848 2.653290
-6.177979 18.211182 2.653351
-6.083252 18.110596 2.650116
-5.028687 15.701416 2.587402
-5.809692 17.796631 2.640915
-5.633789 17.720459 2.637878
-5.576660 17.698242 2.636948
-5.515625 17.665039 2.635742
-5.494141 17.736084 2.637192
-5.239746 17.698242 2.634537
-5.185547 17.680420 2.633759
-5.145386 17.701172 2.633957
-4.702148 17.649170 2.629852
-4.659912 17.663086 2.629929
-4.590332 17.593750 2.627869
-4.551880 17.618408 2.628220
-4.526245 17.682129 2.629547
-4.471313 17.656494 2.628616
-4.432617 17.680908 2.628967
-4.402588 17.733643 2.629990
-4.065308 17.689697 2.627060
-4.018188 17.685059 2.626694
-3.712402 17.735352 2.626282
-3.349243 17.734863 2.624542
-3.257935 17.552734 2.619827
-3.235840 17.642578 2.621857
-3.197998 17.670166 2.622345
-3.154419 17.674805 2.622269
-3.106689 17.662354 2.621765
-3.069824 17.695557 2.622391
-3.019409 17.671631 2.621613
-2.667114 17.685303 2.620590
-2.617432 17.660400 2.619797
-2.529419 17.661133 2.619507
-2.483765 17.652832 2.619156
-2.446167 17.684570 2.619797
-1.729126 17.579346 2.615219
-1.689087 17.598145 2.615570
-0.701782 17.579102 2.613495
-0.649902 17.490479 2.611313
-0.649536 17.890625 2.621063
-0.611084 17.936035 2.622131
-0.552979 17.789062 2.618484
-0.434692 17.899902 2.621155
-0.398926 17.979736 2.623077
-0.357788 18.007080 2.623718
-0.314453 18.005127 2.623657
-0.269775 17.990967 2.623291
-0.227051 17.994385 2.623383
-0.177612 17.916260 2.621445
-0.112915 17.633545 2.614532
-0.067505 17.589844 2.613480
-0.026123 17.604492 2.613831
0.016479 17.595703 2.613632
0.057495 17.616211 2.614120
0.101440 17.589600 2.613495
0.144165 17.580566 2.613281
0.184082 17.618164 2.614212
0.227173 17.603027 2.613861
0.270508 17.582031 2.613358
0.313232 17.572754 2.613144
0.356934 17.539795 2.612366
0.488159 15.664795 2.566559
0.522827 15.731201 2.568176
0.935791 18.044678 2.625336
0.978760 18.039551 2.625290
1.022339 18.016846 2.624771
1.064819 18.058350 2.625854
1.108154 18.035400 2.625366
1.151123 18.047119 2.625732
1.194214 18.064453 2.626251
1.237305 18.059326 2.626190
1.280640 18.070801 2.626541
1.323486 18.052979 2.626205
1.366455 18.041016 2.625992
1.452881 18.052002 2.626450
1.582520 18.055664 2.626846
1.625488 18.055176 2.626907
1.668701 18.053955 2.626999
1.833252 17.815430 2.621582
7.577148 28.837891 2.921371
9.067261 22.095459 2.775620
9.993042 24.537109 2.841736
10.059570 24.538574 2.842468
10.124023 24.534180 2.843063
10.068604 24.199707 2.834763
10.092041 24.085205 2.832397
10.131226 24.014648 2.831192
10.119141 23.807129 2.826294
11.867676 18.188721 2.724411
11.925781 18.188721 2.725281
11.981079 18.183838 2.725998
12.045410 18.193604 2.727173
13.725464 20.926758 2.809860
13.790405 20.922363 2.810760
13.864380 20.932861 2.812088
13.920410 20.913086 2.812531
13.982300 20.903076 2.813278
14.059570 20.917969 2.814774
14.121704 20.907471 2.815521
14.183716 20.897217 2.816254
14.264526 20.916504 2.817902
14.329712 20.910400 2.818802
14.407593 20.924316 2.820297
14.738525 20.895264 2.824936
14.797729 20.878174 2.825516
14.873169 20.885498 2.826874
14.958130 20.907227 2.828674
15.020752 20.894531 2.829422
15.086670 20.886230 2.830322
15.175415 20.912109 2.832275
15.228394 20.884033 2.832581
15.301025 20.885010 2.833771
15.366943 20.876221 2.834686
15.433105 20.866943 2.835587
15.525757 20.896484 2.837692
15.572144 20.857910 2.837677
15.651855 20.867432 2.839203
15.731445 20.876465 2.840714
15.797974 20.866211 2.841614
15.864380 20.855957 2.842499
15.944458 20.864502 2.844009
17.631104 20.754395 2.871140
17.615112 20.632568 2.868546
15.936279 18.415771 2.796234
15.932861 18.322021 2.794373
15.936401 18.236816 2.792831
15.968750 18.188721 2.792496
16.012329 18.153809 2.792633
16.040649 18.100342 2.792160
16.102417 18.088623 2.793045
16.197632 18.116943 2.795319
16.207275 18.040771 2.794083
18.222290 20.286377 2.873093
18.413086 20.317871 2.877213
18.435059 20.246094 2.876297
18.373291 20.076172 2.871994
18.538940 20.173828 2.876892
18.514771 20.048584 2.874130
18.596924 20.047607 2.875671
18.756592 19.847656 2.875031
18.780640 19.779785 2.874252
18.843384 19.755859 2.875015
18.909912 19.736328 2.875946
18.906250 19.638184 2.874084
18.988159 19.635254 2.875626
19.007446 19.562988 2.874710
19.131470 19.419434 2.874527
19.209473 19.411621 2.875916
35.414917 17.420410 3.213287
35.561035 17.392822 3.216644
35.919556 17.164062 3.223282
47.094849 17.908936 3.516068
48.326172 18.006592 3.548904
48.341675 17.884766 3.548355
48.581177 17.847900 3.554337
48.925049 17.849365 3.563324
49.120972 17.793457 3.568039
49.289795 17.727295 3.571930
49.930786 17.833740 3.589539
53.290405 17.681885 3.676895
43.313110 14.170898 3.388977
53.202271 17.378174 3.672455
54.988892 16.712646 3.715530
56.776978 16.695557 3.763123
59.363037 17.324951 3.835983
62.257446 17.250244 3.913071
58.044067 15.910889 3.792496
54.693115 14.833252 3.696533
54.824341 14.733154 3.699524
68.076904 18.218262 4.074738
63.334961 16.764893 3.939362
63.233521 16.579834 3.935654
63.544434 16.505127 3.943649
58.658203 14.626709 3.802246
59.693604 14.157227 3.827972
59.589478 13.839844 3.823700
58.760132 12.782471 3.796555
60.100830 10.761475 3.825623
54.093384 -4.941162 3.655334
37.342163 -3.884521 3.189255
37.274902 -3.963135 3.187729
50.356323 -5.645508 3.555222
74.114746 -8.737793 4.222900
73.298218 -8.812500 4.200775
51.377808 -6.604736 3.587738
51.286865 -6.712646 3.585739
71.381348 -9.588379 4.151794
36.484619 -4.887695 3.170242
36.670410 -4.998779 3.175888
36.027222 -4.990967 3.158203
33.461914 -4.697998 3.086304
33.456665 -4.774902 3.086563
36.321655 -5.286621 3.167801
32.977173 -4.855957 3.073853
33.925903 -5.081299 3.101044
35.440063 -5.400635 3.144241
35.046143 -5.419434 3.133560
34.749146 -5.533691 3.126099
24.665039 -3.913818 2.841064
35.052002 -5.747803 3.135574
35.194458 -5.854492 3.140091
35.613037 -6.010742 3.152435
33.905029 -5.789307 3.104477
33.949097 -5.876465 3.106201
24.729614 -4.265625 2.844879
34.266724 -6.094727 3.116180
33.999268 -6.124756 3.109085
34.427612 -6.286377 3.121765
34.484375 -6.459473 3.124390
32.987793 -6.244385 3.082291
32.898682 -6.304199 3.080231
32.616821 -6.401367 3.073196
32.722168 -6.500000 3.076706
32.283081 -6.485107 3.064713
32.359497 -6.577393 3.067383
33.883301 -6.982178 3.111496
33.815430 -7.047852 3.110123
33.599487 -7.160645 3.105057
40.311157 -8.849854 3.298767
32.807251 -7.218018 3.084000
33.497192 -7.457031 3.104401
24.301270 -5.373047 2.840591
35.530518 -8.785889 3.169281
35.215088 -8.790039 3.160843
25.554810 -6.334229 2.881699
34.455200 -8.759033 3.140182
34.180420 -8.769287 3.132874
33.450195 -8.735840 3.113007
24.768555 -6.423340 2.861313
24.680054 -6.458252 2.859253
24.822998 -6.557373 2.863892
32.280151 -8.730713 3.081665
31.989624 -8.726318 3.073837
30.629272 -8.712158 3.037430
30.323242 -8.695068 3.029129
22.320801 -8.677979 2.818893
22.176025 -8.675293 2.815155
22.053589 -8.680908 2.812057
19.968750 -8.584961 2.757690
13.920410 -5.809570 2.570358
19.827759 -8.625488 2.754623
19.723145 -8.628662 2.752014
19.618408 -8.631348 2.749405
19.534790 -8.644043 2.747452
19.408936 -8.635986 2.744186
19.272949 -8.622314 2.740601
19.168701 -8.623535 2.737991
19.011719 -8.598145 2.733734
18.933838 -8.611084 2.731934
18.829956 -8.610840 2.729324
18.705078 -8.599609 2.726059
18.648315 -8.621582 2.724915
18.549805 -8.622803 2.722473
18.420044 -8.607422 2.719040
18.332153 -8.612793 2.716919
18.197388 -8.593994 2.713318
18.125488 -8.606445 2.711685
18.089722 -8.637695 2.711212
18.053955 -8.668945 2.710739
18.007690 -8.694580 2.709946
17.909790 -8.692627 2.707504
17.997803 -8.789307 2.710968
17.961914 -8.820068 2.710495
14.772583 -8.460205 2.626495
16.164673 -10.198975 2.686325
16.164673 -10.301758 2.687973
16.154907 -10.346680 2.688492
16.163940 -10.405029 2.689651
16.139526 -10.439697 2.689651
16.148315 -10.498047 2.690811
16.128418 -10.536133 2.690994
16.160645 -10.612061 2.692978
16.107178 -10.625977 2.692001
16.157959 -10.716064 2.694641
16.128052 -10.747314 2.694473
16.145264 -10.812988 2.695984
16.133911 -10.858398 2.696487
16.127075 -10.906982 2.697159
16.159912 -11.039307 2.700134
16.173218 -11.158691 2.702454
16.176392 -11.270508 2.704437
16.165161 -11.372314 2.705948
16.140381 -11.576172 2.708923
14.350830 -10.356934 2.648117
14.193359 -10.329102 2.644180
14.034790 -10.347900 2.641052
13.965576 -10.340088 2.639404
13.918823 -10.351074 2.638596
13.831787 -10.327393 2.636292
13.729614 -10.340332 2.634308
13.669800 -10.338867 2.633011
13.541260 -10.327637 2.630051
13.499512 -10.340820 2.629364
13.417725 -10.319092 2.627228
13.261597 -10.329834 2.624100
13.101318 -10.334961 2.620804
12.991943 -10.334961 2.618500
12.928589 -10.326904 2.617020
12.832520 -10.337158 2.615204
12.710938 -10.322998 2.612396
12.536743 -10.210205 2.606628
-10.818970 -8.406738 2.570358
-11.112915 -8.384277 2.575912
-11.171509 -8.379639 2.577042
-11.254883 -8.346191 2.578217
-11.654175 -8.074707 2.582260
-11.808472 -8.124023 2.586197
-11.847534 -8.103516 2.586700
-11.946899 -8.119141 2.588989
-11.996094 -8.104492 2.589798
-33.395386 -20.359863 3.215897
-33.441772 -20.054443 3.212418
-33.636719 -20.054199 3.216492
-33.433350 -16.860840 3.168488
-33.280884 -14.986084 3.141922
-33.099976 -13.179932 3.117340
-33.126343 -12.439209 3.110062
-33.072266 -9.425293 3.080338
-47.648315 -7.480225 3.413376
-58.859375 -7.270264 3.682022
-60.753540 -7.196045 3.727325
-62.569946 -6.786865 3.769287
-71.097900 18.396973 3.752914
-67.795532 18.252686 3.684158
-67.644287 18.387207 3.681656
-66.043213 18.471680 3.649139
-61.236694 17.786377 3.547241
-60.935181 17.859619 3.541428
-60.903687 18.010010 3.541534
-60.725708 18.117188 3.538437
-60.598022 18.238770 3.536469
-54.732300 18.688477 3.416534
-54.227051 18.665283 3.406250
-50.367188 18.595703 3.328690
-48.901733 18.875000 3.301468
-38.609985 15.637939 3.075836
-44.440186 18.814209 3.213348
-41.830933 18.576904 3.160812
-41.786377 18.678223 3.160751
-40.620361 18.406494 3.136063
-40.072510 18.398682 3.125427
-39.953613 18.462402 3.123672
-38.291748 18.622070 3.093201
-35.900391 33.680420 3.227295
-35.017090 33.670166 3.213776
-31.999023 44.465332 3.345154
-16.444702 24.076660 2.808395
-16.511475 24.534180 2.817108
-16.790405 25.046875 2.829315
-14.477905 21.928711 2.748032
-6.651489 17.757080 2.594223
-5.103394 14.338867 2.514877
-6.493774 17.742432 2.592773
-6.446777 17.749756 2.592575
-6.399780 17.757324 2.592392
-6.368774 17.802002 2.593063
-5.364014 15.639893 2.542709
-6.313354 18.028320 2.597198
-6.268921 18.166260 2.599670
-6.125488 18.186523 2.599091
-6.010864 18.149902 2.597595
-5.840942 17.845703 2.590332
-5.742798 17.720703 2.587158
-5.647461 17.725586 2.586670
-5.609009 17.753174 2.586945
-5.550049 17.725586 2.586014
-4.828979 16.057373 2.547623
-5.312012 17.732666 2.584702
-5.267700 17.742188 2.584641
-5.217407 17.735596 2.584198
-4.734375 17.710205 2.580948
-4.681152 17.690918 2.580261
-4.643066 17.728271 2.580597
-4.586060 17.697266 2.579666
-4.549316 17.727783 2.580109
-4.496094 17.707764 2.579422
-4.450317 17.710205 2.579224
-4.420166 17.762695 2.580154
-4.124512 18.017578 2.584015
-4.642578 20.305176 2.634155
-4.680786 20.622803 2.640961
-4.690430 20.845459 2.645660
-4.683350 21.011475 2.649094
-4.687866 21.222656 2.653549
-3.863159 18.419922 2.591278
-3.350464 18.063965 2.581757
-4.878418 24.373291 2.720612
-3.283691 18.165039 2.583633
-3.238892 18.169922 2.583572
-3.192749 18.168701 2.583389
-3.173950 18.281494 2.585709
-2.682129 17.918945 2.576416
-2.619629 17.836670 2.574463
-2.583008 17.874268 2.575165
-2.488037 17.845947 2.574310
-1.880737 17.657227 2.568787
-1.838745 17.664551 2.568863
-1.790649 17.636963 2.568176
-1.746460 17.632812 2.567993
-0.581299 17.988037 2.574295
-0.542847 18.038818 2.575378
-0.500366 18.048828 2.575577
-0.448608 17.959473 2.573624
-0.404175 17.946045 2.573318
-0.352539 17.850830 2.571243
-0.319824 17.971191 2.573853
-0.280762 18.021484 2.574951
-0.073730 15.999756 2.531052
-0.192139 17.993164 2.574341
-0.142822 17.914795 2.572632
-0.077759 17.614258 2.566116
-0.038818 17.663818 2.567215
0.004517 17.649658 2.566910
0.047974 17.634766 2.566605
0.089600 17.643555 2.566803
0.132935 17.628662 2.566498
0.174316 17.642822 2.566818
0.345215 17.604980 2.566116
0.388550 17.589600 2.565796
0.431152 17.573730 2.565506
0.844727 17.886475 2.572769
0.884644 18.039307 2.576157
1.056274 18.106201 2.577881
1.099609 18.100586 2.577835
1.142822 18.095215 2.577774
1.186035 18.077637 2.577484
1.229248 18.072021 2.577438
1.315674 18.077637 2.577728
1.401855 18.071289 2.577759
1.445312 18.088135 2.578217
1.488647 18.099609 2.578568
1.531860 18.098877 2.578644
1.574463 18.069092 2.578079
1.661133 18.078613 2.578506
7.554077 28.735352 2.837540
9.880249 24.613037 2.771484
9.933105 24.575928 2.771240
9.989868 24.550049 2.771240
10.052124 24.540283 2.771652
10.128540 24.568848 2.772980
10.013184 24.069092 2.761642
10.104858 24.141846 2.764023
10.129883 24.032959 2.762039
13.057983 20.936279 2.734955
13.603760 20.961426 2.742767
13.795288 20.944092 2.745071
13.863281 20.944580 2.746033
13.931396 20.944580 2.746979
14.002563 20.949707 2.748062
14.055542 20.924316 2.748337
14.120728 20.919189 2.749146
14.198242 20.933594 2.750488
14.257446 20.917969 2.751038
14.344482 20.946533 2.752792
14.400513 20.925781 2.753204
14.472412 20.929199 2.754303
14.540894 20.927490 2.755249
14.612671 20.930420 2.756348
14.668945 20.908691 2.756760
11.291992 15.543701 2.610382
11.344971 15.544434 2.611176
14.904419 20.945801 2.760818
14.960693 20.923096 2.761246
15.029785 20.920166 2.762207
15.115234 20.941650 2.763809
15.165161 20.908447 2.763962
15.224731 20.890381 2.764526
15.307007 20.905762 2.766022
15.389404 20.921387 2.767517
15.462402 20.921631 2.768600
15.518677 20.897949 2.769028
15.608276 20.921875 2.770813
15.674683 20.912109 2.771622
15.737915 20.897461 2.772293
15.811035 20.896484 2.773407
15.890991 20.905518 2.774765
20.929810 25.333252 2.930542
21.008057 25.309814 2.931412
21.100830 25.304443 2.932831
21.215332 25.326416 2.935059
15.911255 18.394287 2.731659
15.918701 18.314209 2.730408
15.925659 18.233643 2.729187
15.973022 18.203369 2.729462
15.994263 18.141357 2.728760
16.052246 18.124512 2.729462
16.136230 18.139648 2.731094
16.201782 18.131592 2.732040
18.531982 20.868652 2.816254
18.581665 20.828125 2.816406
18.668823 20.832031 2.817932
18.755859 20.835693 2.819458
18.813354 20.803467 2.819870
18.915649 20.824463 2.821960
18.968994 20.787109 2.822250
18.942627 20.656006 2.819656
19.128906 20.774414 2.824753
19.201416 20.758545 2.825729
19.250977 20.716309 2.825882
19.331055 20.708740 2.827133
19.372681 20.657227 2.827011
19.421875 20.614502 2.827164
19.513672 20.619873 2.828842
19.535522 20.545898 2.828018
19.697510 20.629395 2.832169
19.715332 20.551025 2.831223
19.768433 20.511719 2.831512
19.821045 20.472412 2.831802
19.873901 20.432861 2.832092
19.969849 20.440430 2.833908
20.050293 20.430664 2.835175
35.398926 17.518555 3.110153
35.924316 17.170654 3.118881
36.404297 17.099121 3.129120
49.063965 18.553467 3.433716
48.288940 18.123779 3.412491
48.315918 18.006104 3.412323
48.457031 17.932373 3.415146
48.724243 17.905518 3.421265
49.062744 17.904297 3.429230
49.237183 17.840332 3.432922
49.213623 17.702637 3.431458
49.074585 17.522217 3.426987
42.898071 14.585449 3.261627
53.208374 17.656982 3.526062
42.858887 14.020996 3.257233
53.303467 17.415039 3.526871
54.987793 16.994629 3.564804
43.374756 13.202637 3.264862
55.034912 16.730225 3.564453
56.890625 16.732666 3.609131
59.128784 17.258057 3.665863
43.372803 12.331299 3.260178
62.304321 17.266357 3.742661
63.243408 17.216064 3.765167
68.067993 18.218506 3.886963
63.269043 16.749756 3.763626
63.246826 16.586182 3.762314
63.863281 16.592529 3.777344
59.740601 14.171143 3.666458
59.558105 13.980713 3.661240
59.739502 13.877686 3.665283
57.575439 12.801025 3.608154
58.519531 12.873779 3.631577
59.054932 12.707275 3.644119
59.171143 12.589111 3.646545
59.431885 12.213867 3.651688
59.071167 11.852783 3.641617
37.828369 -3.850830 3.103470
37.279663 -4.136719 3.090958
50.502686 -6.016846 3.427032
72.652954 -8.905273 3.988968
72.562256 -9.065430 3.987411
72.511719 -9.229980 3.986893
51.332642 -6.599365 3.450134
36.977417 -4.871826 3.086594
71.430908 -9.765137 3.962524
32.596313 -4.421387 2.976013
33.350830 -4.605469 2.995560
33.374878 -4.686523 2.996536
33.421753 -4.770996 2.998108
33.375977 -4.841309 2.997314
33.005981 -4.861816 2.988266
33.225952 -4.972656 2.994232
33.012085 -5.015869 2.989166
33.115967 -5.109619 2.992218
31.908447 -4.988525 2.961761
35.006104 -5.741211 3.042130
24.628784 -4.022217 2.777100
34.511963 -5.818115 3.030365
33.247803 -5.673096 2.998428
33.707031 -5.834229 3.010620
23.963257 -4.126465 2.761246
34.329956 -6.107910 3.027481
34.453735 -6.211914 3.031113
34.467896 -6.295410 3.031937
24.757690 -4.500977 2.782913
24.747192 -4.556152 2.782974
33.119751 -6.271973 2.998672
33.145264 -6.354736 2.999802
33.600830 -6.525635 3.011993
32.708252 -6.421387 2.989471
32.687622 -6.494629 2.989410
35.187012 -7.097900 3.054367
32.910278 -6.774170 2.996597
32.442871 -6.750732 2.985001
33.787476 -7.123779 3.020264
32.753784 -6.973877 2.994034
41.217285 -8.958984 3.213699
32.664307 -7.187012 2.993225
24.033325 -5.255371 2.769836
23.911011 -5.395264 2.767761
35.964600 -8.812988 3.084763
35.064331 -8.837646 3.063095
34.743652 -8.837891 3.055328
34.366821 -8.821045 3.046066
33.709595 -8.808594 3.030075
33.339111 -8.788818 3.020981
33.036499 -8.785889 3.013641
32.739868 -8.783203 3.006454
32.415039 -8.770996 2.998520
32.124268 -8.767090 2.991486
24.927490 -6.769043 2.802444
24.996094 -6.849365 2.804703
25.036133 -6.921631 2.806259
25.047974 -6.985840 2.807053
30.724243 -8.742920 2.957581
30.501953 -8.751709 2.952316
22.143921 -8.722168 2.754196
20.058472 -8.684082 2.705750
19.900513 -8.663086 2.701920
19.795532 -8.666748 2.699554
19.680176 -8.664551 2.696899
19.564819 -8.662354 2.694260
19.470581 -8.669678 2.692200
19.387085 -8.681641 2.690445
19.282715 -8.682861 2.688080
19.199097 -8.694092 2.686325
19.126465 -8.710205 2.684860
19.189941 -8.793945 2.687271
19.090942 -8.796143 2.685043
18.997070 -8.801025 2.682983
18.939819 -8.824219 2.681976
18.617432 -8.865479 2.675217
18.534424 -8.873535 2.673447
18.269897 -8.938477 2.668335
18.207642 -8.956055 2.667160
14.781128 -8.468994 2.585785
16.168335 -10.307373 2.641388
16.186646 -10.424316 2.643509
16.122314 -10.484863 2.641403
16.125122 -10.592285 2.643066
16.136841 -10.706299 2.645004
16.147583 -10.820557 2.646973
16.190430 -10.959961 2.649963
16.162354 -11.047119 2.650711
16.166138 -11.159180 2.652527
16.133667 -11.298828 2.654022
16.162598 -11.376465 2.655807
16.163452 -11.432861 2.656723
16.155151 -11.481934 2.657318
16.141968 -11.527588 2.657776
14.483643 -10.369873 2.606415
14.407593 -10.408936 2.605515
14.423950 -10.472900 2.606857
14.267822 -10.396240 2.602539
14.184692 -10.377930 2.600616
14.114990 -10.371094 2.599136
13.980835 -10.359619 2.596298
13.887329 -10.380371 2.594803
13.693726 -10.366211 2.590805
13.587280 -10.374023 2.588867
13.481079 -10.381104 2.586929
13.208008 -10.338867 2.580978
13.102783 -10.343750 2.579041
12.969116 -10.370850 2.576950
12.855713 -10.365723 2.574722
12.666748 -10.338379 2.570694
-10.925537 -8.429443 2.531250
-10.989258 -8.427979 2.532349
-11.028320 -8.410889 2.532806
-11.121460 -8.428711 2.534729
-11.352539 -8.447754 2.539139
-11.327759 -8.387939 2.537872
-11.654053 -8.113525 2.539993
-11.925659 -8.102051 2.544846
-11.984863 -8.093262 2.545807
-12.074463 -8.102295 2.547592
-12.138916 -8.095703 2.548691
-33.415649 -20.367920 3.105637
-33.453491 -20.278564 3.105148
-33.435303 -20.157227 3.103210
-33.487549 -20.076416 3.103119
-33.501709 -16.890137 3.063751
-33.170410 -13.204102 3.017349
-33.175171 -12.454346 3.010193
-33.110718 -9.433838 2.982803
-33.091064 -9.162842 2.980316
-47.294922 -7.426025 3.269379
-58.929565 -7.278076 3.517258
-60.834717 -7.055176 3.557068
-62.564819 -6.786377 3.593002
-71.082275 18.393555 3.531525
-71.366943 18.649414 3.537491
-67.723145 18.234375 3.471298
-67.622681 18.382324 3.470078
-66.037720 18.299316 3.441711
-66.129028 18.496094 3.444077
-61.203613 17.777832 3.354248
-61.037354 17.889893 3.351776
-60.581909 18.235840 3.341324
-60.549438 18.385254 3.341415
-57.228516 17.696045 3.280380
-54.988281 18.627686 3.245911
-54.704956 18.680664 3.241272
-54.294189 18.688965 3.234253
-53.855957 18.686523 3.226669
-53.145752 18.876465 3.215439
-39.353516 14.399414 2.954727
-39.280640 14.481201 2.953918
-50.383911 18.602783 3.166611
-38.803833 14.524170 2.946014
-38.202515 14.729004 2.936935
-48.281006 18.909668 3.132507
-38.007324 15.187500 2.936295
-41.889771 18.603516 3.023148
-41.802368 18.686279 3.022247
-41.001831 18.456787 3.007385
-40.694824 18.440430 3.002197
-37.517090 18.369385 2.949356
-37.246216 18.352051 2.944824
-35.531860 33.667480 3.073746
-35.212280 33.694092 3.069916
-34.917847 33.580566 3.064728
-32.126343 38.943848 3.102112
-32.113403 39.116211 3.104385
-32.123047 40.668945 3.126465
-31.975342 44.659912 3.183105
-16.437500 23.951660 2.717911
-16.967529 25.172119 2.741486
-14.541504 21.912109 2.668457
-7.242554 17.713135 2.539688
-7.135498 17.705322 2.538834
-7.080811 17.698242 2.538361
-7.038574 17.718018 2.538422
-6.693604 17.745117 2.536652
-6.641968 17.741943 2.536285
-6.580811 17.717529 2.535492
-6.524414 17.703857 2.534912
-6.428101 17.713379 2.534470
-6.381348 17.720459 2.534332
-6.364014 17.797363 2.535568
-6.364624 17.917725 2.537643
-6.348877 18.000732 2.538971
-6.299194 18.002197 2.538712
-6.267334 18.047119 2.539291
-6.207520 18.147461 2.540695
-6.144409 18.115967 2.539795
-6.092285 18.111572 2.539413
-6.044922 18.117676 2.539261
-5.962646 18.037109 2.537399
-5.778076 17.694336 2.530411
-5.727417 17.688965 2.530045
-5.625977 17.677979 2.529297
-5.600342 17.737549 2.530212
-5.543457 17.715332 2.529526
-5.450684 17.725342 2.529236
-5.390015 17.691406 2.528320
-5.341553 17.690918 2.528046
-4.870361 17.714111 2.525970
-4.816650 17.695068 2.525391
-4.770630 17.698242 2.525238
-4.728516 17.712402 2.525299
-4.680542 17.709961 2.525040
-4.630981 17.701416 2.524658
-4.588623 17.715088 2.524719
-4.528320 17.673096 2.523712
-4.464600 17.620117 2.522476
-4.146240 17.944336 2.526993
-4.691040 21.246338 2.588608
-4.645142 21.277344 2.589005
-4.932373 24.354980 2.645828
-4.925049 24.573730 2.649796
-4.928223 24.838623 2.654617
-4.926025 25.086182 2.659134
-4.923950 25.339600 2.663757
-3.908203 21.363037 2.588257
-2.804688 18.288086 2.529053
-4.854614 27.949219 2.711380
-2.692627 18.192627 2.527023
-2.662598 18.264404 2.528290
-2.623779 18.296631 2.528793
-1.968506 17.678223 2.516083
-1.917847 17.639648 2.515289
-1.187378 17.664551 2.514847
-1.142090 17.646973 2.514481
-0.658081 17.921875 2.519394
-0.618164 17.956055 2.520004
-0.581665 18.023926 2.521286
-0.538208 18.022461 2.521240
-0.491577 17.991455 2.520660
-0.450806 18.019287 2.521179
-0.407227 18.017090 2.521149
-0.362183 17.997559 2.520782
-0.315063 17.954590 2.519974
-0.267090 17.893799 2.518860
-0.066040 15.942871 2.482300
-0.028809 15.957275 2.482590
-0.111206 17.542236 2.512299
-0.073975 17.609375 2.513580
-0.031982 17.612549 2.513657
0.011719 17.592285 2.513275
0.095093 17.609375 2.513657
0.137817 17.600342 2.513519
0.220947 17.623047 2.513977
0.263672 17.613281 2.513855
0.306763 17.598145 2.513596
0.436279 17.528320 2.512405
0.807617 17.775391 2.517487
0.847656 17.887695 2.519653
0.887939 18.016846 2.522156
1.059692 18.060547 2.523239
1.103027 18.037354 2.522888
1.146240 18.020264 2.522629
1.189209 18.043945 2.523148
1.232178 18.038086 2.523132
1.275269 18.049561 2.523422
1.318604 18.090332 2.524277
1.361572 18.061035 2.523804
1.404663 18.054932 2.523773
1.447876 18.060059 2.523987
1.491211 18.077148 2.524384
1.534546 18.082275 2.524582
1.577393 18.063965 2.524338
1.620361 18.057373 2.524307
1.663452 18.056396 2.524384
1.706909 18.066895 2.524689
7.568970 28.788574 2.751221
9.897339 24.653076 2.694931
9.922974 24.538574 2.693130
9.993286 24.551514 2.693954
10.053711 24.536133 2.694199
10.118164 24.531494 2.694702
10.038818 24.131104 2.686905
10.080200 24.066162 2.686142
10.102905 23.951904 2.684326
13.052979 20.921875 2.663361
13.601440 20.952637 2.670425
14.320312 20.903076 2.678528
14.413696 20.941650 2.680313
14.466675 20.915527 2.680573
14.525879 20.898926 2.681061
14.600952 20.907227 2.682159
14.666382 20.900391 2.682892
14.738403 20.903320 2.683838
14.804077 20.895996 2.684570
14.879517 20.902588 2.685684
14.954834 20.909668 2.686752
15.020752 20.901855 2.687485
15.106079 20.923340 2.688919
15.162354 20.900146 2.689301
15.238159 20.906250 2.690399
15.310913 20.907227 2.691360
15.386719 20.912842 2.692444
15.449951 20.898926 2.693069
15.522461 20.898926 2.694031
15.585815 20.884277 2.694656
15.661865 20.889404 2.695740
15.731812 20.884033 2.696594
15.804932 20.883545 2.697571
15.881348 20.887451 2.698669
15.947998 20.876953 2.699402
20.869995 25.376221 2.835175
20.955566 25.362549 2.836197
21.037476 25.343506 2.837097
21.130249 25.338135 2.838364
21.237671 25.351074 2.840088
15.929565 18.413818 2.662460
15.915161 18.305908 2.660690
15.914795 18.216064 2.659393
15.958374 18.181641 2.659531
15.998169 18.142334 2.659531
16.048706 18.116455 2.659912
16.106812 18.099854 2.660507
16.201782 18.127930 2.662323
18.558228 20.897217 2.736710
18.608032 20.856445 2.736862
18.747803 20.923096 2.739883
18.752441 20.827881 2.738602
18.911255 20.916260 2.742233
18.949829 20.861328 2.742020
19.174683 20.924561 2.746262
19.247192 20.908691 2.747162
19.312378 20.883789 2.747787
21.866577 23.621338 2.824722
22.032959 23.584961 2.826767
22.135620 23.588623 2.828384
22.242188 23.596436 2.830109
22.310181 23.559814 2.830643
19.899048 20.752930 2.754913
19.987671 20.752197 2.756271
20.221436 20.911865 2.762085
22.785889 23.636963 2.839050
22.861572 23.607666 2.839844
22.985352 23.629639 2.842072
23.021606 23.556641 2.841644
23.188965 23.625732 2.845184
23.305054 23.638184 2.847183
35.326172 17.479492 2.994675
35.856323 17.135010 3.002609
36.262207 17.028076 3.009933
48.322388 18.135254 3.263855
48.767456 17.791748 3.271149
43.202759 15.476074 3.142120
43.239624 15.376709 3.142334
49.028809 17.375977 3.274277
53.135010 17.493896 3.361038
54.921875 16.972412 3.396255
43.235229 13.157471 3.130951
55.041626 16.730469 3.397675
43.208130 12.713867 3.128357
43.709473 12.756836 3.139191
59.247925 17.292236 3.489532
43.427612 12.454590 3.131882
43.294189 12.306885 3.128418
62.328491 17.271729 3.555130
62.594971 17.190430 3.560501
63.233643 17.211670 3.574234
63.212524 17.048096 3.573135
60.090698 16.037109 3.502365
63.281860 16.751465 3.573486
63.293457 16.596924 3.573151
63.825317 16.581299 3.584473
57.247681 14.550537 3.435791
57.469238 14.466309 3.440262
58.666504 14.630371 3.466568
59.759155 14.174316 3.488510
58.884644 12.668457 3.464935
60.367676 12.848877 3.497574
37.705078 -4.011475 2.992599
37.399048 -4.063965 2.986084
50.861938 -5.823486 3.287277
50.499634 -5.898682 3.279617
50.538086 -6.020996 3.280930
72.654907 -8.905518 3.775757
51.342529 -6.480469 3.300339
36.883423 -4.773193 2.977554
71.490112 -9.604492 3.753159
36.275391 -4.859375 2.964645
34.884766 -4.746094 2.933823
34.734741 -4.805176 2.930786
34.787231 -4.893555 2.932312
33.357300 -4.760986 2.900558
33.079956 -4.796387 2.894684
32.293579 -4.751709 2.877335
32.270874 -4.822998 2.877167
32.490845 -4.932861 2.882462
33.190308 -5.121338 2.898544
33.317139 -5.218994 2.901764
34.979492 -5.573242 2.939575
34.914429 -5.643799 2.938507
34.947510 -5.730957 2.939636
24.962036 -4.079590 2.714676
24.543213 -4.063232 2.705490
24.879517 -4.179443 2.713364
24.898560 -4.240234 2.714081
24.894531 -4.296875 2.714279
24.775269 -4.332275 2.711868
24.235962 -4.287842 2.699951
32.776733 -5.972656 2.893723
34.573120 -6.396484 2.934860
34.552612 -6.473877 2.934814
33.141968 -6.276123 2.903229
35.911011 -6.909668 2.966537
36.250488 -7.063232 2.974701
32.856567 -6.451660 2.897995
32.526367 -6.460693 2.890915
32.803223 -6.595703 2.897659
24.600342 -4.983887 2.711563
23.988281 -4.907959 2.697922
33.798096 -7.125977 2.922119
24.508179 -5.135498 2.710449
32.725342 -7.044678 2.898529
23.639038 -5.107666 2.691559
24.083252 -5.266357 2.702057
36.404785 -8.836670 2.988495
36.156982 -8.861572 2.983353
35.463623 -8.856201 2.968491
35.114624 -8.850586 2.960983
34.708984 -8.827881 2.952179
34.433960 -8.838623 2.946381
34.062744 -8.822021 2.938354
33.737183 -8.815674 2.931366
33.411743 -8.808594 2.924377
33.126099 -8.810303 2.918304
32.784180 -8.795166 2.910934
30.824463 -8.772217 2.869156
22.153564 -8.725098 2.687744
20.083862 -8.694580 2.645416
19.978638 -8.698975 2.643356
19.852417 -8.692139 2.640732
19.832153 -8.735840 2.640762
19.823120 -8.891602 2.642166
19.581909 -8.933838 2.637772
19.555664 -8.974121 2.637680
18.719727 -9.020752 2.621582
18.626099 -9.023193 2.619751
18.527588 -9.022461 2.617783
18.433960 -9.024658 2.615982
18.345703 -9.028564 2.614288
18.231934 -9.018555 2.611938
14.809448 -8.485352 2.539703
14.774780 -8.507324 2.539307
16.176025 -10.261719 2.585999
16.122559 -10.379395 2.586563
16.149902 -10.502686 2.588654
16.181030 -10.630615 2.590927
16.189087 -10.689697 2.591858
16.135620 -10.703857 2.591080
16.170166 -10.835205 2.593445
16.133179 -10.915527 2.593857
16.133179 -11.023193 2.595337
16.151123 -11.145752 2.597321
16.153076 -11.202148 2.598114
16.150024 -11.254395 2.598770
16.137451 -11.299561 2.599167
16.138672 -11.355957 2.599976
16.185791 -11.447998 2.602081
16.145264 -11.471924 2.601685
16.205444 -11.575439 2.604187
16.146240 -11.584717 2.603271
14.402222 -10.402344 2.556061
14.327515 -10.392334 2.554626
14.221558 -10.356201 2.552261
14.197632 -10.386230 2.552261
14.063110 -10.375488 2.549774
13.839844 -10.388184 2.546097
13.728882 -10.393311 2.544250
13.604248 -10.386230 2.542007
13.260010 -10.382324 2.536102
13.154541 -10.387451 2.534393
12.981323 -10.379395 2.531357
12.880737 -10.385986 2.529785
12.804932 -10.365234 2.528198
12.700439 -10.366943 2.526505
12.523315 -10.299805 2.522537
-11.099854 -8.459473 2.489136
-11.217651 -8.449707 2.490845
-11.271729 -8.441162 2.491562
-11.360352 -8.454590 2.493103
-11.385010 -8.426514 2.493134
-11.394653 -8.389160 2.492813
-11.677124 -8.129395 2.494049
-11.983032 -8.093750 2.498474
-12.031982 -8.079102 2.499084
-12.126831 -8.090576 2.500717
-33.450562 -20.389648 2.985840
-33.453125 -20.279785 2.984589
-33.444702 -20.164307 2.983093
-35.429321 -19.468018 3.007233
-33.493164 -16.785156 2.946457
-33.358154 -14.919189 2.925552
-33.180786 -13.209229 2.906708
-33.180176 -12.457275 2.900177
-33.084839 -9.162109 2.873138
-58.936157 -7.279785 3.335785
-60.813232 -7.203613 3.370132
-60.783325 -7.049805 3.368958
-66.624146 -7.378662 3.478210
-66.058716 -7.155029 3.466888
-71.246582 18.068604 3.296432
-70.707153 18.477539 3.289627
-70.577637 18.625732 3.288132
-66.319580 18.031494 3.223969
-65.988159 18.113525 3.219345
-65.933350 18.269287 3.219025
-65.714600 18.380127 3.216171
-61.110962 17.749512 3.146988
-60.984131 17.872559 3.145538
-60.839966 17.990234 3.143829
-60.695801 18.107178 3.142136
-60.562378 18.227051 3.140579
-58.089478 17.648438 3.102707
-54.718750 18.534912 3.057297
-39.567627 14.256348 2.820724
-51.776245 18.820312 3.013321
-50.590454 18.536621 2.995316
-38.105591 14.690674 2.802032
-38.179810 14.824951 2.803680
-40.254272 16.511719 2.840805
-44.532593 18.471924 2.910095
-44.553345 18.606445 2.911072
-44.525146 18.721436 2.911255
-43.845947 18.692383 2.901718
-42.148071 18.347900 2.876480
-41.801880 18.441895 2.872208
-41.859741 18.587646 2.873795
-41.079956 18.368896 2.861908
-40.783691 18.358643 2.857788
-40.557739 18.377441 2.854797
-39.806763 18.278320 2.844009
-39.907349 18.440186 2.846283
-39.428101 18.572510 2.840500
-39.234985 18.600098 2.838043
-36.236328 33.661133 2.923004
-35.491577 33.625732 2.914703
-35.308350 33.617188 2.912659
-34.648193 38.433594 2.957306
-32.035156 44.732422 3.007797
-32.032715 44.952148 3.010483
-16.596436 24.160400 2.627319
-16.820190 24.959473 2.639069
-14.670654 22.084473 2.585968
-7.536011 18.206299 2.485840
-7.221313 17.765869 2.477966
-7.166382 17.759277 2.477585
-7.101807 17.730957 2.476852
-7.049438 17.729248 2.476562
-6.987427 17.706543 2.475891
-6.930420 17.693848 2.475418
-6.893188 17.723633 2.475662
-6.796387 17.734619 2.475327
-6.758789 17.764404 2.475555
-6.694946 17.735107 2.474808
-6.631226 17.705322 2.474091
-5.743042 15.793213 2.442505
-5.670166 15.729004 2.441238
-5.618530 15.713379 2.440735
-5.567139 15.697021 2.440277
-5.527344 15.707520 2.440231
-5.503418 15.755615 2.440811
-5.443115 15.717773 2.439972
-6.332153 17.947754 2.476105
-6.305054 18.003174 2.476776
-6.273315 18.047852 2.477280
-6.120239 18.166748 2.478317
-6.039795 18.091309 2.476868
-5.983643 18.075928 2.476395
-5.788208 17.706055 2.470200
-5.025513 15.879395 2.440445
-5.695068 17.717041 2.469955
-5.642334 17.706055 2.469559
-5.606201 17.738525 2.469894
-5.543091 17.699951 2.469070
-5.492676 17.693848 2.468781
-5.452393 17.714844 2.468933
-5.393799 17.686768 2.468277
-5.343140 17.680420 2.467972
-4.956299 17.662842 2.466248
-4.929199 17.721680 2.466995
-4.879395 17.714111 2.466705
-4.837036 17.728516 2.466766
-4.783447 17.709473 2.466293
-4.726318 17.678955 2.465668
-4.676636 17.670898 2.465363
-4.636230 17.690186 2.465515
-4.584961 17.676025 2.465134
-4.544556 17.695068 2.465286
-4.144653 17.763916 2.464828
-4.167236 17.995850 2.468338
-4.594116 21.269775 2.518631
-4.935303 24.592285 2.569626
-4.927246 24.811279 2.572922
-4.920898 25.041992 2.576401
-4.921875 25.306641 2.580444
-4.896851 25.469238 2.582840
-3.841553 21.284912 2.517136
-3.794800 21.313965 2.517487
-4.894043 28.105469 2.622955
-4.822021 28.097168 2.622711
-4.797729 28.311279 2.625961
-4.729004 28.320068 2.625961
-2.053223 17.635010 2.458450
-2.013062 17.654297 2.458694
-1.964722 17.627197 2.458237
-1.140015 17.589844 2.457031
-1.097900 17.595215 2.457108
-1.056763 17.606445 2.457260
-1.016846 17.629395 2.457596
-0.975586 17.640381 2.457779
-0.930542 17.622070 2.457489
-0.890503 17.644531 2.457840
-0.847046 17.637695 2.457733
-0.802856 17.625244 2.457520
-0.759399 17.618408 2.457413
-0.716797 17.617188 2.457397
-0.687134 17.738037 2.459274
-0.661133 17.899902 2.461792
-0.623169 17.950928 2.462585
-0.583862 17.989990 2.463211
-0.546753 18.052490 2.464203
-0.277832 15.690186 2.427490
-0.451050 17.961914 2.462784
-0.368896 18.010254 2.463577
-0.329346 18.054688 2.464294
-0.279541 17.976562 2.463104
-0.237915 17.997803 2.463440
-0.078369 17.593018 2.457230
-0.038574 17.625488 2.457748
0.002686 17.645752 2.458084
0.042603 17.677734 2.458633
0.089233 17.616211 2.457718
0.129883 17.636230 2.458069
0.172607 17.633301 2.458038
0.301758 17.587402 2.457458
0.343384 17.595703 2.457611
0.384399 17.620850 2.458054
0.427734 17.593506 2.457672
0.469360 17.606934 2.457947
0.800781 17.829102 2.461838
0.842773 17.859375 2.462372
1.183594 18.033203 2.465668
1.226807 18.039062 2.465836
1.269653 18.015381 2.465561
1.312866 18.032959 2.465912
1.355835 18.027100 2.465897
1.399170 18.061523 2.466522
1.442017 18.037598 2.466248
1.485352 18.060547 2.466690
1.528809 18.060303 2.466766
1.570923 18.018066 2.466217
1.614136 18.023193 2.466385
9.921875 24.551514 2.610596
9.972656 24.508545 2.610352
10.038940 24.510010 2.610901
10.109375 24.521973 2.611618
10.071777 24.236816 2.607132
10.111572 24.166748 2.606400
10.102295 23.964111 2.603378
11.917358 18.192383 2.538559
13.628784 20.894531 2.592743
14.092407 20.876709 2.597458
14.374878 20.888184 2.600693
14.515015 20.890381 2.602249
14.596191 20.908203 2.603409
14.639771 20.866943 2.603333
14.714844 20.874756 2.604263
14.780518 20.867676 2.604904
14.846069 20.860107 2.605545
14.940674 20.896484 2.607086
14.990479 20.864258 2.607224
15.072388 20.880371 2.608353
15.144775 20.881836 2.609192
15.194458 20.848877 2.609344
15.276855 20.864258 2.610489
15.346313 20.860840 2.611206
15.415771 20.856201 2.611954
15.494995 20.866455 2.613007
15.551392 20.842285 2.613342
15.644043 20.870850 2.614792
15.700562 20.846924 2.615128
15.853271 20.855225 2.617020
15.919922 20.844482 2.617661
15.983154 20.829102 2.618195
20.840698 25.345459 2.732635
21.008179 25.312744 2.734314
21.129639 25.344238 2.736206
21.200928 25.310791 2.736694
21.275757 25.282227 2.737259
21.397705 25.312744 2.739166
15.936279 18.338867 2.586960
15.921387 18.230957 2.585495
15.950073 18.177979 2.585236
16.018311 18.085938 2.584976
16.080200 18.073730 2.585617
16.163940 18.088379 2.586868
21.526611 24.502686 2.731140
21.573608 24.441406 2.731018
13.048950 14.086426 2.499771
13.232788 14.238281 2.503922
21.555786 24.067871 2.726410
21.526123 23.916992 2.724243
21.526367 23.802246 2.722916
21.525879 23.687500 2.721573
21.525024 23.572510 2.720245
21.615845 23.564209 2.721329
19.376953 20.864746 2.660843
21.959351 23.507324 2.725174
22.069458 23.519775 2.726776
22.175903 23.527588 2.728256
22.282593 23.534912 2.729752
22.440186 23.598633 2.732574
22.468994 23.517822 2.732040
22.619141 23.572021 2.734650
23.009521 23.549805 2.739655
23.081543 23.515625 2.740234
23.277222 23.501709 2.742737
23.996704 20.644043 2.722382
24.373169 20.393311 2.725372
24.916504 19.703369 2.726669
24.756226 19.475586 2.722061
25.085327 19.464111 2.726929
25.268799 19.425293 2.729324
25.361450 19.217773 2.728806
25.927979 18.637939 2.732178
35.281006 17.561035 2.873169
48.478149 18.197754 3.107132
48.286743 17.995605 3.102768
48.520996 17.957031 3.106766
48.602173 17.859863 3.107758
48.560547 17.588623 3.105804
48.607910 17.479004 3.106155
48.721069 17.393066 3.107788
41.812988 14.637207 2.971924
52.719727 17.491211 3.180054
43.342041 13.411865 2.994537
43.312744 13.292969 2.993561
43.450439 13.227051 2.995819
43.412354 12.996338 2.994293
56.760620 16.693848 3.250351
59.506470 17.220703 3.302231
68.035034 18.209473 3.461472
63.246826 16.586426 3.368698
63.529419 16.504395 3.373642
57.320312 14.429443 3.253494
66.436890 13.205811 3.419464
50.602051 -5.911377 3.124771
50.512939 -6.018555 3.123474
51.238159 -6.587402 3.139084
71.384155 -9.421875 3.526062
36.596802 -4.820068 2.858932
36.672607 -4.915527 2.860703
37.107422 -5.062256 2.869370
36.585815 -5.073486 2.859680
36.255371 -5.109863 2.853638
35.631958 -5.516113 2.843643
33.093872 -5.260254 2.795334
33.087402 -5.336426 2.795517
33.138550 -5.422119 2.796829
32.825806 -5.445557 2.791122
35.067505 -5.916260 2.834839
32.869507 -5.606445 2.792648
32.784912 -5.975098 2.792725
33.455200 -6.181641 2.806107
47.361572 -8.980957 3.076904
32.593140 -6.168213 2.790070
32.699463 -6.266357 2.792496
33.017578 -6.407959 2.799072
36.059082 -7.111084 2.858734
32.362671 -6.427734 2.787048
32.439331 -6.520020 2.788910
32.339966 -6.652100 2.787735
36.236816 -7.578125 2.864334
35.984741 -7.608643 2.859833
41.263916 -8.870850 2.963623
36.507568 -8.775879 2.875656
32.167847 -7.766357 2.790466
35.842163 -8.782227 2.863510
35.487061 -8.777588 2.856979
35.120972 -8.768311 2.850220
34.890869 -8.792969 2.846146
33.497070 -8.751709 2.820435
32.936890 -8.759033 2.810272
32.681641 -9.976807 2.813309
32.585693 -10.027588 2.811920
32.623413 -10.121094 2.813217
32.493896 -10.160400 2.811157
32.303223 -10.178711 2.807846
32.035034 -10.170410 2.802963
31.683594 -10.133057 2.796387
31.559814 -10.171143 2.794434
21.913696 -8.683350 2.612045
21.931152 -8.748047 2.612869
20.105347 -8.653320 2.580322
19.989746 -8.652832 2.578323
19.840454 -8.956055 2.578400
19.814209 -8.997314 2.578323
19.735352 -9.012207 2.577103
18.778198 -9.002197 2.560715
18.653564 -8.988281 2.558472
18.585693 -9.004639 2.557480
18.466431 -8.993164 2.555359
18.414429 -9.016846 2.554703
18.305542 -9.010010 2.552811
18.217407 -9.013672 2.551346
14.785522 -8.473389 2.489151
16.153564 -10.195557 2.529785
16.153442 -10.298828 2.530945
16.123779 -10.433105 2.531982
16.150024 -10.768555 2.536224
16.155884 -10.879639 2.537613
16.140625 -11.086914 2.538116
16.165894 -11.160400 2.539368
16.116455 -11.177490 2.538803
16.197021 -11.294189 2.541397
16.165649 -11.325439 2.541306
16.181763 -11.448486 2.542999
16.164062 -11.490723 2.543243
16.155518 -11.540039 2.543701
14.519531 -10.400635 2.505295
14.347656 -10.362793 2.502258
14.199219 -10.341797 2.499771
14.114380 -10.372314 2.498886
14.008911 -10.334961 2.496857
13.948730 -10.334717 2.495956
13.915527 -10.356445 2.495728
13.846436 -10.348145 2.494598
13.712769 -10.334717 2.492462
13.537842 -10.333496 2.489868
13.328247 -10.299316 2.486343
13.249146 -10.327881 2.485565
13.071533 -10.317383 2.482849
12.992432 -10.344727 2.482071
12.802979 -10.319336 2.479004
12.711426 -10.333008 2.477875
12.637451 -10.362061 2.477188
-11.189209 -8.471680 2.441376
-11.243042 -8.463135 2.441956
-11.307007 -8.460693 2.442734
-11.346558 -8.398682 2.442581
-11.988647 -8.094482 2.447708
-12.088501 -8.108887 2.449188
-12.127563 -8.088135 2.449478
-33.204224 -20.244629 2.851578
-33.256836 -20.164795 2.851456
-33.407715 -16.844727 2.821503
-33.346924 -16.713623 2.819489
-33.354126 -16.615234 2.818695
-16.109741 -8.408447 2.506531
-33.347168 -16.408691 2.816757
-33.353882 -16.310791 2.815979
-33.413452 -16.237061 2.816147
-33.323730 -16.094971 2.813644
-27.036377 -12.314697 2.693100
-33.419067 -14.943359 2.805099
-33.335205 -14.809570 2.802795
-33.305298 -14.699219 2.801453
-33.202148 -14.364746 2.797241
-33.154663 -14.248535 2.795624
-33.144653 -14.148193 2.794662
-33.161377 -14.058838 2.794174
-33.134644 -13.951904 2.792938
-33.199707 -13.881836 2.793304
-33.183472 -13.779541 2.792252
-33.139282 -13.666992 2.790741
-33.144043 -13.573486 2.790070
-33.200439 -13.310059 2.788803
-29.518555 -11.740234 2.723816
-51.037842 -7.864746 3.022903
-50.969238 -7.726318 3.021255
-51.027588 -7.606689 3.021652
-51.079834 -7.486572 3.021942
-61.012817 -7.075684 3.172211
-62.564331 -6.941650 3.195496
-66.259033 -7.013428 3.252396
-70.662231 18.468262 3.082443
-57.013306 15.396240 2.912384
-65.876831 18.257568 3.020355
-65.754150 18.394531 3.019226
-65.687500 18.546631 3.018814
-60.989624 17.877686 2.961639
-60.761230 17.970947 2.959198
-60.695679 18.111084 2.958786
-60.578979 18.235840 2.957748
-60.457031 18.358398 2.956650
-54.757202 18.551514 2.890564
-54.557373 18.631836 2.888489
-50.931763 18.523193 2.846191
-50.556763 18.527832 2.841888
-38.145996 14.815186 2.686340
-41.869507 18.595703 2.743530
-41.105591 18.384277 2.734070
-40.814941 18.375977 2.730804
-39.639893 18.207764 2.716995
-39.628418 18.318604 2.717361
-36.861572 17.400146 2.682571
-38.914551 18.456299 2.710083
-36.251465 33.681885 2.783142
-35.625244 33.595703 2.777023
-35.497803 33.639160 2.776291
-34.637207 38.430664 2.810822
-16.899658 24.955811 2.553818
-16.713379 24.822754 2.551270
-14.710815 22.152344 2.511200
-7.076538 17.695068 2.421783
-7.022095 17.687744 2.421494
-6.974731 17.696289 2.421402
-6.922729 17.694336 2.421158
-6.865723 17.681641 2.420776
-6.821289 17.695557 2.420776
-6.766968 17.687744 2.420471
-6.703125 17.658203 2.419876
-6.668213 17.692871 2.420151
-5.713989 15.643799 2.392578
-5.674072 15.654785 2.392563
-6.508301 17.673096 2.419312
-5.592285 15.670898 2.392441
-5.559204 15.697754 2.392624
-5.540161 15.756592 2.393250
-6.329956 17.723633 2.419235
-6.349121 17.887451 2.421219
-6.283691 17.971436 2.421982
-6.278931 18.081055 2.423264
-6.235718 18.098633 2.423325
-6.068726 18.310791 2.425262
-5.769775 17.679443 2.416794
-4.969116 15.867676 2.392593
-5.630249 17.696045 2.416519
-5.583862 17.701172 2.416428
-5.481201 17.558350 2.414413
-5.485718 17.706787 2.415970
-5.378662 17.677734 2.415314
-5.189453 17.684326 2.414825
-5.143311 17.688232 2.414734
-5.089233 17.670166 2.414368
-5.043091 17.674072 2.414276
-4.993164 17.666748 2.414047
-4.949097 17.675781 2.414047
-4.920044 17.729004 2.414597
-4.881592 17.754883 2.414795
-4.820312 17.713623 2.414139
-4.764893 17.688965 2.413696
-4.716919 17.686523 2.413528
-4.678467 17.711182 2.413742
-4.621582 17.680908 2.413208
-4.138184 17.770508 2.413162
-4.157593 17.990723 2.415924
-4.729736 20.629150 2.449539
-4.577026 21.236816 2.456741
-4.529175 21.261963 2.456940
-4.074097 21.390625 2.457794
-4.908447 25.026123 2.504303
-4.917603 25.324951 2.508041
-4.900879 25.521729 2.510468
-3.774536 21.263672 2.455780
-4.870850 28.037842 2.541885
-3.372925 21.376953 2.456726
-3.314575 21.353516 2.456360
-2.102295 17.708496 2.409409
-2.050293 17.664307 2.408813
-1.008667 17.629639 2.408066
-0.962280 17.600098 2.407700
-0.918945 17.593750 2.407608
-0.878052 17.610596 2.407822
-0.834106 17.597900 2.407684
-0.793335 17.614502 2.407898
-0.650513 17.876953 2.411316
-0.613892 17.939941 2.412125
-0.533691 18.006836 2.413010
-0.480347 17.900146 2.411667
-0.448242 18.020508 2.413239
-0.404297 18.012695 2.413177
-0.360718 18.010986 2.413162
-0.315674 17.991211 2.412949
-0.271851 17.983154 2.412872
-0.228394 17.980713 2.412872
-0.180908 17.926270 2.412201
-0.028076 17.596924 2.408112
0.011841 17.628662 2.408569
0.055176 17.614014 2.408401
0.097534 17.611084 2.408417
0.139771 17.613770 2.408493
0.181763 17.616211 2.408569
0.352173 17.584473 2.408340
0.394409 17.580566 2.408340
0.435913 17.594482 2.408569
0.480469 17.537598 2.407898
0.521240 17.568604 2.408340
1.321045 18.021973 2.415482
1.364136 18.050781 2.415924
1.407471 18.050537 2.416016
1.450317 18.032471 2.415863
7.603394 28.640381 2.575058
9.131104 22.282471 2.505341
9.987061 24.525879 2.538193
10.049683 24.516357 2.538467
10.121704 24.534180 2.539185
10.098389 24.287354 2.536057
10.093872 24.095703 2.533737
10.133057 24.025391 2.533142
10.117065 23.806641 2.530411
11.914185 18.172607 2.479584
11.990112 18.203125 2.480621
12.078247 18.253174 2.481964
13.708374 20.901123 2.525894
14.039062 20.887451 2.528824
14.113403 20.897217 2.529617
14.190674 20.911865 2.530502
14.246826 20.891113 2.530792
14.377319 20.879150 2.531906
14.448853 20.882568 2.532639
14.514404 20.876465 2.533188
14.592407 20.889404 2.534073
14.654785 20.877441 2.534546
14.733154 20.890137 2.535431
14.814697 20.907715 2.536392
14.877319 20.895020 2.536880
14.933472 20.872559 2.537186
15.021729 20.899170 2.538315
11.568115 15.553223 2.448090
15.153687 20.882568 2.539429
15.361694 20.870850 2.541367
15.430908 20.866699 2.542007
15.504028 20.867188 2.542725
15.583374 20.876709 2.543625
15.649658 20.867188 2.544189
15.672607 20.794189 2.543671
15.858887 20.851074 2.546127
15.935547 20.854736 2.546936
15.991943 20.829590 2.547256
16.072021 20.837646 2.548157
16.121704 20.802734 2.548294
16.218872 20.834473 2.549606
16.278809 20.812988 2.550018
20.846313 25.341797 2.643463
20.910278 25.299805 2.643738
21.010010 25.303955 2.644852
21.099121 25.294434 2.645691
21.195435 25.293457 2.646729
21.299194 25.301270 2.647919
21.395874 25.299561 2.648956
15.941284 18.334961 2.521576
15.922974 18.222656 2.520279
15.951538 18.169678 2.520081
15.991333 18.130127 2.520126
16.034546 18.095459 2.520248
16.096191 18.083252 2.520813
16.206299 18.129639 2.522461
21.539673 24.507812 2.642792
13.439575 14.545654 2.457367
21.586304 24.210938 2.640457
21.504639 23.997070 2.637497
21.527710 23.908691 2.636902
21.539062 23.807129 2.636078
21.527344 23.679443 2.634705
21.542236 23.582275 2.633957
19.363037 20.838623 2.583481
19.408813 20.791260 2.583557
21.896851 23.539551 2.637543
21.976196 23.516846 2.638229
22.105713 23.551270 2.640030
22.208374 23.554443 2.641235
22.338745 23.587891 2.643021
22.485962 23.527344 2.644150
22.596924 23.537842 2.645523
22.692383 23.530762 2.646545
22.807617 23.544922 2.647995
22.919067 23.554443 2.649384
22.987061 23.516113 2.649826
23.091064 23.515869 2.651031
23.290527 23.506592 2.653275
24.027588 20.664551 2.637451
24.719971 20.692627 2.646378
25.869385 20.592041 2.660202
25.999146 20.601318 2.661942
25.971802 20.479248 2.660629
25.971313 20.379639 2.659851
26.249023 20.411133 2.663681
26.270508 20.329834 2.663345
26.432373 20.362793 2.665710
26.663208 20.450684 2.669373
26.775757 20.441895 2.670776
26.404053 20.045166 2.662903
26.931274 19.584229 2.666397
26.823486 19.310303 2.662964
27.273071 18.885986 2.665924
35.270142 17.550293 2.766357
48.155884 18.068848 2.960861
46.209351 17.194336 2.928040
48.471436 17.934326 2.965164
46.619385 17.105957 2.933960
48.554443 17.582520 2.965179
48.634888 17.484863 2.966049
43.423218 15.442627 2.879318
49.136108 17.412842 2.973480
49.574097 17.443359 2.980255
52.627563 17.591553 3.027634
42.112549 13.229004 2.852051
54.576172 17.139160 3.056320
42.755615 13.221191 2.861984
54.802490 16.932617 3.059235
54.859497 16.811523 3.059769
43.168091 12.808838 2.867218
56.759766 16.833008 3.089340
56.833618 16.711914 3.090149
65.666138 17.722900 3.230515
63.444824 16.635742 3.193237
64.055908 16.481445 3.202484
56.922974 14.323486 3.085861
67.559326 16.566650 3.257736
59.262085 14.052002 3.122131
59.210327 13.894043 3.121002
58.587524 13.171631 3.109879
50.920410 -5.949219 2.991653
50.528809 -6.020020 2.985626
50.462524 -6.130127 2.984924
50.343506 -6.232910 2.983368
50.474121 -6.367676 2.985886
50.650635 -6.509277 2.989151
71.465088 -9.432129 3.330292
71.408081 -9.593750 3.329926
71.408569 -9.762451 3.330505
71.385498 -9.928467 3.330704
71.385132 -10.097656 3.331299
36.241943 -5.107178 2.755096
36.189453 -5.183350 2.754532
63.677612 -9.437012 3.206467
35.025024 -5.172363 2.736008
34.937256 -5.321533 2.735153
34.602173 -5.914551 2.732071
34.870483 -6.044189 2.736832
34.804565 -6.113770 2.736084
34.746948 -6.266602 2.735794
34.732422 -6.345215 2.735855
33.567505 -6.360107 2.717529
34.327515 -6.591797 2.730515
33.394165 -6.482910 2.715317
33.407715 -6.564697 2.715881
23.860229 -4.657959 2.557205
36.178223 -7.305908 2.762741
37.237671 -7.617432 2.780792
35.084961 -7.241943 2.745239
35.999878 -7.610840 2.761292
36.280762 -8.804688 2.771317
35.959351 -8.810791 2.766327
35.723389 -8.836914 2.762772
40.455933 -10.156494 2.843201
34.293457 -8.800537 2.740295
33.927856 -8.785156 2.734543
33.523315 -8.757080 2.728073
33.243164 -8.761230 2.723755
32.413696 -9.486816 2.714844
32.514526 -9.597900 2.717026
32.570190 -9.696045 2.718430
32.553223 -9.771484 2.718582
32.541260 -9.848633 2.718857
32.546143 -9.931396 2.719406
32.550415 -10.013916 2.719955
32.554932 -10.096436 2.720505
31.546997 -10.164307 2.705460
22.654663 -8.936035 2.562805
22.327393 -8.914551 2.557785
22.215088 -8.924316 2.556168
22.145752 -8.952393 2.555344
22.071167 -8.977783 2.554398
21.942993 -8.979736 2.552505
21.873657 -9.006836 2.551666
21.734985 -9.002930 2.549591
21.622925 -9.010010 2.547974
21.457642 -8.992676 2.545395
20.615479 -8.667969 2.530563
20.520752 -8.679443 2.529236
20.372437 -8.666016 2.526962
20.261963 -8.668457 2.525330
20.135376 -8.663818 2.523438
19.827515 -8.839600 2.520248
19.822632 -8.890381 2.520554
19.807007 -8.936279 2.520676
19.791260 -8.982422 2.520813
18.719238 -9.019043 2.505508
18.615234 -9.016113 2.503983
18.516602 -9.015625 2.502548
18.412720 -9.011963 2.501038
18.205688 -9.002930 2.497971
18.127808 -9.011963 2.496933
14.818726 -8.489502 2.445694
16.141724 -10.287598 2.478958
16.131592 -10.384033 2.479752
16.135254 -10.490723 2.480820
16.175903 -10.625244 2.482681
16.149658 -10.711914 2.483185
16.151123 -10.819580 2.484253
16.142212 -10.920166 2.485153
16.179688 -11.056396 2.486984
16.149170 -11.087646 2.486893
16.157471 -11.203125 2.488174
16.117188 -11.227051 2.487885
16.146484 -11.304688 2.489059
16.156860 -11.367920 2.489838
16.120850 -11.395508 2.489670
16.154053 -11.477051 2.490921
16.145508 -11.526123 2.491287
14.464111 -10.350098 2.457504
14.242310 -10.271484 2.453827
14.216553 -10.350098 2.454330
14.124512 -10.324707 2.452866
14.030884 -10.346924 2.451920
14.006714 -10.376709 2.451920
13.923828 -10.357422 2.450668
13.836792 -10.333984 2.449310
13.803711 -10.355469 2.449112
13.683594 -10.352783 2.447586
13.586182 -10.368164 2.446518
13.457764 -10.356445 2.444778
13.088379 -10.326416 2.439865
12.946167 -10.345215 2.438309
12.832764 -10.339844 2.436859
12.656982 -10.324219 2.434525
-11.339111 -8.399170 2.399277
-11.358521 -8.367920 2.399185
-11.635498 -8.105957 2.399704
-11.699585 -8.101318 2.400345
-11.773804 -8.102539 2.401169
-12.090088 -8.070801 2.404266
-26.990601 -16.652344 2.640549
-33.570435 -20.016602 2.741135
-33.786011 -20.027588 2.743561
-34.236694 -20.169189 2.749695
-34.626831 -20.274658 2.754868
-26.955078 -12.769043 2.608368
-26.920776 -12.672607 2.607254
-26.912720 -12.587891 2.606522
-26.861816 -12.484863 2.605179
-26.864136 -12.405273 2.604614
-26.893066 -12.337158 2.604431
-29.374756 -11.773193 2.629333
-26.875000 -10.751709 2.593079
-33.110718 -9.435791 2.659790
-51.039307 -7.354004 2.872177
-51.006714 -6.839600 2.869873
-58.927612 -7.279785 2.970673
-60.206177 -7.283691 2.986710
-56.099121 -6.662354 2.933075
-57.010376 -6.625977 2.944382
-56.856934 -6.467773 2.941910
-66.523071 -7.368652 3.066254
-62.264404 -6.602783 3.010254
-62.401978 -6.462891 3.011520
-65.989990 18.112793 2.810776
-55.566406 15.585693 2.713715
-61.368774 17.661621 2.768768
-61.146484 17.758057 2.766937
-60.946289 17.860352 2.765320
-60.847412 17.990723 2.764664
-60.686157 18.103027 2.763397
-60.603394 18.237793 2.762894
-56.762329 17.550293 2.727600
-53.709595 18.342773 2.702209
-53.382690 18.377197 2.699402
-50.734619 18.309082 2.676132
-50.277222 18.284668 2.672104
-49.875000 18.277588 2.668594
-49.165405 18.293701 2.659561
-46.167969 18.096436 2.633453
-46.108398 18.202393 2.633209
-38.458130 15.466797 2.560913
-38.524414 15.601562 2.561829
-38.677490 15.770996 2.563599
-41.639771 18.490967 2.596390
-40.730469 18.333984 2.588333
-39.501831 18.256348 2.577896
-38.549316 18.282227 2.570129
-36.172241 33.600342 2.626419
-35.842896 33.623291 2.624466
-35.564087 33.529297 2.622116
-35.117554 33.598389 2.619720
-32.442261 37.463867 2.629364
-16.980957 24.927979 2.458633
-16.856079 24.880615 2.457687
-16.783081 24.904053 2.457535
-14.637085 22.033936 2.425613
-7.169556 17.760498 2.362183
-6.948364 17.727051 2.361267
-6.908325 17.751465 2.361374
-6.849121 17.733398 2.361069
-6.789917 17.714844 2.360748
-6.540405 17.722168 2.360153
-6.488770 17.718994 2.360001
-6.439575 17.720703 2.359909
-6.381104 17.701172 2.359589
-6.366211 17.783691 2.360275
-6.337402 17.833984 2.360641
-6.278687 18.054688 2.362488
-6.237915 18.077393 2.362610
-6.136475 18.326416 2.364594
-5.363403 16.504150 2.346497
-5.732056 17.680176 2.357895
-5.689941 17.696289 2.357971
-5.645386 17.707275 2.357971
-5.584229 17.674561 2.357529
-5.550415 17.712158 2.357803
-5.495728 17.695312 2.357544
-5.153320 17.677002 2.356705
-5.093506 17.642090 2.356277
-5.055420 17.667969 2.356461
-5.007324 17.666260 2.356354
-4.963135 17.675293 2.356354
-4.924805 17.700928 2.356522
-4.884277 17.720947 2.356644
-4.811768 17.646484 2.355835
-4.775269 17.677246 2.356064
-4.723633 17.663818 2.355835
-4.677979 17.666504 2.355789
-4.174438 17.689941 2.355301
-4.139038 17.725098 2.355576
-4.477539 21.230713 2.388489
-4.002441 21.272949 2.388474
-3.943359 21.250977 2.388214
-3.887207 21.240479 2.388077
-3.833740 21.240967 2.388046
-3.791016 21.287109 2.388443
-3.729614 21.253174 2.388092
-3.361816 21.274658 2.388107
-3.307495 21.268555 2.388016
-2.148926 17.666748 2.353287
-2.104614 17.663086 2.353241
-0.801758 17.591553 2.352844
-0.716309 17.589355 2.352859
-0.680542 17.651855 2.353516
-0.662720 17.889648 2.355804
-0.623047 17.922852 2.356186
-0.490845 17.894775 2.356018
-0.453369 17.957275 2.356628
-0.412476 17.984375 2.356949
-0.366089 17.947510 2.356628
-0.323853 17.956787 2.356766
-0.279297 17.943115 2.356659
-0.235962 17.940674 2.356674
-0.192261 17.932373 2.356628
-0.122314 17.579590 2.353271
0.045776 17.591553 2.353577
0.088623 17.582275 2.353546
0.129150 17.608398 2.353836
0.168091 17.663818 2.354416
0.213501 17.607910 2.353928
0.468994 17.549805 2.353714
0.510376 17.569092 2.353973
0.553467 17.535889 2.353699
0.594849 17.554932 2.353943
0.636475 17.562256 2.354080
1.223999 18.005127 2.359406
1.267090 18.022705 2.359650
1.310181 18.045898 2.359955
1.353149 18.022217 2.359802
1.396118 18.021973 2.359894
7.531494 28.654785 2.482834
9.136108 22.327637 2.432632
11.909790 18.183594 2.414520
11.965210 18.178223 2.414902
12.044312 18.213379 2.415787
13.701172 20.907227 2.450653
13.756958 20.887695 2.450912
13.836792 20.908447 2.451706
13.892700 20.888428 2.451965
13.960693 20.888428 2.452499
14.044067 20.913574 2.453339
14.093994 20.883301 2.453476
14.162231 20.882812 2.453995
14.233398 20.886963 2.454605
14.298706 20.881104 2.455063
14.376587 20.894775 2.455780
14.429321 20.868896 2.455978
14.507446 20.882080 2.456711
14.597900 20.914795 2.457703
14.638428 20.868652 2.457642
14.710327 20.871338 2.458221
14.785400 20.878662 2.458893
14.854370 20.876221 2.459412
14.920166 20.868408 2.459885
14.998779 20.880371 2.460617
15.071045 20.882080 2.461197
15.146851 20.888184 2.461884
15.206299 20.869873 2.462219
15.282104 20.875732 2.462875
15.351440 20.871826 2.463409
15.417603 20.862793 2.463882
15.490356 20.863037 2.464478
15.566528 20.867920 2.465149
15.685913 20.829346 2.465820
15.705688 20.751709 2.465378
15.848877 20.851807 2.467346
15.925293 20.855469 2.468033
15.995361 20.849854 2.468552
12.292725 15.515869 2.396088
12.261719 15.394287 2.394882
12.298706 15.367920 2.394989
16.299561 20.856445 2.471176
20.796997 25.291748 2.543610
20.914551 25.319824 2.544861
21.010864 25.319092 2.545700
21.085571 25.290527 2.546143
21.192749 25.303711 2.547180
21.278564 25.288818 2.547821
21.393311 25.310059 2.548996
15.905762 18.303711 2.448456
15.919922 18.232422 2.448059
15.941528 18.170410 2.447800
15.992188 18.144775 2.448059
16.017090 18.087402 2.447861
16.086182 18.083984 2.448456
13.213257 14.496338 2.396408
21.570557 24.558838 2.545074
21.531738 24.393555 2.543533
21.556274 24.304932 2.543121
21.520142 24.144531 2.541626
21.521118 24.029053 2.540817
21.517822 23.909668 2.539917
21.514038 23.790771 2.539017
21.603516 23.552734 2.538162
19.356812 20.844238 2.498154
19.441162 20.841064 2.498917
21.933228 23.593262 2.541489
21.966309 23.517822 2.541260
22.072754 23.526123 2.542313
22.179077 23.533691 2.543365
22.281982 23.536377 2.544357
22.404419 23.560791 2.545685
22.464355 23.515137 2.545914
22.579346 23.530518 2.547089
22.702271 23.553223 2.548416
22.785889 23.532959 2.549072
22.897339 23.542236 2.550186
23.292603 23.520508 2.553802
24.082642 20.724365 2.543427
24.732300 20.713379 2.549973
25.591309 20.664307 2.558609
25.850830 20.685059 2.561432
25.913452 20.638184 2.561813
26.003052 20.613525 2.562622
26.340088 20.694336 2.566620
26.520020 20.642090 2.568237
26.660156 20.656494 2.569794
26.885864 20.639160 2.572067
27.500854 21.033447 2.580856
27.743042 21.124756 2.583954
27.642090 20.942139 2.581833
27.999390 21.123291 2.586685
28.040649 21.052734 2.586716
28.312866 20.752441 2.587997
28.339233 20.670654 2.587814
28.448975 20.652588 2.588928
26.174805 18.826660 2.554382
28.649658 19.797852 2.586548
28.905029 19.684814 2.588776
35.291870 17.465576 2.648315
48.161377 17.821045 2.805267
46.689453 17.014404 2.785080
48.578735 17.596191 2.809860
52.622070 17.458252 2.859756
54.431885 17.235840 2.881912
54.580566 17.005615 2.883316
54.750122 16.781250 2.885025
54.974731 16.712158 2.887711
58.676880 17.123535 2.935028
63.215820 16.578369 2.991577
63.515503 16.500977 2.995270
64.058594 16.486084 3.002167
67.630249 16.420898 3.047516
59.009033 13.993652 2.934708
50.662354 -5.919189 2.834351
50.543945 -6.023193 2.833130
50.442383 -6.128662 2.832123
50.404785 -6.241699 2.831940
50.427246 -6.480957 2.832932
50.609619 -6.623535 2.835678
71.400513 -9.593750 3.111679
71.418457 -9.765137 3.112427
71.378174 -9.928467 3.112381
71.424316 -10.104492 3.113510
66.164795 -9.815430 3.045120
35.976562 -5.320557 2.643799
35.817383 -5.546387 2.642487
34.890259 -6.049561 2.632278
34.859009 -6.125488 2.632141
34.781250 -6.192871 2.631378
34.835815 -6.285156 2.632416
48.618164 -8.995605 2.817841
48.045044 -9.000732 2.810547
47.489502 -9.006836 2.803482
36.659668 -6.974609 2.658112
36.448242 -7.018799 2.655594
34.543945 -6.718506 2.630234
34.459595 -6.782959 2.629395
36.839600 -7.359375 2.661804
36.811035 -7.440918 2.661758
33.128540 -6.744385 2.612320
35.591187 -7.353271 2.645905
37.337280 -8.984131 2.674515
40.545776 -9.886230 2.718765
40.562378 -9.989014 2.719406
40.550171 -10.084717 2.719650
35.081665 -8.759033 2.645111
34.896851 -8.795166 2.642929
34.193970 -8.776367 2.634003
33.896240 -8.778809 2.630264
33.553711 -8.768066 2.625916
33.200195 -8.752197 2.621414
32.538330 -9.367188 2.615906
23.011841 -9.091064 2.497116
22.549561 -9.072754 2.491409
22.367065 -9.052979 2.489105
22.254639 -9.062500 2.487808
22.115601 -9.060059 2.486115
21.997803 -9.066406 2.484741
21.827026 -9.048340 2.482574
14.014160 -5.609131 2.368225
21.346680 -8.947510 2.476212
20.621948 -8.675537 2.465881
20.484253 -8.667480 2.464188
20.368286 -8.668213 2.462799
20.241699 -8.664062 2.461258
20.147095 -8.674316 2.460190
19.994141 -8.656006 2.458252
19.867920 -8.650146 2.456726
19.826294 -8.683594 2.456436
19.816650 -8.732422 2.456619
19.833130 -8.793701 2.457199
19.828369 -8.844482 2.457458
19.791870 -8.880371 2.457245
18.928345 -9.029053 2.448029
18.803223 -9.016357 2.446487
18.693970 -9.011230 2.445160
18.569092 -8.997314 2.443619
18.195679 -9.003174 2.439285
18.128174 -9.017822 2.438614
14.744263 -8.404785 2.395523
14.793823 -8.480469 2.396637
14.149414 -8.538818 2.389877
16.161865 -10.203125 2.424988
16.137817 -10.289795 2.425415
16.151489 -10.402832 2.426453
16.129883 -10.755615 2.429031
16.140503 -10.870117 2.430069
16.110474 -11.009521 2.430893
16.135986 -11.082764 2.431763
16.119141 -11.124512 2.431931
16.148804 -11.201904 2.432892
16.178223 -11.279297 2.433838
16.133179 -11.299805 2.433533
16.125244 -11.348633 2.433838
16.152710 -11.428223 2.433105
16.171875 -11.498779 2.433899
16.149536 -11.537354 2.433990
14.481567 -10.372070 2.406754
14.328125 -10.349121 2.404953
14.147949 -10.302002 2.402679
13.995605 -10.276611 2.400879
14.002930 -10.332031 2.401443
13.897583 -10.294678 2.400024
13.913818 -10.357422 2.400726
13.811646 -10.370850 2.399796
13.733643 -10.354736 2.398849
13.609253 -10.347412 2.397522
13.518555 -10.319092 2.396347
13.403809 -10.318359 2.395172
13.348755 -10.319336 2.394608
13.273926 -10.352295 2.394135
13.087280 -10.333984 2.392090
12.995361 -10.349609 2.391312
12.771240 -10.292725 2.388550
12.718384 -10.342041 2.388474
12.642822 -10.320801 2.387527
12.618530 -10.347168 2.387527
-3.098511 -8.569580 2.299927
-11.374878 -8.415527 2.351303
-11.690552 -8.089600 2.351349
-11.748291 -8.037842 2.351425
-12.012695 -8.107178 2.354065
-12.106323 -8.074219 2.354568
-12.256958 -8.117676 2.356110
-33.334473 -16.099121 2.586502
-26.824219 -11.117432 2.499695
-33.175781 -12.454102 2.563507
-33.133057 -12.345703 2.562531
-33.245361 -9.291992 2.548187
-62.427368 -7.081543 2.813568
-62.350586 -6.919189 2.812363
-62.273315 -6.757324 2.811142
-62.309814 -6.453613 2.810608
-71.031006 -4.895508 2.889175
-70.652954 18.649658 2.643143
-56.114624 15.888184 2.550827
-61.235352 17.789062 2.584137
-60.879761 18.005859 2.582138
-60.658325 18.260254 2.581024
-60.552856 18.387939 2.580505
-57.688599 17.685303 2.562225
-56.545288 17.639893 2.555176
-53.891602 18.554932 2.540115
-53.442627 18.547607 2.537399
-52.888550 18.502197 2.533997
-52.517578 18.517334 2.531784
-52.058594 18.500000 2.528992
-51.594360 18.478760 2.526169
-51.097534 18.443604 2.523148
-46.090088 18.200928 2.492905
-45.888428 18.251221 2.491791
-44.657227 18.148926 2.484344
-44.439575 18.187744 2.483139
-43.771484 18.168701 2.479172
-43.402710 18.142090 2.476959
-43.115479 18.147705 2.475281
-42.779907 18.131592 2.473297
-42.428223 18.107422 2.471191
-42.130981 18.104248 2.469452
-41.844971 18.104248 2.467789
-41.526855 18.089355 2.465912
-41.289795 18.107422 2.464569
-39.451660 18.240479 2.454208
-37.023682 17.257080 2.438248
-32.052368 38.124512 2.491684
-32.134277 38.587646 2.494247
-32.123535 39.135498 2.496964
-32.408569 39.661377 2.500595
-16.693237 24.923828 2.372299
-7.101318 17.754150 2.307632
-7.043823 17.741943 2.307465
-6.993896 17.745361 2.307404
-6.894897 17.751953 2.307281
-6.585327 17.741699 2.306763
-6.432861 17.737549 2.306519
-6.390259 17.755371 2.306580
-6.377441 17.843506 2.307114
-6.310181 18.042969 2.308289
-6.282715 18.098389 2.308609
-6.234131 18.225830 2.309372
-6.446045 18.885254 2.313614
-5.838379 17.746826 2.305618
-5.782959 17.730957 2.305435
-5.694214 17.752930 2.305466
-5.563232 17.539551 2.303970
-5.586060 17.725098 2.305191
-5.489014 17.724365 2.305069
-5.188477 17.690674 2.304550
-5.142334 17.695068 2.304535
-5.094238 17.693604 2.304474
-5.055786 17.719238 2.304611
-4.994019 17.678955 2.304291
-4.953735 17.698975 2.304382
-4.913452 17.719238 2.304489
-4.807861 17.687012 2.304184
-4.759888 17.684570 2.304123
-4.202881 17.690186 2.303802
-4.177490 17.759033 2.304245
-4.757935 20.554199 2.323105
-4.492065 21.338623 2.328247
-3.979736 21.239502 2.327484
-3.949707 21.336914 2.328140
-3.882568 21.280762 2.327759
-3.774170 21.276367 2.327713
-3.724854 21.293701 2.327850
-2.179199 17.670654 2.303406
-0.749268 17.631836 2.304016
-0.711792 17.677246 2.304382
-0.490723 18.041016 2.307129
-0.448975 18.062500 2.307343
-0.403198 18.037598 2.307205
-0.360107 18.041260 2.307297
-0.273926 18.048340 2.307449
-0.224121 17.970459 2.306946
-0.158203 17.681641 2.305023
-0.068237 17.612305 2.304642
0.100952 17.612061 2.304871
0.141113 17.643799 2.305161
0.182495 17.657959 2.305298
0.269165 17.622070 2.305161
0.312744 17.594971 2.305054
0.354248 17.608887 2.305206
1.152100 18.057861 2.309662
1.195068 18.087646 2.309937
1.238281 18.058350 2.309814
1.281250 18.040771 2.309784
7.470947 28.671875 2.402695
7.541748 28.668457 2.402954
7.475708 22.828613 2.363007
9.091431 22.329834 2.366882
13.035400 20.878906 2.379044
12.006226 18.224121 2.356995
13.662476 20.931641 2.383194
13.724609 20.922363 2.383545
13.795288 20.928223 2.384018
13.863403 20.928711 2.384430
13.928345 20.923828 2.384811
13.996338 20.923828 2.385254
14.064575 20.923828 2.385681
14.132690 20.923340 2.386093
14.201172 20.922852 2.386520
14.257080 20.902344 2.386765
14.334839 20.916260 2.387344
14.409546 20.924805 2.387863
14.462646 20.898926 2.388046
14.537354 20.906982 2.388596
14.609253 20.910156 2.389069
14.674805 20.903320 2.389465
14.743530 20.901123 2.389893
14.812744 20.898926 2.390305
14.881470 20.896240 2.390747
14.956909 20.903320 2.391281
15.019531 20.890381 2.391617
15.095215 20.896973 2.392136
15.170776 20.903320 2.392670
15.246704 20.909180 2.393219
15.316040 20.905273 2.393646
15.388672 20.905762 2.394150
15.461670 20.906982 2.394623
15.524536 20.892334 2.394974
15.594238 20.887451 2.395401
15.657227 20.872803 2.395737
15.790039 20.853027 2.396530
15.869995 20.861572 2.397095
15.953369 20.875000 2.397751
12.677856 16.121094 2.349335
16.096680 20.867676 2.398666
16.166748 20.861328 2.399109
12.326538 15.387451 2.342911
12.479370 15.522705 2.344711
20.238525 26.184082 2.456100
20.794067 25.393799 2.455688
20.826050 25.310547 2.455475
20.940063 25.333496 2.456406
21.025513 25.319580 2.456924
21.118408 25.313965 2.457565
21.225586 25.327148 2.458389
21.311279 25.311768 2.458923
15.887207 18.352295 2.383698
15.909180 18.290039 2.383545
15.919800 18.214355 2.383209
15.941406 18.152344 2.383041
15.995605 18.131104 2.383331
16.042603 18.101074 2.383499
16.111816 18.097900 2.384003
13.093750 14.333252 2.342712
21.506958 24.464111 2.455948
21.501587 24.339355 2.455276
21.499756 24.219727 2.454620
21.504639 24.108887 2.454117
21.490479 23.976074 2.453339
21.490967 23.860840 2.452759
21.521118 23.781738 2.452576
21.501953 23.644531 2.451736
21.539062 23.574463 2.451675
19.340820 20.909180 2.421982
19.379028 20.853027 2.421997
19.440552 20.823730 2.422302
21.932617 23.575684 2.454590
22.031250 23.575439 2.455322
22.106689 23.548096 2.455765
22.209351 23.551025 2.456573
22.312134 23.554199 2.457336
22.426758 23.570068 2.458282
23.996216 20.731201 2.457458
24.719238 20.788086 2.463623
25.164673 20.682373 2.466843
25.293579 20.694824 2.467957
25.632812 20.687256 2.470734
25.762207 20.697754 2.471878
25.834106 20.658691 2.472305
26.715576 20.689697 2.479843
26.814941 20.670166 2.480606
26.950806 20.679932 2.481781
28.586670 21.682617 2.499603
28.679688 21.650391 2.500275
28.813965 21.650879 2.501419
29.418213 21.591797 2.506363
29.446411 21.401367 2.505905
30.029175 20.468994 2.503372
35.296631 17.459717 2.542419
36.306152 17.045166 2.550964
47.676392 17.881348 2.661697
48.019653 17.886963 2.665039
48.575439 17.843750 2.670410
51.406006 17.836426 2.698090
52.557007 17.565674 2.709030
52.609741 17.447754 2.709412
54.252563 17.171875 2.725296
54.410278 17.083984 2.726746
54.557007 16.991943 2.728104
54.653198 16.883545 2.728943
54.816406 16.795654 2.730469
58.700684 16.828857 2.769089
59.523560 16.622070 2.777115
60.323608 16.699707 2.785172
63.605225 16.519287 2.817841
71.387207 -9.590820 2.915314
71.433960 -10.104980 2.917145
71.386963 -10.267334 2.917084
64.187866 -9.362305 2.842041
66.058716 -9.798340 2.862091
35.076538 -5.670898 2.538559
34.911255 -5.805908 2.537292
34.943970 -5.893555 2.537872
34.913452 -6.297607 2.538742
47.098389 -9.040527 2.669266
33.586548 -6.442871 2.525894
33.456665 -6.495361 2.524750
33.384033 -6.559570 2.524216
33.294312 -6.619629 2.523514
36.659058 -7.406494 2.559677
48.604736 -10.037598 2.687485
43.172241 -8.984131 2.629807
42.807861 -9.008301 2.626251
40.571777 -9.889893 2.606949
40.565552 -9.987061 2.607239
40.553345 -10.082764 2.607452
40.546509 -10.179688 2.607742
35.052979 -8.833252 2.548492
34.794434 -8.849854 2.545990
34.547607 -8.868164 2.543610
34.147949 -8.843994 2.539581
33.810913 -8.834961 2.536194
21.169067 -8.917725 2.413788
20.556763 -8.694580 2.406921
20.440552 -8.696045 2.405823
20.356445 -8.711182 2.405106
20.208618 -8.696533 2.403641
20.087524 -8.694092 2.402481
19.939941 -8.678223 2.401031
19.850830 -8.689453 2.400238
19.819946 -8.727539 2.400146
19.841797 -8.791748 2.400681
19.842163 -8.845215 2.400955
18.910645 -9.065674 2.393433
18.785522 -9.052490 2.392212
17.730225 -8.844727 2.381378
16.140991 -10.233643 2.373657
16.145386 -10.340088 2.374359
16.142944 -10.546631 2.375641
16.145508 -10.813477 2.377365
16.141357 -10.917725 2.378006
16.106445 -10.945557 2.377899
16.113525 -11.004395 2.378326
16.101562 -11.049561 2.378510
16.140869 -11.134033 2.379410
16.152100 -11.197021 2.379898
16.116333 -11.224365 2.379791
16.155029 -11.309082 2.380661
16.132935 -11.347656 2.380722
16.111816 -11.441895 2.381180
16.103394 -11.490723 2.381424
16.131470 -11.569092 2.382187
14.429688 -10.370605 2.360107
14.299072 -10.365234 2.358978
14.196167 -10.381104 2.358246
14.025635 -10.340332 2.356567
14.001099 -10.369873 2.356567
13.918579 -10.350586 2.355759
13.912109 -10.395264 2.356018
13.774048 -10.377686 2.354767
13.512451 -10.351807 2.352463
13.432861 -10.381836 2.352036
13.320312 -10.332520 2.350784
13.276367 -10.392334 2.350845
13.067871 -10.354492 2.348923
13.014893 -10.405029 2.348862
12.769165 -10.327881 2.346359
12.716431 -10.377197 2.346298
12.657715 -10.371582 2.345795
12.586670 -10.353760 2.345108
6.372314 -8.723877 2.288940
5.606934 -8.734131 2.284821
-2.423950 -8.626465 2.271759
-11.386475 -8.387451 2.308151
-11.825928 -8.091553 2.308807
-11.900146 -8.092285 2.309219
-11.979614 -8.095459 2.309692
-11.937866 -8.027344 2.309067
-12.108398 -8.083252 2.310364
-33.073242 -9.161133 2.446289
-58.899292 -7.277344 2.611511
-60.305908 -7.296143 2.621002
-60.741333 -7.197021 2.623627
-62.585693 -6.636475 2.634491
-62.432129 -6.466797 2.633026
-62.985840 -6.211914 2.636063
-56.835938 15.347168 2.393677
-65.960693 18.276367 2.426804
-62.558105 17.836426 2.414474
-55.581177 16.316650 2.389175
-61.119629 18.071533 2.409286
-60.885376 18.162842 2.408463
-60.768921 18.288086 2.408051
-58.115723 17.656738 2.398453
-58.006348 17.776855 2.398071
-57.358521 17.733154 2.395752
-56.281494 18.002441 2.391953
-56.199097 18.126953 2.388153
-56.071899 18.236084 2.387741
-54.033936 18.599365 2.380859
-53.590210 18.594727 2.379318
-53.097046 18.570068 2.377625
-52.598755 18.541992 2.375900
-52.250244 18.563232 2.374725
-51.758057 18.532715 2.373016
-51.404663 18.548584 2.371826
-50.146973 18.515381 2.367523
-49.701050 18.490479 2.365997
-49.255493 18.464111 2.364471
-48.832275 18.443115 2.363022
-48.458984 18.438721 2.361771
-48.003662 18.402100 2.360199
-47.778809 18.450195 2.359482
-46.678467 18.294189 2.355682
-38.345215 15.425049 2.325867
-38.509644 15.597900 2.326538
-44.976440 18.271729 2.349976
-44.731445 18.300293 2.349182
-38.130615 15.771973 2.325394
-43.954102 18.238770 2.346527
-43.254395 18.200684 2.344193
-42.501953 18.134277 2.341644
-42.258911 18.153809 2.340866
-41.961792 18.149658 2.339890
-41.600342 18.116455 2.338684
-40.986206 18.092285 2.336639
-40.598755 18.160645 2.335434
-39.798584 18.159668 2.332825
-39.466675 18.127441 2.331726
-39.257568 18.148682 2.331070
-38.456055 18.128174 2.328445
-36.220215 33.648926 2.349197
-34.128296 38.423828 2.357132
-32.191162 39.017090 2.355270
-32.420776 39.475098 2.357010
-36.008179 51.356445 2.398895
-35.803711 51.329834 2.398544
-16.718994 24.947754 2.287979
-6.704956 17.763916 2.253540
-6.662476 17.782471 2.253616
-6.610596 17.779541 2.253571
-6.561035 17.781738 2.253571
-6.513916 17.789551 2.253586
-6.457520 17.775391 2.253510
-6.405884 17.771729 2.253479
-6.395508 17.865479 2.253830
-6.393677 17.980225 2.254272
-6.359863 18.020020 2.254395
-6.312134 18.026855 2.254425
-6.252563 18.126953 2.254791
-5.449463 16.279297 2.247543
-5.436768 16.360352 2.247833
-5.410767 16.408691 2.248016
-6.187744 18.468750 2.256088
-6.154297 18.513428 2.256256
-5.852783 17.876953 2.253754
-5.763306 17.773682 2.253342
-5.712158 17.768311 2.253311
-5.669678 17.784424 2.253372
-5.614746 17.767822 2.253311
-5.570190 17.778809 2.253326
-5.365601 17.748291 2.253204
-5.315063 17.741943 2.253174
-5.270630 17.751953 2.253220
-5.222412 17.750732 2.253220
-5.178101 17.760254 2.253250
-5.119751 17.730957 2.253128
-5.071533 17.729492 2.253128
-5.023438 17.727539 2.253128
-4.992554 17.775635 2.253326
-4.936768 17.751465 2.253235
-4.892456 17.760254 2.253265
-4.821777 17.691650 2.253006
-4.223755 17.729736 2.253021
-4.172852 17.714355 2.252975
-4.468018 21.420410 2.267792
-3.913208 21.372070 2.267883
-3.731079 21.282715 2.267609
-3.699829 21.379883 2.268036
-2.196899 17.716797 2.254059
-0.800903 17.633057 2.255142
-0.759399 17.643799 2.255219
-0.717163 17.648193 2.255310
-0.539917 18.013672 2.257080
-0.460327 18.091797 2.257507
-0.417236 18.095947 2.257584
-0.373779 18.099609 2.257645
-0.328613 18.080322 2.257645
-0.285400 18.083740 2.257706
-0.242188 18.087158 2.257797
-0.188599 17.956299 2.257324
-0.120361 17.627197 2.256027
-0.078735 17.635986 2.256134
-0.036377 17.638916 2.256210
0.005981 17.636230 2.256241
0.048096 17.638916 2.256332
0.088745 17.665039 2.256500
0.132935 17.638428 2.256454
0.174927 17.640869 2.256531
0.215576 17.666748 2.256699
0.258911 17.651611 2.256714
0.302002 17.636230 2.256714
0.344116 17.638428 2.256775
1.057007 18.057617 2.259781
1.100098 18.075684 2.259933
1.143311 18.064209 2.259964
1.186523 18.029541 2.259888
9.319092 22.830811 2.304520
13.648315 20.922119 2.316101
14.320312 20.906738 2.319321
14.382690 20.895752 2.319595
14.454224 20.899170 2.319962
14.525879 20.902588 2.320328
14.588501 20.890869 2.320602
14.653809 20.884033 2.320908
14.719482 20.876953 2.321213
14.866943 20.886963 2.321976
14.942261 20.893799 2.322372
15.077148 20.882568 2.323029
15.152954 20.888916 2.323425
15.218994 20.880371 2.323730
15.308105 20.905518 2.324280
15.446655 20.897461 2.324951
15.569458 20.863770 2.325470
15.649170 20.873535 2.325912
15.698853 20.839355 2.326065
15.928223 20.851562 2.327271
16.005005 20.854980 2.327698
12.596313 15.936768 2.293976
12.617676 15.886230 2.293915
16.215088 20.835693 2.328735
16.295654 20.843262 2.329163
20.254272 26.218018 2.367233
20.254761 26.087891 2.366806
20.665039 25.361572 2.366684
20.739868 25.333984 2.367004
20.817871 25.310791 2.367355
20.913940 25.311035 2.367874
21.017456 25.319824 2.368469
21.103027 25.305664 2.368881
21.246582 25.364258 2.369858
15.933594 18.421387 2.319611
15.937378 18.336670 2.319366
15.930054 18.237793 2.319031
15.962402 18.189453 2.319061
15.983765 18.126953 2.318985
16.034302 18.101562 2.319183
16.122314 18.120850 2.319733
21.573242 24.554688 2.369186
21.553223 24.412109 2.368652
21.540161 24.278809 2.368179
21.537964 24.158936 2.367798
21.538940 24.043457 2.367477
21.509644 23.777832 2.366516
21.550293 23.597168 2.366226
19.378540 20.862061 2.346024
19.470703 20.868164 2.346542
21.897461 23.545654 2.368011
21.988281 23.536133 2.368515
22.083252 23.531006 2.369049
22.323853 23.576660 2.370544
23.311401 23.534180 2.376099
24.037354 20.677979 2.372955
24.698364 20.777100 2.377243
25.192261 20.713867 2.380157
25.428467 20.718750 2.381622
25.602295 20.668457 2.382599
25.718750 20.667969 2.383331
25.852905 20.682129 2.384186
27.061646 20.775879 2.392014
28.972900 21.676514 2.406113
28.442871 21.156982 2.401627
28.992920 21.480713 2.405838
29.178467 21.519043 2.407104
30.022339 20.478516 2.410461
35.335571 17.484619 2.437698
35.314575 17.371826 2.437424
47.723633 17.903320 2.525436
48.132446 17.933838 2.528397
48.551636 17.838379 2.531342
49.058472 17.386475 2.534760
49.622803 17.462646 2.538864
49.840698 17.151855 2.540314
54.215210 17.301514 2.572052
58.565918 17.235596 2.603729
63.162720 16.718262 2.637390
65.586060 16.559570 2.655228
71.409546 -9.594971 2.721313
71.439331 -9.937744 2.722305
71.439087 -10.106445 2.722672
71.438477 -10.275879 2.723068
64.146484 -9.357178 2.667282
58.281128 -9.171631 2.623688
57.600708 -9.198486 2.618744
35.284302 -5.624756 2.446243
50.066284 -9.032715 2.563034
48.598999 -9.107178 2.552460
48.589111 -9.221191 2.552689
48.619141 -9.343262 2.553207
48.648804 -9.465088 2.553741
48.586304 -9.568848 2.553558
48.603760 -9.688965 2.553986
48.592651 -9.803223 2.554214
48.556885 -10.145752 2.554840
40.547852 -9.787354 2.495575
40.536255 -9.883057 2.495743
40.535645 -9.981201 2.496033
40.534790 -10.080078 2.496307
35.083008 -8.758057 2.452988
34.702148 -8.827637 2.450439
34.325195 -8.810791 2.447662
33.954224 -8.793457 2.444916
32.692383 -8.770508 2.435745
32.587158 -8.820557 2.435135
32.249146 -10.403564 2.437668
23.093750 -9.123535 2.368546
22.808594 -9.122559 2.366562
20.290405 -8.684326 2.347412
19.814087 -8.996094 2.345352
19.798340 -9.042236 2.345428
19.693115 -9.043945 2.344711
19.635376 -9.068359 2.344406
19.504150 -9.056396 2.343460
19.404663 -9.059570 2.342804
19.284180 -9.051514 2.341949
19.163940 -9.043213 2.341095
19.059448 -9.041748 2.340363
18.981079 -9.053955 2.339890
18.876709 -9.052246 2.339188
18.098267 -8.999023 2.333679
17.388306 -8.662842 2.327484
14.888672 -8.493164 2.310120
16.163208 -10.303955 2.326721
16.171875 -10.413818 2.327301
16.193237 -10.535889 2.326340
16.186401 -10.636475 2.326782
16.161255 -10.671387 2.326797
16.183594 -10.740479 2.327255
16.194336 -10.855469 2.327881
16.279175 -11.026611 2.329239
16.187744 -11.011963 2.328583
16.168701 -11.106445 2.328934
16.240356 -11.215576 2.329910
16.172241 -11.218506 2.329498
16.187622 -11.285156 2.329910
16.170410 -11.327148 2.330017
16.158447 -11.429199 2.330444
16.154663 -11.481934 2.330673
16.182983 -11.559814 2.331238
14.505737 -10.387695 2.315140
14.444702 -10.388916 2.314774
14.365723 -10.375244 2.314209
14.236816 -10.321045 2.313171
14.235352 -10.369629 2.313400
14.152222 -10.351318 2.312790
14.022217 -10.344238 2.311981
13.951294 -10.384521 2.311737
13.917847 -10.406250 2.311646
13.790771 -10.348877 2.310608
13.793091 -10.400635 2.310883
13.719604 -10.387939 2.310379
13.568726 -10.357910 2.309311
13.484619 -10.384033 2.308945
13.162842 -10.397461 2.307114
13.035889 -10.381836 2.306259
12.959351 -10.361816 2.305710
12.854614 -10.364746 2.305115
12.704224 -10.373291 2.304276
12.645752 -10.367676 2.303909
-11.394775 -8.431885 2.265305
-11.914795 -8.140137 2.265625
-11.938721 -8.110596 2.265549
-12.063599 -8.140625 2.266113
-33.383911 -17.662109 2.379837
-33.425537 -17.578613 2.379623
-33.373291 -16.119873 2.373367
-33.170532 -10.889160 2.352921
-62.509155 -6.782959 2.456039
-62.530640 -6.630859 2.455750
-62.540039 -6.477783 2.455429
-62.409058 -6.310547 2.454498
-70.961914 18.180176 2.245850
-56.833252 15.346924 2.233093
-66.007324 18.119141 2.240707
-65.884644 18.256836 2.240479
-62.617432 17.853760 2.237381
-61.056152 17.735107 2.235825
-61.036133 17.888428 2.235718
-60.931274 18.019043 2.231552
-60.826172 18.147705 2.231384
-60.570923 18.391113 2.231018
-57.975342 17.769287 2.228943
-56.490112 17.620850 2.227646
-56.166748 17.968506 2.227158
-55.924194 18.189697 2.226837
-52.867188 18.492676 2.223923
-52.070312 18.501953 2.223221
-50.899536 18.510254 2.222168
-50.348022 18.589355 2.221649
-49.648804 18.472900 2.221085
-49.280151 18.474121 2.220764
-48.857178 18.453369 2.220413
-48.467163 18.442871 2.220078
-48.083130 18.432861 2.219742
-47.731934 18.434082 2.219421
-38.429443 15.459473 2.212448
-45.371216 18.302246 2.217468
-45.082275 18.315186 2.217209
-44.761230 18.313477 2.216949
-44.391357 18.291504 2.216629
-44.016357 18.265137 2.216324
-43.696289 18.259033 2.216064
-43.430298 18.274170 2.215836
-43.040283 18.236572 2.215530
-42.785889 18.253662 2.215302
-41.478760 18.185791 2.214249
-41.230835 18.198486 2.214035
-40.956055 18.198975 2.213821
-40.251587 18.244873 2.213242
-39.881592 18.197754 2.212952
-39.334961 18.185059 2.212524
-35.664917 33.629639 2.214264
-32.112671 40.460938 2.218979
-6.715576 17.681396 2.201324
-6.666016 17.683838 2.201355
-6.628540 17.712891 2.201447
-6.569702 17.693848 2.201462
-6.520630 17.696045 2.201492
-6.468872 17.692871 2.201523
-6.417358 17.689697 2.201553
-6.375244 17.707275 2.201614
-5.477783 15.709229 2.199631
-5.428955 15.697998 2.199646
-5.398193 15.729980 2.199707
-6.288940 17.978516 2.202042
-6.245117 18.116455 2.202255
-6.252441 18.259033 2.202438
-6.226685 18.319824 2.202545
-6.163208 18.288330 2.202560
-6.156372 18.398438 2.202713
-4.263428 13.750732 2.197937
-4.211060 13.714844 2.197922
-4.410767 14.321777 2.198593
-5.679443 17.692139 2.202133
-4.163086 13.883789 2.198212
-5.586426 17.702148 2.202240
-5.535889 17.696533 2.202271
-5.436890 17.689941 2.202347
-5.388550 17.688965 2.202393
-5.344116 17.699219 2.202438
-5.291870 17.687012 2.202469
-5.245483 17.691650 2.202515
-5.201416 17.701172 2.202591
-5.151123 17.694092 2.202621
-5.094116 17.677246 2.202408
-5.059448 17.714111 2.202499
-5.003662 17.690430 2.202515
-4.961304 17.704834 2.202576
-4.917114 17.714111 2.202637
-4.198242 17.656982 2.203232
-4.454346 21.380859 2.208344
-4.946533 23.467529 2.210831
-3.893433 21.304199 2.208878
-3.823853 21.236328 2.208862
-3.717041 21.237061 2.209000
-0.835815 17.593506 2.207443
-0.795044 17.609863 2.207520
-0.752930 17.614746 2.207596
-0.453369 18.051270 2.208740
-0.405884 18.008545 2.208755
-0.365601 18.041504 2.208878
-0.319824 18.015869 2.208908
-0.279541 18.048584 2.209030
-0.234863 18.034912 2.209076
-0.177612 17.857178 2.208893
-0.114868 17.597656 2.208603
-0.074219 17.618652 2.208694
-0.029053 17.580322 2.208710
0.013306 17.577881 2.208771
0.055176 17.580566 2.208847
0.095703 17.606445 2.208969
0.139648 17.580078 2.209000
0.222412 17.608643 2.209167
0.263062 17.634033 2.209290
0.307373 17.595215 2.209320
0.349487 17.591553 2.209381
0.931030 18.038330 2.211105
0.974365 18.033447 2.211166
1.017456 18.028076 2.211243
1.060547 18.022705 2.211319
1.103638 18.011475 2.211380
7.552246 28.707764 2.242157
9.234741 22.582520 2.239059
13.645630 20.912109 2.250992
14.370361 20.870850 2.253479
14.451416 20.889404 2.253769
14.520020 20.887939 2.254013
14.576050 20.866455 2.254196
14.641479 20.859375 2.254425
14.722778 20.877197 2.254715
14.775879 20.850098 2.254883
11.416870 15.568359 2.237000
14.939331 20.884033 2.255508
11.468750 15.485840 2.237091
15.074219 20.873291 2.255966
15.133545 20.854980 2.256180
15.212402 20.865723 2.256470
15.298096 20.886230 2.256790
15.351196 20.858154 2.256943
15.430542 20.868408 2.257248
15.503296 20.868896 2.257507
15.586182 20.883301 2.257828
15.639038 20.854248 2.257996
15.712280 20.854248 2.258240
15.778564 20.843750 2.258484
15.861816 20.857422 2.258804
15.924927 20.841797 2.259018
12.551392 15.948975 2.241501
12.535400 15.845947 2.241333
16.151733 20.847412 2.259842
16.221924 20.840576 2.260117
16.281860 20.819580 2.260300
12.209717 15.079102 2.239319
20.248047 26.073730 2.280380
20.657837 25.347656 2.281174
20.725342 25.311035 2.281387
20.824951 25.315674 2.281769
20.921143 25.315918 2.282120
21.020874 25.320068 2.282501
21.095581 25.291992 2.282761
21.202881 25.304688 2.283188
21.281250 25.280273 2.283463
15.900513 18.375732 2.256424
15.897095 18.281738 2.256317
15.911377 18.210205 2.256317
15.962158 18.184570 2.256485
15.968628 18.104492 2.256439
16.030273 18.092285 2.256653
16.164795 18.081299 2.257156
21.517212 24.482910 2.283600
21.511963 24.358398 2.283463
21.545044 24.163330 2.283432
21.508545 24.003174 2.283127
21.505249 23.883789 2.283005
21.550659 23.822510 2.283127
21.531494 23.685303 2.282928
21.503906 23.539551 2.282700
21.602051 23.540527 2.283081
19.389893 20.871582 2.272125
19.416504 20.802002 2.272156
21.881714 23.523682 2.284149
22.383179 23.526855 2.286118
24.720459 20.694580 2.293503
25.165039 20.588135 2.295303
25.267334 20.577148 2.295731
25.360840 20.558838 2.296112
25.597046 20.660889 2.297180
25.717773 20.664307 2.297668
29.083252 21.654297 2.312485
29.245728 21.674561 2.313202
29.339233 21.640869 2.313568
26.650269 18.341064 2.300552
30.012329 20.366211 2.315964
35.318359 17.473877 2.335220
48.466309 17.677002 2.395828
48.420654 17.532471 2.395691
48.478760 17.426758 2.396011
48.432251 17.282715 2.395859
49.791260 17.003906 2.402344
54.035278 17.240723 2.422226
62.041992 16.722656 2.460510
71.370972 15.941162 2.505676
71.349121 -9.417725 2.531326
71.373901 -9.759033 2.532074
71.425171 -10.273926 2.533279
63.930420 -9.324951 2.496185
62.490112 -9.257812 2.489288
59.352905 -9.203857 2.474411
58.095703 -9.279541 2.468643
56.976685 -9.230957 2.463272
35.042236 -5.747803 2.353363
49.920410 -9.005371 2.429688
48.612793 -9.574219 2.424713
48.561890 -9.680420 2.424698
42.472412 -8.936279 2.394669
41.818604 -8.994385 2.391739
41.483398 -9.019287 2.390228
40.704834 -9.826172 2.388321
40.653198 -9.912109 2.388275
40.692383 -10.020996 2.388702
40.504395 -10.071289 2.387939
35.054443 -8.835205 2.359863
34.609619 -8.802246 2.357742
34.289062 -8.800293 2.356247
33.884033 -8.774170 2.354309
33.598145 -8.778320 2.352982
33.312134 -8.781494 2.351669
32.987061 -8.772217 2.350128
32.613037 -8.826904 2.348511
32.180420 -10.379395 2.350174
23.005371 -9.085205 2.305145
22.715210 -9.081299 2.303818
19.791138 -8.983643 2.290482
19.770020 -9.026855 2.290512
19.659790 -9.025879 2.290024
19.581055 -9.040039 2.289703
19.455444 -9.030273 2.289108
19.355591 -9.033447 2.288681
19.266724 -9.041260 2.288315
19.151611 -9.035156 2.287781
19.021118 -9.020752 2.287170
18.953369 -9.038086 2.286911
18.034546 -8.963135 2.282669
17.283813 -8.604004 2.278320
14.951294 -8.531006 2.267990
14.803101 -8.480957 2.267212
16.136353 -10.233887 2.276688
16.146118 -10.292236 2.276917
16.150024 -10.398926 2.277283
16.172485 -10.519043 2.277740
16.161011 -10.616211 2.278000
16.145508 -10.657715 2.278076
16.153687 -10.716309 2.278290
16.150269 -10.820557 2.278610
16.151123 -10.928711 2.278961
16.139404 -10.973633 2.279068
16.176392 -11.110107 2.279663
16.085205 -11.095459 2.279251
16.166016 -11.211426 2.279938
16.164429 -11.320312 2.280289
16.151489 -11.365967 2.280396
16.138794 -11.411133 2.280487
16.130371 -11.460205 2.280609
16.172485 -11.549316 2.281067
16.145264 -11.584229 2.281082
14.472290 -10.358398 2.270294
14.429810 -10.374512 2.270187
14.364380 -10.371826 2.269913
14.230957 -10.313721 2.269196
14.234009 -10.366211 2.269379
14.146240 -10.344238 2.268951
13.980225 -10.307129 2.268173
13.945312 -10.377197 2.268250
13.889771 -10.380371 2.268036
13.766968 -10.326416 2.267380
13.742554 -10.355713 2.267395
13.518677 -10.312256 2.266342
13.492310 -10.388428 2.266525
13.223389 -10.350098 2.265320
13.087402 -10.327148 2.264709
13.017212 -10.362305 2.264557
12.953979 -10.354248 2.264282
12.836304 -10.344971 2.263779
12.660278 -10.329590 2.263062
12.610229 -10.332275 2.262878
-11.372437 -8.419189 2.223389
-11.455933 -8.429199 2.223495
-12.109985 -8.125488 2.223114
-26.708008 -16.578613 2.264313
-20.776611 -11.331055 2.241898
-33.416138 -17.367432 2.273544
-33.377808 -17.245605 2.273163
-33.397339 -17.151855 2.272888
-33.337402 -17.019775 2.272430
-33.393066 -16.944092 2.272247
-33.401245 -16.845459 2.271973
-33.351074 -16.719482 2.271530
-33.355103 -16.517578 2.270920
-33.351196 -16.414307 2.270615
-33.342041 -16.308838 2.270294
-33.348389 -16.210693 2.270004
-20.878540 -10.392578 2.239166
-21.038940 -10.335449 2.239182
-26.801758 -12.781738 2.252701
-26.794067 -12.697266 2.252457
-33.151245 -10.884277 2.254761
-33.074707 -9.249512 2.250427
-51.189941 -7.119873 2.268585
-58.894287 -7.422852 2.279312
-60.551025 -7.475342 2.281601
-60.690552 -7.341797 2.281494
-62.663818 -6.799805 2.282928
-63.232910 -6.703613 2.283478
-62.648315 -6.489258 2.282242
-71.105225 18.396240 1.994934
-67.856812 18.091553 2.002594
-56.644043 15.441406 2.031601
-66.176514 18.163330 2.006195
-65.976074 18.450439 2.006195
-62.622803 17.853516 2.014542
-61.661621 17.744873 2.016830
-61.064575 17.894287 2.017929
-61.043701 18.048096 2.017731
-60.687256 18.262939 2.018158
-55.732544 17.091309 2.030975
-56.492798 17.767822 2.028214
-58.786865 18.631592 2.021759
-60.455933 19.471680 2.016739
-51.197388 18.474121 2.035690
-49.582520 18.446289 2.039429
-49.192261 18.439453 2.040314
-48.747192 18.544434 2.041183
-48.110352 18.440918 2.042786
-47.386963 18.432617 2.044464
-44.554321 18.354248 2.051041
-43.853516 18.320557 2.052704
-42.563965 18.280273 2.055695
-41.974976 18.274170 2.057068
-41.106812 18.261475 2.059067
-40.697266 18.320312 2.059891
-40.428467 18.320068 2.060516
-39.843262 18.294434 2.061890
-39.557983 18.399170 2.062363
-35.034180 33.523926 2.047913
-6.742554 17.729248 2.135971
-6.692993 17.731934 2.136063
-6.643555 17.734375 2.136154
-6.591675 17.731201 2.136261
-6.540039 17.728271 2.136383
-6.492920 17.735840 2.136459
-6.436890 17.721680 2.136612
-6.396729 17.744873 2.136642
-6.233765 18.198975 2.136185
-4.448608 13.912354 2.147446
-4.411011 13.914795 2.147522
-4.342896 13.841064 2.147797
-4.329346 13.903320 2.147705
-4.347412 14.046875 2.147415
-4.371460 14.207275 2.147095
-4.210083 13.892822 2.147980
-4.277954 14.167725 2.147339
-4.279785 14.273682 2.147156
-5.535034 17.680420 2.138535
-5.490845 17.690430 2.138611
-5.444458 17.695312 2.138687
-5.394043 17.688965 2.138809
-5.347534 17.693848 2.138885
-5.293335 17.676025 2.139038
-5.249023 17.685791 2.139099
-5.203003 17.689941 2.139191
-5.156616 17.694336 2.139267
-5.104614 17.681641 2.139404
-5.064209 17.701904 2.139450
-5.004517 17.666992 2.139633
-4.256348 17.677490 2.140900
-4.219360 17.707031 2.140930
-4.589478 21.255615 2.133804
-4.537476 21.263184 2.133896
-4.497192 21.316650 2.133881
-4.461304 21.386475 2.133835
-3.185913 16.727295 2.144745
-4.375366 21.475586 2.133835
-3.782715 21.265137 2.135391
-3.735962 21.293945 2.135437
-2.242676 17.714844 2.144821
-0.891602 17.658203 2.147568
-0.843872 17.616699 2.147720
-0.548096 18.072266 2.147461
-0.503662 18.064453 2.147568
-0.460571 18.068604 2.147644
-0.415649 18.055176 2.147736
-0.376221 18.099854 2.147736
-0.080078 17.624512 2.149155
-0.037842 17.627441 2.149231
0.004517 17.624512 2.149323
0.047119 17.621582 2.149429
0.087769 17.647461 2.149460
0.132324 17.609131 2.149612
0.173950 17.617676 2.149673
0.298706 17.653809 2.149841
0.341309 17.650146 2.149918
0.385010 17.617188 2.150070
0.426880 17.625000 2.150131
0.470093 17.603271 2.150253
0.841675 17.937500 2.150345
0.883789 17.979004 2.150360
0.925781 18.027100 2.150345
0.969238 18.021729 2.150436
1.012085 18.016357 2.150528
1.055176 18.010986 2.150620
1.141235 18.000000 2.150803
7.550415 28.724854 2.143127
13.637329 20.906982 2.169113
14.436646 20.874512 2.170578
14.583130 20.885986 2.170807
14.658325 20.894043 2.170929
14.720947 20.882324 2.171051
15.009399 20.891113 2.171524
15.084961 20.897461 2.171646
15.365479 20.887207 2.172150
15.425171 20.868408 2.172287
15.504517 20.878418 2.172424
15.580811 20.883301 2.172531
15.647217 20.873535 2.172668
15.726929 20.883057 2.172791
15.776489 20.848877 2.172943
15.863037 20.866943 2.173065
15.933228 20.861328 2.173187
16.003052 20.855469 2.173309
16.079834 20.858643 2.173447
16.293579 20.843262 2.173843
20.242188 26.204102 2.171524
20.242676 26.073975 2.171738
20.635010 25.324219 2.173676
20.741455 25.338867 2.173843
20.830322 25.329590 2.174026
20.908569 25.306641 2.174179
21.008423 25.311035 2.174347
21.137329 25.351807 2.174484
21.197510 25.304688 2.174683
13.242432 15.106201 2.178329
15.920654 18.407715 2.177338
15.902588 18.295410 2.177475
15.913330 18.219482 2.177628
15.967041 18.109131 2.177902
16.050903 18.124268 2.178024
16.090454 18.084717 2.178162
16.151978 18.072510 2.178284
21.515503 24.487305 2.176605
21.506714 24.358398 2.176804
21.523438 24.260742 2.176987
21.524780 24.145508 2.177200
21.495728 23.994629 2.177383
21.511108 23.897217 2.177582
21.541748 23.818115 2.177765
21.514893 23.672119 2.177979
21.529175 23.575439 2.178162
19.292603 20.865234 2.178925
19.380737 20.867188 2.179062
22.199463 23.552002 2.179321
22.294556 23.546387 2.179504
23.301514 23.525879 2.181229
24.732666 20.710205 2.188263
24.875488 20.637451 2.188614
25.043701 20.685303 2.188812
25.150391 20.679199 2.188995
25.274902 20.687744 2.189194
25.346436 20.650146 2.189362
29.165771 21.722900 2.193893
30.070190 20.308838 2.197632
30.051270 20.193115 2.197784
35.620239 17.632080 2.206787
50.719727 17.332275 2.230408
54.236328 17.308838 2.235779
65.851318 16.465332 2.254745
71.408936 -10.272217 2.295105
60.248901 -9.203857 2.278214
58.262817 -9.169434 2.275436
56.475098 -9.148438 2.272949
49.961548 -9.013916 2.263779
48.769165 -9.723633 2.263107
48.751831 -9.837158 2.263260
42.923462 -8.932861 2.253937
41.908936 -8.915283 2.252518
41.010132 -8.913574 2.251266
40.819336 -9.757080 2.252167
40.687744 -9.922119 2.252213
35.098633 -8.763184 2.242889
34.650024 -8.814209 2.242325
33.301392 -8.780029 2.240417
32.036865 -10.332764 2.240753
23.118774 -9.135498 2.226700
17.869751 -8.876465 2.218964
17.309692 -8.669922 2.217911
14.916260 -8.512451 2.214310
16.132324 -10.232422 2.218231
16.160767 -10.355713 2.218430
16.197021 -10.538086 2.218719
16.171265 -10.624756 2.218796
16.157471 -10.774170 2.218964
16.186646 -10.902588 2.219162
16.286621 -11.033447 2.217773
16.271973 -11.132080 2.217880
16.194580 -11.127930 2.217773
16.238525 -11.215820 2.217926
16.128296 -11.186523 2.217758
16.177612 -11.334717 2.218018
16.185181 -11.507324 2.218216
16.181152 -11.560059 2.218292
14.460938 -10.403809 2.214508
14.363770 -10.375488 2.214340
14.246948 -10.380859 2.214172
14.056274 -10.374512 2.213928
13.944702 -10.380859 2.213760
13.806519 -10.364258 2.213547
13.764160 -10.378174 2.213516
13.644165 -10.375244 2.213333
13.544556 -10.339111 2.213165
13.473755 -10.376953 2.213120
13.308350 -10.380371 2.212891
13.108398 -10.350586 2.212570
13.020630 -10.370361 2.212479
12.809448 -10.324951 2.212112
12.756470 -10.374756 2.212112
12.685181 -10.357422 2.211990
12.643677 -10.367676 2.211929
-10.428467 -8.519531 2.172745
-11.372803 -8.460205 2.170807
-12.139526 -8.095459 2.168762
-33.263306 -18.228760 2.142853
-33.312622 -18.043945 2.142456
-33.422607 -17.995361 2.142166
-20.434082 -10.122803 2.155548
-20.529175 -10.039062 2.155228
-33.076172 -9.514648 2.129196
-33.096924 -9.254150 2.128723
-36.218872 -8.270264 2.120743
-57.567627 -6.547607 2.074295
-71.191162 18.238281 1.786911
-71.130371 18.405273 1.786835
-71.046631 18.566162 1.786880
-55.599487 14.733154 1.871536
-56.617920 15.437012 1.864929
-66.144531 18.158447 1.807465
-66.158936 18.505127 1.806610
-65.973755 18.625000 1.807266
-62.066772 17.701660 1.828842
-61.193604 17.775635 1.833023
-56.401855 16.555176 1.859680
-61.090820 18.065918 1.832870
-60.627563 18.249023 1.834763
-55.947754 17.159912 1.860550
-56.621216 17.661621 1.856018
-56.461060 17.761963 1.856583
-58.811157 18.643066 1.842850
-60.448242 19.312988 1.833160
-56.170410 18.119873 1.857162
-50.758179 18.460938 1.883057
-50.388794 18.467041 1.884857
-49.551758 18.438232 1.889038
-49.073486 18.534180 1.891159
-48.485596 18.450928 1.894241
-48.046631 18.420166 1.896484
-47.651978 18.404541 1.898438
-45.395020 18.312744 1.909698
-45.122437 18.332275 1.910980
-44.398682 18.295654 1.914597
-43.839111 18.318604 1.917282
-43.399780 18.386230 1.919235
-42.901367 18.302734 1.921875
-42.555054 18.280273 1.923615
-42.306274 18.297363 1.924774
-41.998413 18.288086 1.926285
-41.474854 18.304932 1.928787
-41.059814 18.363770 1.930634
-40.709961 18.329590 1.932419
-40.188354 18.335449 1.934906
-36.828979 17.167236 1.954300
-35.225586 33.549316 1.909317
-35.098145 33.591797 1.909698
-34.584595 33.591553 1.911896
-6.726929 17.712891 2.081863
-6.684570 17.731934 2.081909
-6.628052 17.718262 2.082153
-6.430542 17.727051 2.082733
-6.381226 17.728760 2.082886
-6.298584 18.131348 2.081390
-6.253296 18.143555 2.081482
-6.205444 18.150146 2.081604
-6.153320 18.145996 2.081787
-6.103271 18.146973 2.081940
-6.049072 18.137207 2.082138
-5.943359 17.996338 2.083084
-5.784424 17.719238 2.084778
-5.742188 17.735596 2.084839
-5.693237 17.735596 2.084991
-5.644653 17.735107 2.085144
-5.437012 17.707275 2.085678
-5.392578 17.717285 2.085770
-5.340088 17.705811 2.085983
-5.287598 17.693604 2.086182
-5.239380 17.692627 2.086334
-5.202881 17.723877 2.086304
-5.148804 17.706055 2.086548
-5.106689 17.721191 2.086609
-5.060303 17.725098 2.086716
-4.291626 17.669678 2.089188
-4.254639 17.699707 2.089157
-4.750610 20.520752 2.075134
-4.582397 21.261230 2.072266
-4.973022 23.580566 2.060776
-4.947510 23.714111 2.060242
-4.317017 21.494141 2.071945
-2.236328 17.726074 2.094391
-0.925049 17.653320 2.097839
-0.883057 17.658203 2.097916
-0.620361 18.011475 2.096878
-0.574951 17.992432 2.097046
-0.528564 17.961426 2.097290
-0.492432 18.035400 2.097046
-0.408203 18.066895 2.097076
-0.364136 18.058838 2.097214
0.011963 17.641846 2.099930
0.053955 17.644775 2.100006
0.096924 17.635498 2.100143
0.307007 17.659668 2.100449
0.348389 17.679199 2.100449
0.392334 17.646240 2.100677
0.434570 17.642334 2.100800
0.476318 17.656006 2.100815
0.519165 17.640137 2.100983
0.729980 17.647217 2.101364
0.767578 17.824219 2.100616
0.807861 17.918701 2.100250
0.849731 17.966553 2.100128
0.891479 18.020020 2.099960
0.934204 18.038086 2.099960
0.977661 18.027588 2.100098
1.020752 18.016357 2.100220
1.063843 18.005127 2.100372
1.150024 17.987793 2.100616
7.554688 28.737549 2.062347
9.068237 22.269287 2.092804
14.460815 20.899170 2.101730
14.535645 20.907227 2.101715
14.601074 20.900635 2.101761
14.669800 20.898682 2.101791
14.748047 20.911133 2.101746
14.820312 20.913818 2.101761
15.024170 20.900146 2.101868
15.103149 20.912109 2.101822
15.172363 20.908203 2.101852
15.235229 20.894775 2.101929
15.450073 20.892334 2.101959
15.519409 20.887939 2.101990
15.602417 20.902588 2.101944
15.668701 20.892578 2.102005
15.738647 20.887451 2.102036
15.795044 20.862793 2.102142
15.874878 20.871826 2.102112
15.948242 20.870605 2.102142
16.031494 20.883545 2.102097
16.091553 20.863037 2.102173
16.231812 20.849854 2.102249
20.208618 26.277100 2.081116
20.260986 26.217773 2.081345
20.268311 26.097168 2.081818
20.643311 25.323975 2.084885
20.746460 25.333740 2.084854
20.831787 25.320068 2.084915
20.945679 25.343018 2.084839
21.023926 25.319824 2.084915
21.113403 25.310059 2.084961
21.227661 25.331787 2.084854
21.320679 25.326172 2.084885
15.900024 18.370850 2.111969
15.907471 18.290527 2.112274
15.921753 18.218994 2.112549
15.957764 18.175293 2.112732
15.993774 18.131348 2.112900
16.044434 18.105957 2.112991
16.072754 18.052734 2.113190
16.204956 18.126221 2.112915
21.546387 24.513916 2.088013
21.537354 24.385254 2.088501
21.543213 24.273926 2.088928
21.518188 24.127197 2.089493
21.538086 24.034424 2.089844
21.534912 23.914795 2.090302
21.519653 23.782227 2.090805
21.530762 23.680664 2.091187
21.545166 23.583740 2.091568
21.628296 23.566895 2.091629
19.400391 20.879883 2.102097
19.450317 20.837158 2.102234
21.907959 23.549561 2.091660
22.002686 23.544678 2.091644
22.105225 23.548584 2.091629
22.211670 23.556152 2.091568
22.310791 23.554688 2.091553
22.501221 23.541748 2.091583
22.727417 23.566895 2.091431
22.795166 23.529053 2.091583
23.981689 20.719482 2.101425
24.732422 20.701904 2.101196
24.927734 20.675537 2.101196
24.968140 20.612061 2.101395
25.158813 20.678711 2.101074
25.265747 20.671875 2.101059
25.275024 20.580811 2.101379
25.753662 18.958496 2.106628
30.102417 20.324951 2.099503
30.092407 20.207275 2.095764
35.613159 17.623291 2.099319
50.788940 17.352539 2.084351
51.029419 17.304932 2.084198
58.545288 17.225830 2.075867
71.381958 16.116455 2.063232
75.025269 -9.736328 2.092026
74.845459 -9.889160 2.092422
59.322632 -9.339600 2.113403
56.421021 -9.272705 2.117325
49.965454 -9.132568 2.126068
48.776611 -9.958252 2.128403
48.730225 -10.065430 2.128540
48.723877 -10.181396 2.128647
42.916138 -9.032715 2.135559
41.928711 -8.918213 2.136810
41.389282 -8.998047 2.137589
40.974121 -9.002441 2.138153
40.559448 -9.005615 2.138702
40.713257 -9.828125 2.139114
40.539185 -10.277588 2.139648
34.640991 -8.810059 2.146439
34.243042 -8.871094 2.147003
33.922852 -8.866699 2.147415
33.326538 -8.784912 2.148148
32.991699 -8.853516 2.148636
32.089233 -10.347900 2.150604
23.019165 -9.090088 2.161224
22.734131 -9.088379 2.161560
17.317383 -8.621094 2.167542
17.281860 -8.650146 2.167587
14.850342 -8.509766 2.170029
16.186890 -10.370850 2.166641
16.195801 -10.429688 2.166611
16.169678 -10.568115 2.166595
16.187500 -10.633789 2.166550
16.180054 -10.733887 2.166504
16.186157 -10.845459 2.166458
16.174683 -10.890381 2.166443
16.189209 -11.009033 2.166367
16.228882 -11.093262 2.166306
16.174683 -11.107178 2.166351
16.187622 -11.225830 2.166275
16.184448 -11.278809 2.166260
16.185669 -11.334961 2.166245
16.160156 -11.426025 2.166214
16.183838 -11.500244 2.166153
16.170898 -11.545898 2.166153
16.180298 -11.609863 2.166107
14.516235 -10.391602 2.168076
14.428101 -10.370850 2.168167
14.283691 -10.354736 2.168304
14.264038 -10.388916 2.168304
14.198853 -10.385254 2.168350
14.050903 -10.363281 2.168488
13.961670 -10.388916 2.168533
13.863770 -10.406006 2.168610
13.736450 -10.348145 2.168732
13.674561 -10.394287 2.168747
13.504150 -10.396240 2.168869
13.248169 -10.369629 2.169083
13.151367 -10.382324 2.169144
12.965454 -10.362305 2.169281
12.890991 -10.392578 2.169312
12.819092 -10.375977 2.169388
12.654541 -10.322021 2.169525
12.647217 -10.364258 2.169510
-11.399048 -8.482422 2.127151
-12.171753 -8.118896 2.123764
-26.688599 -16.479004 2.061417
-26.715576 -15.870605 2.061203
-20.162354 -10.065430 2.088699
-20.280518 -9.930908 2.088104
-33.124390 -9.530029 2.028168
-33.145020 -9.269287 2.027817
-62.353516 -6.921875 1.885132
-67.357910 -6.963867 1.861115
-67.640137 -6.659668 1.859268
-71.094604 18.392334 1.572617
-56.562500 15.271973 1.693909
-66.186523 17.993408 1.611618
-66.143433 18.152832 1.611450
-61.284912 17.636719 1.650330
-61.085205 17.739746 1.651550
-61.087769 17.899902 1.651031
-61.005371 18.035889 1.651215
-60.900391 18.165039 1.651611
-60.671509 18.257080 1.653061
-58.035522 17.630127 1.675217
-57.482910 17.616699 1.679489
-56.695557 17.529053 1.685791
-56.519165 17.625244 1.686798
-58.721069 18.609375 1.666809
-56.335571 18.016846 1.686935
-60.395508 19.450928 1.651276
-51.287231 18.503662 1.723526
-49.495972 18.413330 1.734436
-49.149414 18.422363 1.737030
-48.990234 18.498535 1.737991
-48.539673 18.466064 1.741516
-48.144653 18.452393 1.744568
-47.711304 18.421875 1.747971
-47.191284 18.356445 1.752167
-46.983154 18.407959 1.753540
-45.448730 18.328857 1.765442
-45.192505 18.354980 1.767288
-44.893066 18.362549 1.769501
-44.414429 18.296631 1.773361
-44.180786 18.327637 1.775009
-43.817017 18.304199 1.777847
-43.529419 18.310791 1.779984
-43.166138 18.284668 1.782791
-42.862915 18.281494 1.785095
-42.570801 18.281494 1.787292
-42.284180 18.282715 1.789429
-41.927856 18.252930 1.792206
-41.647339 18.253418 1.794327
-41.323853 18.234619 1.796814
-41.054565 18.237061 1.798813
-40.855225 18.269287 1.800186
-40.371094 18.293213 1.803696
-40.113281 18.296387 1.805603
-39.625000 18.311035 1.809204
-33.992920 31.637207 1.785278
-34.082397 31.869629 1.783432
-34.505493 33.506592 1.771683
-34.293823 33.466553 1.773254
-34.141724 33.481689 1.774139
-36.283447 51.215576 1.655258
-35.586914 51.278320 1.658661
-7.597534 18.218750 2.018661
-6.796875 17.731201 2.025589
-6.749756 17.739258 2.025742
-6.693115 17.726074 2.026077
-6.253174 18.115723 2.025238
-6.194214 18.095459 2.025620
-6.151123 18.113037 2.025681
-6.099121 18.108643 2.025925
-6.045044 18.098633 2.026215
-5.988770 18.083252 2.026550
-5.804077 17.740234 2.029739
-5.744629 17.713623 2.030182
-5.693726 17.707764 2.030426
-5.636719 17.685791 2.030823
-5.533325 17.668701 2.031357
-5.491211 17.684570 2.031418
-5.448975 17.700439 2.031479
-5.402466 17.705322 2.031616
-5.337891 17.660156 2.032196
-5.291748 17.664551 2.032364
-5.245483 17.668945 2.032516
-5.195312 17.662109 2.032761
-5.159058 17.693848 2.032669
-5.099121 17.658936 2.033157
-5.055054 17.668457 2.033264
-5.010742 17.677490 2.033371
-4.402588 17.681396 2.035660
-3.728027 15.677490 2.052582
-4.295532 17.635010 2.036377
-4.263672 17.681641 2.036163
-4.969482 23.523193 1.991043
-4.955933 23.702148 1.989792
-4.935791 23.858398 1.988724
-4.256592 21.427246 2.008759
-2.240845 17.691162 2.042664
-0.887939 17.605469 2.047104
-0.625000 17.946533 2.045242
-0.586182 17.991943 2.044998
-0.546021 18.025146 2.044846
-0.501221 18.011719 2.045059
-0.373169 18.035156 2.045181
0.088745 17.588623 2.049591
0.130737 17.591064 2.049683
0.172729 17.593750 2.049744
0.341797 17.585449 2.050171
0.383057 17.604980 2.050125
0.425171 17.601074 2.050262
0.467896 17.591064 2.050430
0.509766 17.593018 2.050491
0.552734 17.571289 2.050751
0.594849 17.572998 2.050812
0.635498 17.609131 2.050629
0.678223 17.592773 2.050842
0.719727 17.612061 2.050781
0.760986 17.642334 2.050644
0.797974 17.865967 2.049042
0.839478 17.919434 2.048737
0.880859 17.990479 2.048279
0.923096 18.038330 2.047989
1.095581 18.022461 2.048462
1.138672 18.022949 2.048538
7.552856 28.747070 1.976181
9.067261 22.129150 2.025726
13.077881 20.861816 2.032288
13.634644 20.906494 2.031403
14.564819 20.861084 2.030563
14.649170 20.883789 2.030319
14.718140 20.881592 2.030228
14.790039 20.884033 2.030121
14.862061 20.886475 2.030014
14.924927 20.873779 2.030014
14.997070 20.875732 2.029907
15.062744 20.867676 2.029861
15.128784 20.859619 2.029816
15.201172 20.860596 2.029724
15.276855 20.866455 2.029587
15.372437 20.901611 2.029205
15.438721 20.892090 2.029175
15.495239 20.868164 2.029251
15.634277 20.858887 2.029099
15.704102 20.853516 2.029037
15.777100 20.853027 2.028931
15.843506 20.842529 2.028900
15.940308 20.875000 2.028549
15.996826 20.850098 2.028610
16.077148 20.857910 2.028442
16.136963 20.837402 2.028488
16.213867 20.840088 2.028351
16.284058 20.833252 2.028275
20.249756 26.217773 1.988007
20.257080 26.096924 1.988754
20.575317 25.374268 1.992752
20.628418 25.319092 1.993011
20.717407 25.310303 1.992905
20.813232 25.310791 1.992737
20.898682 25.296875 1.992676
20.994751 25.296387 1.992508
21.087524 25.291016 1.992386
21.183838 25.290283 1.992218
21.284058 25.293701 1.992020
15.907104 18.393799 2.044128
15.907227 18.303955 2.044678
15.895874 18.200684 2.045334
15.935547 18.161621 2.045502
15.971680 18.117920 2.045700
16.036865 18.110107 2.045624
16.072754 18.066162 2.045822
16.175293 18.103516 2.045410
21.518799 24.375732 1.997177
21.509399 24.246582 1.997986
21.529419 24.154053 1.998505
21.526733 24.034180 1.999237
21.515869 23.905518 2.000031
21.519775 23.795410 2.000671
21.527100 23.689209 2.001312
21.526367 23.574707 2.001999
21.593994 23.539795 2.002075
19.350952 20.835449 2.022736
19.400635 20.792725 2.022888
21.877319 23.527588 2.001572
21.987671 23.540039 2.001282
22.074707 23.526611 2.001160
22.200562 23.555664 2.000748
22.280029 23.532227 2.000717
22.394775 23.548340 2.000381
22.482056 23.532715 2.000305
22.604858 23.556641 1.999908
22.708252 23.558105 1.999664
23.222656 23.443848 1.999237
24.024170 20.669434 2.013031
24.716675 20.697998 2.011108
25.018799 20.665771 2.010483
25.032593 20.578857 2.010925
30.038818 20.186035 1.998764
30.039062 20.084229 1.999252
35.612305 17.628906 1.988297
35.690796 17.566406 1.988297
44.385498 17.441650 1.957321
51.338745 17.416748 1.931137
54.019409 17.376465 1.920944
75.013306 -9.558105 1.878326
71.422852 -10.275146 1.894028
56.386963 -9.268555 1.957016
49.906738 -9.004150 1.984177
48.571899 -9.103271 1.989807
48.567627 -9.218506 1.989868
48.666504 -9.353760 1.989487
48.770752 -9.491211 1.989090
48.760010 -9.605713 1.989182
48.760254 -9.722900 1.989212
48.754517 -9.838379 1.989258
48.742920 -9.952881 1.989334
48.742310 -10.069824 1.989365
42.937622 -8.936523 2.013306
41.877319 -8.908691 2.017715
41.536377 -8.933350 2.019135
40.582642 -9.013428 2.023117
40.713867 -9.731934 2.022629
40.557861 -10.186279 2.023254
32.372192 -10.447510 2.056396
23.083740 -9.121582 2.093643
22.712402 -9.083496 2.095093
17.321899 -8.629395 2.115616
17.209229 -8.616455 2.116058
14.883911 -8.493408 2.124344
16.156982 -10.459229 2.116470
16.151489 -10.507568 2.116394
16.163696 -10.621338 2.116119
16.203369 -10.756592 2.115723
16.190552 -10.854004 2.115555
16.155762 -10.881592 2.115601
16.165527 -10.996826 2.115341
16.155762 -11.097656 2.115143
16.140747 -11.195557 2.114990
16.162231 -11.322510 2.114655
16.135620 -11.356934 2.114655
16.116943 -11.400391 2.112930
16.145508 -11.478271 2.112671
16.127808 -11.520264 2.112625
14.496338 -10.383789 2.120255
14.421875 -10.374512 2.120514
14.360840 -10.375732 2.120697
14.286499 -10.365479 2.120941
14.203247 -10.347412 2.121231
14.142700 -10.347900 2.121414
14.044556 -10.366699 2.121674
13.924072 -10.365723 2.122025
13.841431 -10.346191 2.122330
13.772461 -10.337646 2.122559
13.694336 -10.321533 2.122833
13.668213 -10.397949 2.122711
13.541870 -10.339111 2.123245
13.462280 -10.369141 2.123398
13.305664 -10.380127 2.123825
13.219727 -10.353516 2.124146
13.101318 -10.346680 2.124496
13.018066 -10.370117 2.124680
12.950317 -10.358154 2.124893
12.806763 -10.325195 2.125381
12.673584 -10.349365 2.125702
12.619385 -10.347900 2.125854
6.670288 -8.747803 2.144119
-11.374878 -8.460205 2.082184
-12.024048 -8.158691 2.078201
-12.122803 -8.128662 2.077560
-12.136475 -8.092773 2.077515
-26.662476 -15.923828 1.967392
-26.679321 -15.845215 1.967361
-26.660278 -15.746582 1.967621
-26.712646 -15.687500 1.967331
-26.749390 -15.619873 1.967163
-20.135498 -10.048828 2.019257
-20.155640 -9.932861 2.019211
-33.146973 -10.881592 1.923721
-33.111816 -9.524170 1.923859
-33.098633 -9.254395 1.923904
-64.236572 -6.966553 1.684647
-67.609375 -5.330078 1.656601
-72.762695 -3.240479 1.613815
-73.075439 -2.720703 1.610565
-71.093872 18.215820 1.345917
-70.848389 18.699219 1.346786
-67.796387 18.080078 1.381638
-67.634033 18.211914 1.382889
-56.499023 15.406738 1.512115
-61.455444 17.690918 1.450653
-61.114502 17.753906 1.454010
-61.038330 17.891357 1.454285
-61.045898 18.053467 1.453568
-60.884644 18.166016 1.454834
-60.734375 18.281494 1.455963
-58.042480 17.637939 1.487045
-56.486938 17.621338 1.503571
-56.422241 17.750732 1.503723
-58.733154 18.619385 1.475769
-60.452271 19.475342 1.454102
-49.513550 18.561279 1.572723
-44.981445 18.403809 1.620422
-44.665894 18.403564 1.623688
-44.616211 18.510254 1.623672
-46.081787 19.364746 1.604446
-46.084229 19.496826 1.603790
-46.129272 19.646484 1.602585
-42.496582 18.256836 1.646698
-42.285522 18.289551 1.648712
-41.961548 18.273193 1.652100
-40.883179 18.287842 1.663055
-38.727417 18.256592 1.685150
-7.578491 18.208008 1.958420
-7.418823 17.985840 1.961472
-6.869751 17.698486 1.967361
-6.822876 17.706543 1.967560
-6.766113 17.693604 1.968002
-6.077637 18.098633 1.967575
-6.029907 18.104736 1.967773
-5.774170 17.708496 1.973007
-5.718994 17.692383 1.973450
-5.678833 17.714111 1.973450
-5.617432 17.681152 1.974091
-5.579468 17.708252 1.974014
-5.524780 17.691162 1.974472
-5.476318 17.690918 1.974701
-5.433960 17.706543 1.974762
-5.387451 17.711426 1.974945
-5.335083 17.699219 1.975342
-5.276733 17.670898 1.975906
-5.226440 17.664307 1.976212
-5.184204 17.679199 1.976288
-5.087891 17.676270 1.976791
-4.424194 17.657471 1.980148
-4.371216 17.637451 1.980576
-4.332642 17.661621 1.980515
-4.734741 20.475098 1.950302
-4.935791 23.448975 1.919266
-4.937256 23.684326 1.916870
-4.905518 23.795654 1.915848
-4.959961 24.246826 1.911026
-4.936401 24.397461 1.909592
-2.267822 17.677002 1.988831
-2.219971 17.656250 1.989227
-2.178955 17.669922 1.989227
-0.873169 17.599609 1.994217
-0.575073 18.020752 1.990662
-0.402344 18.030762 1.991058
-0.359253 18.034668 1.991119
0.103027 17.582275 1.997025
0.145508 17.579102 1.997162
0.187744 17.575684 1.997299
0.229614 17.577881 1.997391
0.398193 17.575195 1.997803
0.439087 17.606445 1.997559
0.480957 17.608398 1.997650
0.566895 17.564697 1.998291
0.609375 17.554688 1.998489
0.650269 17.585449 1.998260
0.692505 17.580811 1.998398
0.734741 17.570557 1.998611
0.894287 18.025146 1.994186
0.980225 18.032227 1.994278
1.023438 18.021484 1.994461
1.066406 18.016113 1.994614
1.109497 18.010254 1.994766
1.152466 18.028076 1.994659
1.201782 15.498779 2.021240
1.238647 18.016846 1.994934
2.355835 17.970947 1.997208
2.404175 18.050293 1.996445
7.539917 28.656250 1.890610
7.547485 26.282715 1.914856
9.065308 22.084229 1.956284
13.636353 20.885498 1.959290
14.656494 20.873047 1.956573
14.715698 20.855957 1.956558
14.793823 20.868408 1.956223
14.853149 20.851074 1.956207
14.922119 20.848633 1.956024
14.991089 20.845459 1.955841
15.066528 20.852051 1.955551
15.139160 20.853760 1.955322
15.214600 20.859863 1.955032
15.284058 20.855957 1.954865
15.359863 20.861572 1.954575
15.923706 20.831055 1.953064
16.010254 20.849121 1.952621
16.066772 20.823486 1.952667
16.130005 20.808105 1.952591
16.217041 20.825195 1.952164
16.300781 20.837158 1.951782
20.194580 26.121826 1.892700
20.215576 26.020020 1.893524
20.560303 25.335449 1.898270
20.613525 25.281006 1.898544
20.705811 25.277100 1.898254
20.801758 25.277100 1.897919
20.894043 25.272461 1.897614
20.986694 25.267578 1.897339
21.061279 25.239746 1.897293
21.186646 25.275635 1.896545
21.293701 25.288086 1.896057
21.372314 25.263428 1.895966
15.862061 18.230225 1.975754
15.894531 18.181641 1.976044
15.963013 18.089600 1.976562
16.031860 18.086426 1.976349
16.078613 18.056396 1.976425
16.155273 18.062012 1.976089
21.518555 24.476807 1.902054
21.520996 24.361084 1.903000
21.511353 24.232178 1.904129
21.501709 24.103760 1.905228
21.525146 24.015381 1.905884
21.518066 23.891357 1.906937
21.506592 23.762939 1.908051
21.607300 23.539062 1.909500
19.372070 20.843506 1.940521
19.429321 20.809570 1.940582
21.879272 23.513428 1.908630
22.004761 23.543701 1.907883
22.068604 23.503174 1.907959
22.186646 23.524170 1.907318
22.273804 23.509521 1.907089
22.353271 23.486084 1.906952
22.468018 23.501709 1.906357
22.574951 23.507812 1.905869
22.670410 23.500732 1.905533
23.304077 23.515869 1.902771
24.020020 20.653076 1.921768
24.654663 20.729004 1.918182
25.001099 20.637939 1.917191
25.103394 20.627930 1.916763
25.143555 20.563477 1.917038
29.979370 20.226807 1.890213
29.965210 20.115234 1.891037
30.036987 19.962646 1.891663
35.662109 17.646240 1.873032
35.917969 17.571045 1.871872
36.121826 17.571045 1.870621
36.352051 17.583496 1.869110
36.645630 17.625977 1.867065
44.232422 17.491455 1.819626
51.310059 17.267822 1.774170
56.353027 -9.261475 1.790833
48.557007 -9.214600 1.846542
48.587036 -9.336426 1.846298
48.725952 -9.480713 1.845276
48.720825 -9.595703 1.845261
48.715454 -9.711426 1.845276
48.708252 -10.177734 1.845154
42.078613 -8.951172 1.892654
41.703369 -8.968262 1.895309
41.082397 -8.928467 1.899719
40.559082 -8.907715 1.903412
40.549683 -9.002930 1.903442
40.534180 -9.097168 1.903503
40.663940 -9.716797 1.902206
40.530518 -10.176514 1.902817
40.495361 -10.265869 1.902985
32.390503 -10.449219 1.958862
23.048096 -9.101562 2.023926
22.741455 -9.090820 2.025970
17.227539 -8.619141 2.062469
14.836670 -8.501221 2.075790
16.143311 -10.547119 2.060837
16.123291 -10.585205 2.060806
16.139771 -10.703125 2.060272
16.139282 -10.862549 2.059647
16.137207 -10.914551 2.059464
16.139648 -10.970459 2.059235
16.151367 -11.033203 2.058914
16.130127 -11.071289 2.058884
16.127441 -11.123535 2.058685
16.124634 -11.176270 2.058502
16.112183 -11.221191 2.058380
16.113770 -11.277344 2.058136
16.091797 -11.315430 2.058105
16.126099 -11.453369 2.057373
16.118286 -11.558594 2.056976
14.420898 -10.363770 2.071152
14.308716 -10.373047 2.071701
14.193359 -10.329102 2.072510
14.164795 -10.355713 2.072556
14.062012 -10.370605 2.073044
13.992554 -10.362793 2.073441
13.923462 -10.354736 2.073837
13.872192 -10.361572 2.074081
13.716309 -10.329102 2.075043
13.660889 -10.331299 2.075333
13.619019 -10.344971 2.075485
13.488037 -10.281982 2.076462
13.539429 -10.375244 2.075760
13.329590 -10.340820 2.077011
13.224121 -10.345947 2.077530
13.068115 -10.354980 2.078293
12.950195 -10.346436 2.078934
12.858276 -10.361084 2.079330
12.791016 -10.348389 2.079727
12.720947 -10.381348 2.079926
12.649536 -10.364014 2.080368
12.599487 -10.366455 2.080597
-1.018066 -8.616455 2.111771
-11.331787 -8.440918 2.036041
-11.934937 -8.113525 2.031357
-11.984253 -8.098877 2.030945
-26.600098 -16.519775 1.869247
-20.341187 -11.181152 1.942902
-20.349854 -10.407715 1.944519
-33.078857 -9.252441 1.816376
-65.404785 -7.412842 1.474380
-72.938110 -2.586914 1.381943
-56.434692 15.531982 1.345444
-61.805420 17.785156 1.263397
-61.136597 18.075439 1.270889
-57.950562 17.758789 1.314667
-57.347656 17.728760 1.322784
-56.577393 17.644531 1.333389
-56.501465 17.770996 1.333755
-56.503784 17.921387 1.332977
-56.427124 18.047119 1.333359
-56.283203 18.152832 1.331177
-56.050049 18.228027 1.333893
-48.838501 18.579346 1.427063
-48.793945 18.697754 1.426987
-48.201538 18.609131 1.435226
-47.177124 18.484619 1.449295
-45.320435 18.407959 1.473892
-45.243652 18.504639 1.474319
-44.737671 18.428467 1.481339
-44.661011 18.524414 1.481766
-44.687134 18.661377 1.480621
-46.126343 19.378906 1.457733
-46.112061 19.898682 1.454803
-41.261475 18.329346 1.526794
-40.959961 18.317139 1.530746
-40.760620 18.348877 1.533112
-40.491699 18.348633 1.536560
-40.018677 18.373779 1.542450
-35.993042 33.604980 1.468567
-35.800293 33.590088 1.470795
-35.607910 33.574951 1.472992
-35.437500 33.578857 1.474777
-35.228149 33.546387 1.477325
-34.907837 33.409668 1.482025
-34.541138 33.227539 1.487656
-34.264648 33.444092 1.488510
-35.758301 51.268799 1.287994
-7.384033 18.005615 1.904388
-7.213013 17.756104 1.908615
-7.115845 17.768799 1.909119
-7.058472 17.756348 1.909683
-6.958862 17.763428 1.910278
-6.859863 17.769775 1.910873
-6.085449 17.965576 1.913544
-5.989258 17.972412 1.914078
-5.868286 17.793213 1.917068
-5.729858 17.690674 1.919220
-5.639282 17.706543 1.919571
-5.588257 17.700928 1.919952
-5.493652 17.705566 1.920486
-5.434570 17.677246 1.921188
-5.342041 17.686768 1.921631
-5.201172 17.693848 1.922379
-5.143066 17.664795 1.923080
-4.574829 17.666504 1.926117
-4.516235 17.629883 1.926910
-4.483154 17.671631 1.926544
-4.442749 17.690430 1.926544
-4.781738 20.609131 1.887268
-4.979370 23.584229 1.847839
-4.248901 21.420410 1.879456
-2.327148 17.713867 1.936493
-2.276978 17.681885 1.937119
-0.626709 18.021484 1.938614
-0.411865 18.047852 1.938919
0.092896 17.616699 1.946060
0.137085 17.584229 1.946609
0.177979 17.604492 1.946457
0.220703 17.595215 1.946686
0.262695 17.597656 1.946747
0.305054 17.593750 1.946915
0.347412 17.590088 1.947067
0.390015 17.580322 1.947296
0.471558 17.642578 1.946671
0.555908 17.634277 1.946991
0.599609 17.600830 1.947525
0.642090 17.584961 1.947830
0.684570 17.580322 1.947998
0.726929 17.563965 1.948318
0.803711 17.870605 1.944382
0.886597 17.983643 1.943054
0.928467 18.054932 1.942184
0.971924 18.055420 1.942276
1.015015 18.044189 1.942520
1.058105 18.044678 1.942596
1.144409 18.045166 1.942749
1.230103 18.045410 1.942917
1.273438 18.027832 1.943222
2.299805 17.885254 1.946686
2.399048 18.096191 1.943985
7.470215 28.668457 1.805008
9.010254 22.118652 1.888718
13.581177 20.919434 1.889465
14.451782 20.892334 1.886108
14.513916 20.881348 1.885971
14.591919 20.894287 1.885468
14.651245 20.877441 1.885391
14.720093 20.875244 1.885117
14.798340 20.887451 1.884628
14.864014 20.880127 1.884415
14.939575 20.887207 1.883987
15.008423 20.884033 1.883728
15.080933 20.885742 1.883362
15.153198 20.887207 1.883026
15.219360 20.878662 1.882812
15.288696 20.874756 1.882538
15.364502 20.880615 1.882111
15.437256 20.881104 1.881775
15.503418 20.871826 1.881561
15.576660 20.871826 1.881210
15.642700 20.861816 1.881012
15.719116 20.866455 1.880585
15.994995 20.839111 1.879562
16.092285 20.871338 1.878723
16.148682 20.845459 1.878738
16.218994 20.838867 1.878464
16.323242 20.879395 1.877502
20.179199 26.111328 1.800339
20.213989 26.028809 1.801071
20.530640 25.307129 1.807373
20.640625 25.326660 1.806580
20.729248 25.318115 1.806198
20.821655 25.313232 1.805771
20.925049 25.322998 1.805115
21.010376 25.308594 1.804810
21.096191 25.294189 1.804504
21.188843 25.288330 1.804077
21.299805 25.305664 1.803299
15.854004 18.319092 1.907867
15.872070 18.252197 1.908493
15.900879 18.199463 1.908905
15.907593 18.119141 1.909729
15.965576 18.102783 1.909576
16.027222 18.090820 1.909363
16.092651 18.083008 1.909088
16.202637 18.129395 1.907990
21.510254 24.476074 1.810989
21.478760 24.320068 1.812820
21.476807 24.200195 1.814087
21.482910 23.859131 1.817642
21.498169 23.762451 1.818573
21.490234 23.638916 1.819916
21.519775 23.559570 1.820572
19.313843 20.885742 1.861267
19.348267 20.825439 1.861679
21.807129 23.552490 1.818970
23.949219 20.694336 1.833771
24.708252 20.684814 1.828629
24.836670 20.698975 1.827606
24.943115 20.693359 1.826920
25.041138 20.679688 1.826370
25.138916 20.665771 1.825806
29.985596 20.656738 1.790085
30.082397 20.623047 1.789612
30.014771 20.062744 1.794785
32.874634 17.663086 1.786224
37.487305 17.624512 1.746567
51.577026 17.363770 1.619629
53.084106 17.337402 1.605637
64.418457 18.022705 1.494690
64.427490 17.863525 1.495361
64.424805 17.701172 1.496155
74.934814 -9.725098 1.444870
71.362305 -9.927979 1.480728
71.385376 -10.100342 1.480469
56.349243 -9.261719 1.631317
48.738892 -10.186035 1.706314
40.715454 -8.945312 1.786896
40.546143 -9.004150 1.788498
40.564819 -9.105957 1.788208
40.694580 -9.824951 1.786011
40.509033 -10.271484 1.787170
17.254883 -8.638672 2.010696
17.208862 -8.661621 2.011002
14.938110 -8.524414 2.031006
16.105591 -10.578125 2.009262
16.146851 -10.660889 2.008484
16.137573 -10.813232 2.007706
16.243774 -10.945801 2.006134
16.152344 -10.931641 2.006927
16.257690 -11.064697 2.005356
16.180176 -11.060791 2.005981
16.145020 -11.088623 2.006104
16.151611 -11.147949 2.005707
16.153320 -11.204346 2.005386
16.131714 -11.242432 2.005325
16.146973 -11.309082 2.004807
16.125244 -11.347412 2.004761
16.103882 -11.441895 2.004379
16.123535 -11.569092 2.003494
12.379272 -8.687012 2.049286
14.444580 -10.388916 2.023361
14.332031 -10.398193 2.024155
14.215332 -10.403320 2.025009
14.136719 -10.388672 2.025696
14.058228 -10.373779 2.026382
14.038330 -10.407227 2.026321
13.932983 -10.369385 2.027359
13.904175 -10.395020 2.027405
13.861938 -10.409180 2.027634
13.806152 -10.411865 2.028046
13.706055 -10.376465 2.029007
13.579468 -10.317871 2.030319
13.590698 -10.376709 2.029861
13.268311 -10.392090 2.032120
13.112427 -10.401123 2.033203
13.011230 -10.408691 2.033890
12.825928 -10.387451 2.035355
12.729858 -10.396973 2.035980
12.654053 -10.375732 2.036667
12.608398 -10.381592 2.036926
-11.373779 -8.506836 1.990540
-11.863159 -8.110107 1.986557
-11.927490 -8.104736 1.985809
-26.617310 -16.525391 1.774780
-26.655640 -15.923340 1.776825
-67.760986 -7.172363 1.248459
-72.893311 -3.246826 1.175079
-72.865356 -3.068115 1.175201
-72.714233 -2.885010 1.177002
-73.076294 -2.187744 1.171066
-61.059570 17.734619 1.105423
-61.016968 17.881592 1.105286
-57.953857 17.609375 1.151352
-57.737793 17.696777 1.154266
-56.961426 17.613525 1.167007
-56.521729 17.629639 1.173874
-56.513062 17.776611 1.173187
-56.425659 17.898926 1.173859
-60.432617 19.306152 1.102554
-56.116333 18.101074 1.177567
-47.895508 18.494629 1.303635
-45.244873 18.379150 1.345337
-45.173828 18.477783 1.345779
-44.673340 18.404053 1.353973
-44.629150 18.512695 1.353897
-46.091919 19.235596 1.326447
-36.160034 33.597656 1.336258
-35.800415 33.593018 1.340866
-35.607788 33.577637 1.343460
-35.437500 33.581299 1.345566
-35.219604 33.541016 1.348755
-34.271240 32.978516 1.367004
-34.650024 33.490723 1.356476
-34.307251 33.487061 1.360794
-34.142578 33.490479 1.362793
-31.961548 40.083740 1.309052
-36.181152 51.087891 1.121613
-7.234863 17.698242 1.858170
-7.187622 17.707520 1.858429
-7.135376 17.706299 1.858856
-7.093018 17.725586 1.858917
-7.036011 17.713379 1.859558
-6.986206 17.717041 1.859909
-6.946289 17.741455 1.859863
-6.877197 17.702148 1.860977
-6.052979 17.768311 1.866287
-6.003662 17.769531 1.866623
-5.954590 17.770020 1.866974
-5.912231 17.787109 1.867035
-5.854614 17.765625 1.867767
-5.799438 17.749512 1.868408
-5.731201 17.700684 1.869614
-5.631836 17.695068 1.870422
-5.585571 17.700195 1.870667
-5.526489 17.672363 1.871506
-5.431763 17.676758 1.872101
-5.385376 17.681396 1.872360
-5.339233 17.685791 1.872620
-5.144287 17.675293 1.874100
-4.568481 17.654785 1.877960
-4.502686 17.595947 1.879288
-4.464233 17.620605 1.879150
-4.924561 23.385254 1.787796
-4.929077 23.632080 1.783951
-4.865356 23.618164 1.784500
-4.966431 24.250977 1.774155
-4.942993 24.401367 1.771957
-4.138184 21.422363 1.822495
-2.273071 17.675537 1.890350
-2.225220 17.655029 1.890884
-2.181030 17.651611 1.891144
-0.618652 17.968018 1.892365
-0.574707 17.961182 1.892624
-0.401978 17.965332 1.893112
-0.360474 17.987061 1.892899
0.139404 17.589600 1.900696
0.182739 17.568604 1.901154
0.267700 17.556152 1.901581
0.309448 17.558350 1.901642
0.351318 17.565918 1.901642
0.393677 17.556396 1.901917
0.435547 17.564453 1.901886
0.475952 17.601318 1.901398
0.518188 17.596924 1.901581
0.561768 17.557617 1.902298
0.604370 17.541748 1.902649
0.645996 17.549316 1.902634
0.687622 17.562012 1.902542
0.729370 17.569092 1.902512
0.771851 17.546631 1.902969
0.807007 17.840576 1.898361
0.847778 17.917725 1.897217
0.889404 17.988525 1.896179
0.931152 18.047852 1.895340
0.974609 18.042725 1.895508
1.017822 18.031738 1.895767
1.061157 18.008789 1.896210
1.104004 18.009033 1.896301
1.146973 18.009277 1.896378
1.190186 17.997803 1.896637
2.344604 17.875977 1.900269
2.442139 18.052002 1.897568
7.541016 28.652588 1.728882
9.063354 22.093750 1.828018
13.580688 20.913330 1.826492
14.428833 20.851807 1.822617
14.500488 20.855713 1.822144
14.568848 20.853760 1.821793
14.644287 20.861572 1.821259
14.722412 20.874268 1.820633
14.784912 20.862305 1.820419
14.909546 20.837158 1.820007
14.984985 20.843994 1.819473
15.060303 20.850586 1.818939
15.129639 20.847656 1.818558
15.211914 20.863281 1.817856
15.291016 20.874023 1.817230
15.357178 20.864990 1.816940
15.429932 20.865723 1.816483
15.545532 20.822754 1.816345
15.621826 20.827393 1.815796
15.694702 20.827148 1.815353
15.784546 20.850586 1.814484
15.864502 20.859619 1.813858
16.144287 20.835449 1.812393
16.280884 20.816895 1.811752
20.192017 26.125000 1.716339
20.198975 26.003906 1.717896
20.554077 25.334229 1.724258
20.695679 25.270508 1.724106
20.817017 25.303223 1.722855
20.987305 25.275391 1.722031
21.101929 25.297607 1.720963
21.209106 25.310547 1.720047
21.294800 25.295166 1.719650
15.856323 18.318359 1.847092
15.913940 18.212402 1.848038
15.950073 18.168457 1.848343
15.952881 18.083740 1.849396
16.025757 18.085449 1.848846
16.106079 18.095947 1.848145
16.204956 18.128662 1.847015
21.482666 24.438721 1.729172
21.475342 24.194580 1.732300
21.518555 24.013672 1.734253
21.470215 23.840332 1.736771
21.477661 23.734619 1.738052
21.469727 23.611084 1.739639
21.521973 23.558594 1.739914
19.362061 20.837891 1.789841
21.876709 23.516113 1.737747
23.277588 23.492920 1.727173
23.947021 20.689453 1.754181
24.688599 20.664551 1.747925
24.821289 20.682617 1.746536
24.958496 20.704102 1.745071
25.021118 20.659424 1.745010
25.079102 20.610840 1.745010
30.016602 20.163330 1.702866
29.983032 20.038330 1.704407
33.552002 17.641113 1.685181
36.779907 17.590576 1.650223
37.894165 17.821289 1.636002
42.435059 18.373779 1.580704
46.382568 18.871582 1.532013
47.498413 18.826660 1.519485
47.581299 18.732666 1.519196
47.576904 18.603516 1.520142
47.556030 18.468018 1.521301
47.545654 18.336426 1.522354
47.567505 18.218506 1.522903
72.204468 17.370117 1.233154
74.935425 -9.725830 1.252045
71.310791 -9.920654 1.297699
71.380127 -10.099365 1.296707
71.350586 -10.264404 1.296997
64.244263 -9.373047 1.387115
60.459717 -8.951172 1.435059
57.901123 -9.248779 1.467026
50.236450 -8.230225 1.564209
51.002930 -9.086182 1.553726
48.694458 -10.176025 1.581100
40.543701 -9.100586 1.684052
40.718994 -9.731689 1.680695
40.499268 -10.268066 1.682281
23.009277 -9.147461 1.896210
19.971069 -8.695557 1.933212
17.139282 -8.622070 1.965347
14.950195 -8.530762 1.989471
16.153809 -10.664062 1.961304
16.128906 -10.698975 1.961319
16.146118 -10.764404 1.960678
16.125610 -10.802734 1.960617
16.194214 -10.907227 1.959183
16.131104 -10.913818 1.959763
16.171143 -10.997559 1.958755
16.159180 -11.042969 1.958557
16.151978 -11.091797 1.958267
16.116699 -11.119385 1.958435
16.099731 -11.161377 1.958298
16.115356 -11.227783 1.957642
16.186401 -11.337646 1.956146
16.122559 -11.343750 1.956726
16.129150 -11.459717 1.955795
16.111572 -11.501465 1.955658
16.116577 -11.561523 1.955170
12.326904 -8.642822 2.013962
14.401123 -10.351807 1.980927
14.302490 -10.372314 1.981750
14.185913 -10.377197 1.982834
14.138916 -10.388184 1.983185
14.015381 -10.335938 1.984772
14.000000 -10.373535 1.984634
13.884155 -10.375732 1.985703
13.763916 -10.373779 1.986862
13.685913 -10.357178 1.987732
13.579590 -10.365234 1.988663
13.383057 -10.343018 1.990707
13.350098 -10.363525 1.990845
13.261963 -10.384277 1.991486
13.075317 -10.365723 1.993347
12.974731 -10.373047 1.994202
12.741943 -10.307617 1.996872
12.639282 -10.359375 1.997375
12.589355 -10.361816 1.997803
-11.355835 -8.497070 1.950134
-11.557251 -8.058350 1.949905
-11.681519 -8.090088 1.947983
-11.765503 -8.096924 1.946747
-11.854858 -8.106934 1.945419
-11.924194 -8.104248 1.944458
-26.613525 -16.524902 1.689407
-26.667236 -15.931641 1.691879
-21.173828 -10.528809 1.798004
-67.769653 -6.007812 1.065765
-67.821167 18.081055 0.770096
-60.540771 18.218506 0.906631
-57.978516 17.613281 0.958740
-57.266235 17.702881 0.971527
-56.372803 17.580566 0.989090
-56.291504 17.704590 0.989792
-56.371948 17.878906 0.987091
-60.367432 19.282471 0.902771
-60.410767 19.456055 0.900787
-48.731323 18.673096 1.120392
-47.169434 18.480225 1.150711
-46.742920 18.447021 1.158829
-45.350952 18.418701 1.184647
-45.192627 18.483154 1.187027
-44.692261 18.409424 1.196793
-44.648071 18.517578 1.196732
-45.996948 19.194092 1.166565
-46.113525 19.372314 1.162979
-46.158936 19.522217 1.160919
-46.223145 19.944092 1.156265
-39.185181 18.460693 1.296402
-36.093506 51.216064 0.919449
-6.166626 17.672363 1.806030
-6.117676 17.673340 1.806427
-6.053345 17.636475 1.807648
-6.011108 17.653564 1.807693
-5.951294 17.627197 1.808685
-5.900513 17.622314 1.809189
-5.858521 17.639160 1.809250
-5.807495 17.634033 1.809769
-5.756836 17.628906 1.810287
-4.970703 23.542480 1.707718
-4.961182 24.209473 1.695404
-4.986084 24.553467 1.688843
-4.148560 21.444092 1.751846
-4.996582 25.358887 1.673798
-2.321167 17.671875 1.832870
-2.231079 17.659668 1.833572
-2.187988 17.662109 1.833771
-2.144531 17.664307 1.833954
-0.700562 17.876953 1.836349
-0.667114 17.968750 1.834732
-0.453491 18.001221 1.834885
-0.408325 17.981934 1.835403
0.135864 17.565430 1.845108
0.176758 17.585205 1.844849
0.219482 17.575928 1.845154
0.347046 17.553467 1.845932
0.388916 17.555420 1.846008
0.430542 17.562988 1.845978
0.471802 17.582520 1.845718
0.514526 17.567139 1.846115
0.557129 17.551025 1.846542
0.598511 17.564209 1.846390
0.641846 17.524658 1.847260
0.683350 17.543213 1.847000
0.765991 17.575195 1.846588
0.802856 17.792725 1.842514
0.843872 17.881592 1.840897
2.298462 17.901123 1.842773
2.393311 18.041748 1.840179
7.538208 28.662598 1.635376
9.003540 22.105713 1.753448
13.568970 20.901855 1.749527
14.376709 20.886963 1.743973
14.429443 20.860840 1.744019
14.513550 20.884277 1.742996
14.572998 20.867432 1.742828
14.647949 20.875488 1.742126
14.729248 20.892822 1.741241
14.788696 20.875977 1.741058
14.860718 20.878174 1.740479
14.945679 20.900146 1.739456
14.985962 20.853027 1.739914
15.061279 20.859375 1.739227
15.130493 20.855713 1.738754
15.341675 20.849365 1.737198
15.407593 20.840332 1.736832
15.500122 20.869873 1.735611
15.562988 20.855225 1.735352
15.636108 20.855225 1.734756
15.708984 20.855225 1.734177
15.772095 20.839844 1.733932
15.855347 20.853516 1.733017
15.928589 20.853027 1.732437
15.984985 20.827637 1.732376
16.061646 20.831055 1.731689
16.138672 20.833740 1.731018
16.218750 20.841553 1.730240
16.275513 20.815674 1.730164
20.199585 26.142090 1.613358
20.241211 26.069092 1.614166
20.754028 25.352783 1.620911
20.817871 25.311279 1.620987
20.888916 25.278809 1.620880
20.995972 25.292480 1.619705
21.088501 25.287109 1.618973
21.203125 25.309326 1.617599
21.303223 25.312500 1.616653
15.930664 18.418213 1.770401
15.875854 18.259766 1.773331
15.897461 18.197754 1.774063
15.937134 18.158691 1.774307
15.965698 18.105713 1.774841
16.020142 18.084473 1.774673
16.114990 18.113037 1.773376
16.202881 18.132080 1.772278
21.476685 24.437744 1.628357
21.482544 24.326660 1.629974
21.472900 24.197754 1.631989
21.478027 24.087158 1.633606
21.467529 23.958740 1.635620
21.464111 23.839355 1.637436
21.486816 23.751221 1.638550
21.467285 23.614258 1.640778
21.496826 23.535400 1.641678
19.290894 20.861328 1.702408
21.814575 23.563477 1.638199
23.223511 23.552002 1.624496
23.962524 20.708008 1.656158
25.010864 20.556396 1.646378
29.927124 20.719238 1.585861
30.099976 20.740234 1.583466
30.024414 20.172363 1.591049
36.182129 18.871338 1.520218
36.132446 18.631348 1.523285
36.783325 17.595215 1.524292
39.491943 18.603271 1.477051
39.441406 18.467041 1.479004
38.626221 17.853516 1.496109
40.557495 17.535889 1.471649
42.493164 18.285156 1.437500
42.402832 18.128418 1.440155
42.290405 17.962891 1.443192
58.269897 17.883301 1.209106
58.591675 17.241455 1.208588
66.568848 16.975830 1.089478
72.507568 -9.576172 1.054718
71.330688 -9.586426 1.073288
71.319702 -9.753906 1.073303
65.131104 -9.197998 1.171402
65.509155 -9.407471 1.165222
65.486816 -9.559326 1.165405
58.524170 -8.658203 1.276016
57.155396 -9.262695 1.296768
50.496582 -9.114258 1.401367
40.504028 -9.189941 1.556778
40.626831 -9.709961 1.553497
40.509155 -10.272461 1.553726
23.094727 -9.186035 1.820328
17.164307 -8.638672 1.908020
15.018921 -8.532471 1.937851
14.929565 -8.520752 1.939133
14.127563 -8.522461 1.949646
16.132080 -10.755371 1.904800
16.135132 -10.811035 1.904266
16.147339 -10.873535 1.903549
16.134766 -10.920410 1.901611
16.160522 -10.993652 1.900620
16.111450 -11.010742 1.901077
16.132324 -11.080811 1.900192
16.129639 -11.132812 1.899734
16.122070 -11.181885 1.899384
16.151489 -11.259277 1.898300
16.069458 -11.250977 1.899399
16.116821 -11.343262 1.897964
16.086548 -11.430176 1.897507
16.174683 -11.555420 1.895248
14.509644 -10.443115 1.926147
14.324097 -10.393799 1.928879
14.263550 -10.394531 1.929596
14.175781 -10.372803 1.930878
14.169312 -10.417725 1.930527
14.041260 -10.361816 1.932602
14.007935 -10.384033 1.932800
13.898315 -10.342041 1.934509
13.874023 -10.371582 1.934509
13.776245 -10.388428 1.935516
13.760864 -10.424805 1.935333
13.598389 -10.335938 1.938141
13.596313 -10.383545 1.937683
13.499023 -10.398682 1.938690
13.348877 -10.366699 1.940781
13.256226 -10.383789 1.941681
13.061157 -10.357422 1.944199
12.990723 -10.392578 1.944672
12.749390 -10.319336 1.948196
12.726562 -10.395996 1.947632
12.613892 -10.389160 1.949005
-1.180908 -8.670166 2.031143
-11.345093 -8.531250 1.900345
-11.587769 -8.116943 1.899445
-11.656982 -8.115479 1.898300
-11.710815 -8.104736 1.897461
-11.948730 -8.115967 1.893372
-26.621826 -16.527344 1.584732
-26.679077 -16.024414 1.587311
-65.345947 -6.441650 0.890381
-67.881836 -5.352539 0.841095
-65.967163 -4.882324 0.877808
-65.978271 -4.721436 0.877487
-67.742432 18.237549 0.551682
-60.835938 18.150391 0.699158
-57.985718 17.772217 0.764145
-58.724243 18.614990 0.741714
-60.343994 19.279297 0.701431
-60.392700 19.454834 0.699051
-46.141724 19.913574 1.000320
-39.270386 18.503662 1.157883
-36.112915 33.558105 1.023712
-35.853516 33.644043 1.026871
-35.656738 33.625000 1.030563
-35.477295 33.620850 1.033722
-35.207520 33.533203 1.039703
-35.011719 33.511719 1.043396
-34.829102 33.501709 1.046661
-7.230591 17.696045 1.735672
-6.179565 17.605469 1.748383
-6.130859 17.606445 1.748840
-6.086426 17.618164 1.749023
-6.031128 17.602783 1.749893
-5.980103 17.598145 1.750488
-5.927124 17.588135 1.751205
-5.893799 17.626709 1.750732
-5.834351 17.599854 1.751862
-4.975220 24.299072 1.616531
-4.994507 24.620117 1.609482
-5.080200 25.214355 1.596069
-4.081543 21.427002 1.684692
-2.311523 17.665283 1.777649
-2.179443 17.660889 1.778503
-2.137207 17.668945 1.778580
-0.714478 17.684814 1.785248
-0.691528 17.869873 1.781265
-0.434814 17.889404 1.781845
-0.388672 17.858398 1.782684
0.227661 17.580566 1.790939
0.269409 17.583008 1.791000
0.311523 17.585449 1.791092
0.353638 17.581543 1.791290
0.396729 17.566162 1.791763
0.438232 17.573730 1.791702
2.305176 17.876465 1.788223
2.401489 18.040527 1.784637
7.540771 28.667725 1.546478
7.504883 24.309814 1.640732
8.986084 22.031982 1.683228
13.570557 20.890625 1.675415
14.577026 20.861084 1.667099
14.652222 20.869141 1.666260
14.720825 20.866943 1.665649
13.795410 19.325684 1.703308
14.930664 20.864014 1.663757
13.981567 19.309570 1.701874
14.092163 19.377197 1.699570
15.144531 20.864502 1.661743
15.200684 20.841064 1.661652
15.292603 20.871338 1.660202
15.358643 20.862305 1.659744
15.434692 20.868164 1.658905
15.510864 20.873291 1.658066
15.577026 20.863525 1.657608
15.643311 20.853760 1.657135
15.709839 20.843994 1.656662
15.852661 20.837891 1.655380
15.922363 20.832031 1.654800
16.005737 20.845215 1.653732
16.062256 20.819824 1.653625
16.135620 20.818115 1.652908
16.205688 20.811523 1.652328
16.292847 20.828613 1.651138
20.917603 25.304688 1.522064
20.974243 25.253662 1.522369
21.092041 25.280762 1.520615
21.145020 25.224609 1.521027
15.890381 18.357178 1.699844
15.890625 18.267578 1.701431
15.897339 18.187256 1.702789
15.951904 18.166504 1.702545
15.969360 18.099854 1.703522
16.016235 18.069824 1.703522
16.104004 18.089111 1.702225
16.191528 18.108398 1.700897
21.487305 24.440186 1.531052
21.497070 24.334229 1.532791
21.491211 24.209717 1.535019
21.507568 24.112305 1.536530
21.497192 23.983643 1.538879
21.474854 23.841797 1.541580
21.501343 23.758301 1.542709
21.493408 23.635010 1.544937
21.594482 23.525635 1.545654
21.806274 23.544189 1.542877
30.073120 20.715088 1.475525
30.049683 20.285889 1.481674
36.255249 18.905762 1.397110
42.165894 17.558350 1.312180
42.513550 17.477051 1.306976
58.228149 17.718262 1.028091
71.893311 17.291748 0.783554
74.977417 -9.908691 0.787491
71.323364 -9.584961 0.856689
71.312012 -9.752197 0.856674
71.358643 -9.927979 0.855560
71.254028 -10.081787 0.857315
65.617798 -9.422852 0.964233
65.543335 -9.567139 0.965408
48.524048 -9.209229 1.284729
48.531128 -9.326416 1.284302
48.583862 -9.452881 1.283005
48.733765 -9.599609 1.279831
48.693848 -9.708252 1.280273
48.693970 -9.824951 1.279968
48.653687 -9.933105 1.280411
40.538330 -9.197021 1.432968
40.660767 -9.815674 1.428619
40.498047 -10.267822 1.429962
32.675171 -9.568115 1.575562
32.186646 -10.462646 1.580002
23.031372 -9.155762 1.749588
22.875488 -9.209229 1.751938
17.187012 -8.695312 1.852295
14.971802 -8.542480 1.889511
16.132568 -10.912842 1.845734
16.144409 -10.975586 1.844864
16.131836 -11.129150 1.843384
16.170654 -11.213623 1.841873
16.182007 -11.276855 1.841003
16.142700 -11.357178 1.840698
14.299683 -10.367676 1.878952
14.171997 -10.413330 1.880249
14.084717 -10.391357 1.881790
14.038086 -10.402588 1.882339
13.894897 -10.382324 1.884598
13.834717 -10.381592 1.885498
13.741089 -10.402100 1.886581
13.677002 -10.396484 1.887543
13.552734 -10.388916 1.889389
13.459961 -10.407471 1.890503
13.360718 -10.369873 1.892334
13.197876 -10.325195 1.895157
13.133911 -10.415771 1.894928
12.915894 -10.317383 1.899170
12.867310 -10.371094 1.899170
12.708252 -10.371826 1.901337
-11.390869 -8.521973 1.851456
-11.633179 -8.105957 1.850586
-26.879028 -16.590820 1.478226
-26.679565 -16.028809 1.486938
-19.933838 -9.468262 1.672638
-40.890747 -8.866455 1.223450
-70.038086 -8.443115 0.577652
-66.704834 -6.736328 0.652603
-71.103638 18.029053 0.272964
-70.897583 18.340820 0.275787
-60.717529 17.950928 0.528671
-60.618408 18.081299 0.530045
-60.518677 18.210938 0.531403
-47.795654 18.453125 0.833771
-47.286377 18.392334 0.846558
-46.138306 18.470459 0.873184
-46.153809 19.781494 0.859329
-32.165894 39.549316 0.846588
-32.212891 40.378174 0.829605
-6.086060 17.709961 1.694077
-5.972900 17.673828 1.696136
-5.924194 17.674561 1.696640
-5.870972 17.664062 1.697449
-4.750244 20.468506 1.641586
-4.902100 23.497314 1.566986
-4.904297 23.738281 1.561127
-4.977539 24.263184 1.547836
-4.962646 24.448242 1.543457
-5.079712 25.166992 1.525116
-5.050781 25.306885 1.521942
-4.023315 21.364014 1.625443
-3.101929 21.304688 1.633331
-2.323608 17.669434 1.727509
-2.104858 17.669922 1.728882
-2.057495 17.648682 1.729691
-0.930908 17.613037 1.736694
-0.887573 17.606445 1.737061
-0.845459 17.611328 1.737122
-0.801392 17.598633 1.737640
-0.759888 17.609131 1.737564
-0.718506 17.619629 1.737488
-0.678345 17.641602 1.737137
-0.635498 17.640381 1.737335
-0.424805 17.661133 1.737717
-0.384644 17.687988 1.737198
2.285889 17.741211 1.741852
2.332275 17.802734 1.740326
2.431641 18.013428 1.735123
9.021240 21.996094 1.618881
13.614502 20.870361 1.607895
13.845703 19.625000 1.632263
13.838867 19.511719 1.634750
13.793335 19.338867 1.638901
13.829712 19.294678 1.639450
13.923828 19.338379 1.637512
13.985962 19.333008 1.636948
14.185547 19.334717 1.634705
14.248169 19.328369 1.634155
14.313965 19.326904 1.633453
14.369751 19.310547 1.633179
14.442139 19.318115 1.632202
14.514771 19.325684 1.631226
14.570801 19.308838 1.630936
14.643433 19.315674 1.629974
14.712891 19.317871 1.629135
14.785522 19.324463 1.628174
14.845093 19.311523 1.627762
14.904785 19.298584 1.627335
14.977905 19.304199 1.626373
15.051147 19.310059 1.625397
15.114136 19.301025 1.624847
15.183960 19.301758 1.624023
15.250854 19.297363 1.623306
21.276367 25.281982 1.428818
21.354736 25.257324 1.428329
15.925171 18.147217 1.638214
15.964844 18.107910 1.638489
16.015503 18.082275 1.638336
16.058594 18.047363 1.638474
16.153687 18.075439 1.636703
16.260132 18.117432 1.634491
21.499634 24.350586 1.444336
21.505249 24.239746 1.446426
21.491577 24.106445 1.449203
21.496216 23.995850 1.451294
21.508057 23.894531 1.453110
21.496704 23.766113 1.455750
19.087402 20.827881 1.544601
21.522217 23.567871 1.459244
19.263062 20.832275 1.542160
21.611206 23.445068 1.460419
23.262207 23.484375 1.436966
23.918091 20.669922 1.477966
24.036621 20.679199 1.475983
26.219727 17.942871 1.484940
30.052734 20.604492 1.378860
29.959229 20.434326 1.383041
29.993530 20.356201 1.383636
36.257812 18.913330 1.286530
36.021729 17.217773 1.312042
36.075928 16.937500 1.314362
42.366821 17.534912 1.184891
46.718384 19.015381 1.082962
57.588013 17.522949 0.877335
64.437012 18.190674 0.730331
71.855591 17.286377 0.582489
74.921265 -9.547852 0.583191
71.297852 -9.920166 0.660736
65.156250 -9.202148 0.794403
62.292847 -9.083496 0.856323
62.311890 -9.233643 0.855606
56.967529 -9.232178 0.970505
48.526611 -9.095947 1.151718
48.545288 -9.215088 1.150940
40.541260 -9.102051 1.321640
40.670898 -9.721924 1.316452
40.473877 -10.264160 1.318268
23.100464 -9.129150 1.683228
22.772217 -9.109619 1.689911
17.165039 -8.640137 1.803253
14.945312 -8.488037 1.846146
16.148071 -10.983887 1.795471
16.166504 -11.105957 1.793610
16.140503 -11.140625 1.793610
16.128174 -11.186279 1.793243
16.134277 -11.245605 1.792374
16.122070 -11.291260 1.792007
16.114014 -11.340088 1.791519
14.203247 -10.397705 1.834320
14.133789 -10.390625 1.835571
14.082397 -10.397949 1.836319
14.008545 -10.386719 1.837708
13.903320 -10.348633 1.839935
13.892456 -10.389160 1.839569
13.809814 -10.369385 1.841202
13.789917 -10.402344 1.841080
13.652100 -10.384277 1.843582
13.596680 -10.386475 1.844452
13.514771 -10.364990 1.846069
13.340576 -10.361572 1.848938
13.243652 -10.374756 1.850327
13.107544 -10.352295 1.852814
12.917480 -10.328369 1.856186
12.882080 -10.394043 1.855789
12.805908 -10.373291 1.857285
12.705566 -10.379150 1.858795
-1.240723 -8.637451 1.977890
-11.311401 -8.551758 1.809372
-11.370605 -8.546143 1.808167
-11.515991 -8.157715 1.809189
-11.534912 -8.126465 1.809113
-11.633911 -8.143555 1.806778
-27.022217 -16.306641 1.385910
-19.924561 -10.581299 1.598190
-19.964233 -9.971191 1.602310
-19.936035 -9.834229 1.604050
-33.101929 -9.522949 1.291367
-33.077271 -9.250488 1.293137
-40.929565 -8.978760 1.101074
-40.961792 -8.879639 1.100571
-66.268433 -6.693848 0.472351
-66.632446 -4.931152 0.463425
-60.734253 18.120850 0.326965
-46.027710 18.562256 0.720764
-39.235352 18.488281 0.900711
-6.031982 17.731445 1.635880
-5.987427 17.742920 1.636108
-5.921021 17.699951 1.638000
-5.869141 17.701904 1.638351
-4.878906 23.461182 1.494308
-4.957397 24.239014 1.472504
-4.913940 24.310059 1.470932
-5.037109 25.051514 1.449722
-5.026733 25.264893 1.443985
-4.980103 25.336670 1.442413
-3.947144 21.329346 1.560089
-3.104126 21.383057 1.565048
-3.042603 21.341553 1.566605
-2.040405 17.630371 1.675720
-1.991943 17.603271 1.676788
-1.948730 17.604980 1.677017
-0.871704 17.587891 1.683731
-0.828979 17.586914 1.683960
-0.785645 17.579834 1.684372
-0.744873 17.595947 1.684113
-0.615967 17.586670 1.684998
-0.448975 17.614746 1.684952
-0.406860 17.618652 1.685028
2.306641 17.856445 1.684647
2.405762 18.067139 1.678772
7.537598 28.640869 1.376617
9.074707 22.277344 1.540482
13.598022 20.933105 1.533279
13.836548 19.588867 1.562820
13.826172 19.470215 1.565765
13.770996 19.283203 1.570908
14.346191 19.354004 1.561966
14.411987 19.352295 1.561157
14.471313 19.340576 1.560654
14.547241 19.352783 1.559402
14.623291 19.364990 1.558136
14.689331 19.362305 1.557327
14.745483 19.344727 1.557007
14.815186 19.346680 1.556030
14.884766 19.347900 1.555084
14.961304 19.358887 1.553818
15.031128 19.359619 1.552872
15.084229 19.336914 1.552673
15.171021 19.361572 1.550949
15.241089 19.361572 1.550018
15.283936 19.323975 1.550293
16.429077 19.219482 1.536636
21.310303 25.306885 1.330338
16.155151 18.060547 1.566330
21.502197 24.454590 1.346359
21.493286 24.325684 1.349335
21.487427 24.201416 1.352127
21.485107 24.081787 1.354767
21.497070 23.980225 1.356796
21.493896 23.860596 1.359467
19.091919 20.917236 1.459808
19.130249 20.861816 1.460434
19.210571 20.854980 1.459366
21.836914 23.575684 1.360367
22.234375 20.728271 1.413284
23.951904 20.687744 1.384476
24.768677 20.630127 1.371063
26.192261 17.995361 1.388229
30.062012 20.695801 1.266083
30.025635 20.565918 1.269012
36.264771 19.016113 1.164703
36.071045 16.927490 1.197647
58.507935 17.210693 0.680222
64.421997 18.018555 0.533340
66.539551 16.963379 0.492081
71.966431 17.308350 0.359772
71.262695 16.434082 0.383392
50.682739 -6.160156 0.961166
74.935425 -9.726318 0.357574
71.299927 -9.750732 0.446899
63.492310 -9.111084 0.640121
50.751099 -9.160400 0.951843
48.509033 -9.206055 1.006317
48.504761 -9.321045 1.006012
40.501465 -9.187744 1.200562
34.111450 -8.175049 1.359299
40.674927 -9.917725 1.192917
40.668701 -10.014893 1.192581
40.650757 -10.109131 1.192535
40.474121 -10.162598 1.196503
40.574585 -10.287598 1.193451
32.129761 -10.442627 1.392914
23.025757 -9.152344 1.613693
22.713989 -9.138672 1.620911
17.090088 -8.640137 1.750809
14.985962 -8.552246 1.794922
14.911621 -8.549561 1.796509
16.217041 -11.083252 1.735641
16.136963 -11.131348 1.736496
16.166138 -11.373535 1.732391
14.186401 -10.423584 1.784637
14.056519 -10.416016 1.787201
14.027588 -10.442139 1.787354
13.890991 -10.377441 1.790924
13.857666 -10.399414 1.791199
13.819946 -10.416992 1.791641
13.768677 -10.423340 1.792496
13.635498 -10.408936 1.795212
13.571167 -10.403076 1.796494
13.480469 -10.374023 1.798630
13.456177 -10.402344 1.798630
13.239990 -10.409668 1.802475
13.138794 -10.418457 1.804184
12.918335 -10.366455 1.809052
12.860840 -10.412842 1.809326
12.802124 -10.407959 1.810471
12.633545 -10.349365 1.814453
4.021362 -8.716309 1.960861
-7.496094 -8.178223 1.854584
-11.520874 -8.125732 1.761978
-28.610840 -17.118408 1.236832
-19.958740 -10.667725 1.523026
-19.951416 -9.908936 1.530426
-20.774780 -8.467529 1.520798
-40.939575 -8.877441 0.968399
-52.156250 -7.514404 0.659424
-52.208130 -7.260498 0.658417
-67.378174 -6.637939 0.233292
-61.360962 18.460938 0.090958
-46.091553 18.454590 0.549316
-44.686035 18.407471 0.591721
-46.096558 19.760010 0.532578
-6.226440 17.703613 1.569519
-6.181885 17.715332 1.569763
-6.085815 17.723389 1.570816
-6.028198 17.702393 1.572189
-5.983643 17.714111 1.572418
-5.934814 17.714600 1.573044
-4.725342 20.415283 1.506393
-4.930542 23.399170 1.413895
-4.911499 23.555420 1.409317
-4.581909 23.191895 1.423447
-5.056396 25.353516 1.353165
-4.992065 25.351074 1.353836
-3.961792 21.355225 1.485107
-4.518433 28.345215 1.265930
-4.446289 28.335938 1.266785
-1.963623 17.643799 1.615326
-1.920654 17.645264 1.615585
-1.789185 17.638428 1.616730
-0.573853 17.507324 1.627975
-0.531372 17.505859 1.628220
-0.489136 17.504150 1.628479
-0.447876 17.513916 1.628357
-0.407471 17.535645 1.627884
2.289307 44.583984 0.785828
2.345337 17.922119 1.622162
2.440308 18.056885 1.617935
7.531860 28.619385 1.276810
9.132568 22.295410 1.459595
13.574463 20.905762 1.452103
13.813721 20.195557 1.468124
13.806152 20.076416 1.471436
13.829224 20.007324 1.472961
13.820923 19.888428 1.476273
14.173096 19.306885 1.486710
14.251831 19.324951 1.485092
14.314209 19.318604 1.484344
14.376709 19.311768 1.483582
14.448975 19.319580 1.482315
14.521729 19.326660 1.481049
14.581055 19.314697 1.480484
14.653564 19.322021 1.479202
14.719727 19.319092 1.478287
14.792480 19.325439 1.477020
14.845337 19.303223 1.476807
14.911499 19.299805 1.475876
14.984985 19.305664 1.474609
15.054565 19.306396 1.473526
15.117676 19.297363 1.472778
15.247314 19.283936 1.471115
17.378784 20.843262 1.397537
17.460815 20.847168 1.396103
16.488403 19.304932 1.450714
15.863770 18.240479 1.487610
16.205078 18.130859 1.484589
21.432861 24.380127 1.242020
18.672119 20.830811 1.376221
18.751709 20.825684 1.374985
18.835449 20.824219 1.373581
18.990845 20.908203 1.368851
19.025513 20.848389 1.369690
19.113281 20.850830 1.368103
21.860107 23.498535 1.255981
21.966431 23.507080 1.253906
22.095947 23.541260 1.250778
22.190796 23.535889 1.249207
22.277954 23.521240 1.248001
22.330078 23.467041 1.248352
22.519165 23.565186 1.242630
22.653687 23.602051 1.239319
22.737549 23.581543 1.238281
22.837036 23.578369 1.236557
22.905029 23.540039 1.236206
23.136353 23.566406 1.231369
23.164551 23.484619 1.232758
21.980591 20.680176 1.319550
22.332275 20.734375 1.311584
22.431641 20.733643 1.309662
22.510498 20.712646 1.308609
22.693115 20.693359 1.305496
22.797119 20.695312 1.303421
22.939453 20.733398 1.299789
23.022705 20.714600 1.298553
23.144287 20.731445 1.295792
23.227539 20.711914 1.294571
23.328003 20.708008 1.292679
23.428711 20.703857 1.290771
23.963379 20.705322 1.280060
24.700562 20.676270 1.265747
26.154907 17.981445 1.289108
30.018799 20.678955 1.151718
36.248291 19.011719 1.030716
36.044189 16.918457 1.067825
38.585449 17.291260 0.998581
42.268921 17.489746 0.902130
58.539673 17.223145 0.477493
64.439819 17.541992 0.315796
66.519897 16.960693 0.264999
63.529053 -8.966797 0.427567
62.398193 -9.098877 0.458755
62.365112 -9.241699 0.459259
50.385620 -8.256836 0.795853
50.664185 -9.145996 0.784836
48.595947 -9.340576 0.841278
33.822388 -8.104248 1.253769
32.130249 -10.445557 1.283356
23.048340 -9.165283 1.533768
17.126709 -8.616699 1.689835
14.963013 -8.540527 1.743088
14.206421 -10.396240 1.729156
14.200073 -10.440918 1.728500
14.047607 -10.415039 1.732239
13.918091 -10.406250 1.735153
13.866699 -10.413330 1.736145
13.819946 -10.423340 1.736954
13.750854 -10.414795 1.738586
13.637573 -10.367676 1.741837
13.613159 -10.396240 1.741837
13.502441 -10.399658 1.744110
13.290649 -10.412109 1.748322
13.086548 -10.378174 1.753189
13.007324 -10.405518 1.754333
12.909546 -10.365723 1.757095
12.859131 -10.368652 1.758072
12.793457 -10.406494 1.758713
12.630249 -10.402344 1.762100
-11.289185 -8.540771 1.709854
-11.478271 -8.138184 1.710434
-19.928589 -9.957520 1.449966
-19.932129 -9.834961 1.451141
-20.528198 -8.372803 1.447617
-40.885864 -8.865234 0.822662
-52.117554 -7.248291 0.477158
-66.945679 -6.432129 0.012253
-65.510498 -5.493652 0.058151
-64.444336 18.531738 -0.221268
-63.247314 18.523193 -0.180832
-61.926880 18.306396 -0.138092
-61.854858 18.447266 -0.137177
-61.384399 18.470459 -0.121567
-46.077881 18.450195 0.388245
-44.667114 18.401367 0.435059
-46.120850 19.771729 0.368454
-39.297119 18.398438 0.608917
-36.325806 33.586426 0.396713
-6.224609 17.706787 1.508209
-6.182373 17.724365 1.508270
-6.137573 17.736328 1.508545
-6.084473 17.726562 1.509628
-6.024170 17.700928 1.511307
-4.179077 17.748779 1.533356
-4.770264 20.581787 1.432541
-4.922241 23.379883 1.337494
-5.049805 25.339355 1.270432
-4.987915 25.348389 1.270737
-3.966187 21.387207 1.413925
-3.156616 21.357178 1.422272
-3.097534 21.327148 1.423782
-1.911987 17.614746 1.559540
-1.868774 17.616455 1.559814
-1.654541 17.628662 1.560989
-1.612427 17.635010 1.561066
-0.445435 17.523682 1.571945
-0.404175 17.533691 1.571808
-0.359497 17.508057 1.572906
-0.067993 17.549805 1.572800
1.973877 44.532959 0.645035
2.346680 17.891113 1.565979
2.441772 18.031738 1.561127
7.470215 28.648193 1.182770
7.535767 28.622070 1.183319
9.066162 22.267334 1.385803
10.769165 22.250732 1.369354
13.616943 20.859131 1.375671
13.855469 20.258301 1.389984
13.851196 20.144043 1.393433
13.852539 20.039795 1.396484
13.856934 19.940918 1.399338
13.851196 19.826904 1.402786
13.844971 19.713135 1.406235
13.838501 19.599121 1.409683
13.828369 19.481201 1.413300
13.789062 19.318604 1.418701
13.841431 19.298828 1.418442
13.935669 19.342285 1.415649
13.994507 19.332031 1.415009
14.060059 19.331299 1.413971
14.096313 19.286377 1.414673
14.161743 19.285156 1.413651
14.240234 19.303223 1.411835
14.296143 19.287354 1.411377
14.348877 19.266357 1.411133
15.312012 19.272705 1.394562
15.354492 19.234619 1.394897
15.998901 19.237793 1.383331
16.023193 19.175049 1.384644
20.777344 25.249268 1.129822
20.884033 25.263428 1.127472
20.972900 25.253906 1.126114
21.062012 25.244141 1.124756
21.183350 25.275635 1.121658
21.272583 25.265137 1.120300
17.851440 20.830566 1.305405
15.890381 18.180908 1.414459
15.930176 18.141602 1.414795
16.078247 18.060059 1.414215
16.169556 18.083740 1.411835
18.510376 20.833984 1.292908
21.503052 24.343750 1.141022
21.493652 24.214600 1.144669
21.502563 24.108398 1.147354
21.477173 23.961914 1.151764
18.965454 20.874756 1.283066
19.003906 20.819336 1.283798
21.488403 23.630859 1.160416
21.472290 23.498535 1.164246
21.593262 23.525879 1.161148
21.845703 23.478516 1.157440
21.940308 23.473633 1.155685
22.057983 23.494873 1.152786
22.180054 23.520264 1.149673
22.259521 23.496826 1.148697
22.350586 23.486572 1.147141
22.426025 23.458008 1.146378
22.750977 23.480469 1.139206
22.870239 23.498535 1.136307
23.013550 23.542236 1.132263
23.093384 23.516846 1.131287
23.288818 23.614990 1.124741
22.105347 20.703369 1.223267
23.072876 20.660645 1.203278
23.177368 20.661621 1.200958
23.303223 20.681885 1.197678
23.412354 20.685791 1.195160
23.903564 20.647705 1.185120
24.865479 20.620605 1.163940
24.972168 20.614746 1.161636
26.372437 18.227539 1.181015
30.064209 20.812988 1.035248
30.080688 20.721191 1.036758
30.016113 20.571289 1.041489
30.036377 20.482910 1.042816
36.257202 18.906982 0.905777
36.140991 17.168701 0.938217
36.089355 16.836670 0.945023
46.771118 18.905762 0.611176
57.673950 17.398682 0.311203
57.622314 17.090576 0.316223
58.623169 17.098877 0.286270
64.433105 18.022949 0.102463
71.909790 17.117920 -0.113892
48.664673 -3.871826 0.702667
48.614868 -3.980469 0.704102
48.564819 -4.088623 0.705505
41.632690 -5.125244 0.919861
40.522217 -9.096680 0.937119
16.959717 -8.570312 1.638260
14.915283 -8.508545 1.694138
14.895508 -8.540527 1.694153
14.185669 -10.376465 1.677826
14.147827 -10.395508 1.678375
14.051147 -10.365479 1.681259
14.013428 -10.384277 1.681808
13.901978 -10.390625 1.684341
13.803955 -10.407715 1.686356
13.717285 -10.383545 1.688889
13.608398 -10.339844 1.692307
13.606445 -10.387695 1.691422
13.486816 -10.383789 1.694321
13.261841 -10.384033 1.699554
13.211182 -10.388428 1.700653
13.156250 -10.388916 1.701920
13.066772 -10.357910 1.704636
13.042236 -10.385010 1.704620
13.009399 -10.404541 1.704987
12.874146 -10.379639 1.708603
12.836792 -10.394775 1.709152
12.773804 -10.385742 1.710785
12.715088 -10.380615 1.712219
12.652222 -10.371338 1.713852
-11.260010 -8.567383 1.660507
-11.300171 -8.505859 1.660339
-11.499756 -8.196533 1.659286
-11.503906 -8.156006 1.659790
-19.912598 -9.951660 1.374359
-19.916138 -9.829590 1.375687
-21.089600 -8.215576 1.354645
-33.078003 -9.519043 0.944656
-33.115601 -9.262939 0.945084
-36.233887 -8.372070 0.844666
-52.224976 -7.654785 0.298843
-57.585449 -7.696777 0.113739
-63.779297 -7.709473 -0.100357
-67.777710 -6.344238 -0.236710
-67.158691 -4.805908 -0.214081
-71.334595 18.635010 -0.764603
-54.662109 15.477539 -0.098358
-46.081787 18.449463 0.178726
-46.164673 19.262207 0.163239
-39.285645 18.390625 0.425980
-36.325562 33.581299 0.188812
-4.773315 20.572754 1.344223
-4.862061 23.356689 1.239075
-4.748291 23.144043 1.248322
-4.571167 23.140625 1.250397
-5.046021 25.301514 1.163940
-4.988281 25.327393 1.163574
-3.972290 21.389648 1.322769
-4.580688 28.295654 1.055389
-3.123413 21.427246 1.329758
-1.957031 17.593018 1.486008
-1.909668 17.572021 1.487213
-1.868896 17.584961 1.487061
-1.823975 17.574707 1.487823
-1.779907 17.570557 1.488327
-1.734131 17.554199 1.489319
-1.691040 17.555420 1.489624
-1.657837 17.614258 1.487640
-0.457397 17.591064 1.496475
-0.414795 17.589355 1.496750
-0.367920 17.540527 1.498886
2.072510 44.442383 0.464340
2.286133 44.531494 0.461136
2.393066 44.570068 0.459747
2.344116 17.941162 1.489883
2.434937 18.011475 1.487122
7.539307 28.663574 1.060440
9.050049 22.236328 1.289368
13.837891 20.131104 1.295731
13.839355 20.027100 1.299133
13.821411 19.893311 1.303879
13.837646 19.813965 1.306198
13.818848 19.680664 1.310928
13.815430 19.572021 1.314560
13.805298 19.453857 1.318634
13.759644 19.281494 1.325104
13.912354 19.315186 1.321213
13.967896 19.300049 1.320694
14.033325 19.299316 1.319504
14.072876 19.259033 1.320084
15.374634 19.269531 1.294678
20.442871 25.317383 1.002487
15.846436 19.139160 1.289215
20.584717 25.254150 1.001541
21.353760 25.250488 0.985596
15.936401 18.067871 1.320343
15.979370 18.033203 1.320480
22.524658 23.461182 1.013245
23.196655 23.409424 0.999146
22.113647 20.716797 1.101120
23.264893 20.650879 1.074432
23.390991 20.670898 1.070709
23.470215 20.646240 1.069382
23.961670 20.606934 1.057968
25.702393 20.552979 1.014053
25.530029 18.061523 1.080200
30.014526 20.885010 0.888000
30.054810 20.810303 0.888611
29.970703 20.336914 0.901978
36.257080 18.910400 0.741333
36.104370 17.153564 0.779007
36.063232 16.826660 0.786194
42.176025 17.450439 0.579926
46.770020 18.907471 0.407516
70.078369 9.411621 -0.285049
70.095093 9.248047 -0.284561
48.602905 -3.979736 0.508514
48.605225 -4.092529 0.508240
23.183472 -8.862305 1.361496
22.793335 -9.117920 1.371017
17.038696 -8.569336 1.562561
14.922852 -8.516846 1.627914
14.053223 -10.371826 1.613678
14.051392 -10.420166 1.612656
13.903809 -10.396729 1.617172
13.778931 -10.391113 1.620682
13.650146 -10.380371 1.624344
13.621338 -10.405518 1.624573
13.448975 -10.355225 1.630310
13.270386 -10.346924 1.635254
-11.229126 -8.543945 1.597549
-11.479004 -8.224121 1.595078
-11.458130 -8.167480 1.596756
-19.893188 -9.940674 1.276505
-20.111206 -8.274902 1.289383
-20.722412 -8.082031 1.269058
-52.175659 -7.256592 0.076202
-57.396362 -7.672363 -0.126709
-46.195190 19.803711 -0.042404
-39.308594 18.404785 0.255142
-4.752686 20.530518 1.264359
-4.933838 23.434570 1.142746
-4.799927 23.149170 1.156143
-4.561890 23.136963 1.159500
-5.037842 25.303467 1.064377
-4.976318 25.312500 1.064713
-3.949463 21.329346 1.241394
-4.564453 28.256592 0.946838
-3.100342 21.354736 1.249451
-1.774170 17.584961 1.419662
-1.728149 17.569092 1.420715
-0.489136 17.566650 1.429794
-0.449463 17.594238 1.428879
-0.405151 17.574707 1.429947
-0.361084 17.555176 1.431030
2.293701 44.472168 0.293579
2.354492 17.972900 1.419891
2.442627 18.002686 1.418564
7.527588 28.603516 0.952408
9.057129 22.232910 1.199661
13.616089 20.852783 1.183304
13.845703 20.023682 1.209183
13.859009 19.939209 1.211990
13.840942 19.805908 1.217178
13.831665 19.687256 1.221649
13.847046 19.608154 1.224197
13.836792 19.489746 1.228683
13.778687 19.297852 1.236755
13.811890 19.248535 1.237854
13.905640 19.292480 1.234375
13.987183 19.316406 1.231842
15.349731 19.223877 1.206009
20.346069 25.177490 0.888641
20.466187 25.211426 0.884750
21.251587 25.234375 0.865799
21.348145 25.232666 0.863586
21.501465 24.455566 0.885880
22.600098 23.535400 0.888565
23.265625 23.474121 0.873352
22.060791 20.655518 0.992722
23.395874 20.667236 0.955612
23.505005 20.670654 0.952469
23.975098 20.611328 0.940964
25.787231 20.616943 0.888443
25.672241 18.342041 0.953613
30.051758 20.905762 0.751297
30.058716 20.806885 0.753616
30.028198 20.269043 0.768250
36.275757 18.915039 0.589417
36.102295 17.147461 0.631653
36.071655 16.826172 0.639038
38.560913 17.275879 0.542801
42.061646 17.511475 0.413895
46.874756 18.946777 0.215714
47.326904 18.879883 0.200562
48.504883 -3.971436 0.331940
40.498047 -9.188232 0.618423
33.832642 -8.106201 0.881882
23.115601 -9.191650 1.270081
22.701782 -9.134766 1.285873
16.993530 -8.588135 1.496262
14.874390 -8.525391 1.568924
14.052734 -10.415039 1.550751
13.896240 -10.384033 1.556213
13.863037 -10.405762 1.556656
13.816406 -10.415771 1.557800
13.751587 -10.410889 1.559860
13.614136 -10.392578 1.564407
13.589844 -10.421143 1.564407
13.529907 -10.418945 1.566223
13.217163 -10.342285 1.577377
9.556519 -8.455811 1.731049
1.657715 -8.390625 1.852020
1.383789 -8.375000 1.852036
-2.119019 -8.652100 1.803162
-11.248535 -8.561768 1.536926
-11.448364 -8.166504 1.537628
-21.618530 -13.620605 1.056564
-19.914062 -9.953857 1.184296
-19.885742 -9.817139 1.187454
-52.327026 -7.801270 -0.140411
-52.634399 -7.187988 -0.151184
-43.094604 17.279297 -0.064560
-46.062500 18.569336 -0.217957
-44.634888 18.636963 -0.156738
-46.176025 19.790283 -0.245483
-39.687622 18.338623 0.063416
-34.272949 45.009521 -0.530685
-11.138550 17.771484 1.160645
-5.018677 23.489502 1.042603
-4.958130 23.487305 1.043518
-4.623779 23.107910 1.064987
-5.055908 25.332764 0.958908
-4.994019 25.341797 0.959290
-3.894531 21.280762 1.156815
-3.171631 21.392334 1.160141
-4.521606 28.339844 0.828491
-0.589111 17.613525 1.356613
-0.547852 17.623535 1.356415
-0.502197 17.592773 1.358139
-0.418091 17.600830 1.358276
-0.376099 17.604736 1.358353
-0.334595 17.614014 1.358154
2.282959 44.482178 0.115585
2.343018 17.958008 1.348709
2.431396 17.993896 1.346970
7.545166 28.699707 0.829590
9.066650 22.289795 1.102783
13.494751 20.777344 1.091888
15.368164 19.263184 1.108719
20.303833 25.011475 0.769547
20.569336 25.236328 0.754456
21.356201 25.255859 0.733521
21.466553 24.544678 0.756622
21.452759 24.291260 0.766174
21.591675 23.532715 0.789658
21.791992 23.537598 0.783966
22.523560 23.461914 0.766251
22.154297 20.660889 0.872528
22.423706 20.729736 0.862152
22.494141 20.699951 0.861008
23.307007 20.691895 0.836487
23.403320 20.683838 0.833771
24.816528 20.583740 0.792603
24.918457 20.574219 0.789658
25.463013 18.554443 0.832520
25.909912 18.712646 0.812851
25.879639 18.597900 0.817184
30.064819 20.922852 0.608170
30.011963 20.367676 0.625427
30.007935 20.262207 0.628479
30.022827 20.170654 0.630478
36.300537 18.934326 0.429184
36.175171 17.189209 0.472961
46.775391 18.910400 0.023239
47.128540 18.930176 0.008835
33.848877 -8.194336 0.746872
23.185059 -8.864258 1.178299
22.752075 -9.160889 1.190903
17.001221 -8.597900 1.424728
14.802734 -8.530273 1.507812
14.098022 -10.361084 1.485382
14.073853 -10.390869 1.485397
13.921875 -10.364014 1.491150
13.877319 -10.426270 1.490921
13.808594 -10.417725 1.493408
13.624146 -10.409912 1.499695
13.522339 -10.420898 1.502701
13.325806 -10.397705 1.509720
-1.567993 -8.667725 1.775284
-11.246948 -8.554443 1.475281
-6.312134 -5.119873 1.748306
-11.497192 -8.233887 1.472488
-19.957764 -9.969482 1.087128
-19.956421 -9.844727 1.089310
-20.035278 -8.245850 1.110397
-28.992310 -8.481445 0.707809
-57.437134 -7.535645 -0.594330
-63.533936 -7.839111 -0.878464
-45.979492 18.542236 -0.428268
-46.195923 19.804688 -0.463928
-39.687134 18.344971 -0.126282
-32.569580 20.247803 0.152084
-32.329468 39.761475 -0.500626
-35.734375 51.249756 -1.074295
-4.669434 20.253418 1.103455
-4.922241 23.403076 0.945328
-4.970703 25.302734 0.851074
-4.565918 28.280273 0.708572
-4.439331 28.347412 0.706696
-0.656860 17.578125 1.283005
-0.616699 17.599854 1.282181
-0.316528 17.563965 1.285965
-0.275635 17.579102 1.285461
-0.233398 17.582764 1.285522
2.309448 17.886963 1.276306
6.793091 25.233643 0.885193
7.508667 27.866211 0.748535
9.069092 22.257568 1.004822
13.553101 20.853760 0.985809
15.371948 19.249756 1.008881
20.120483 24.997803 0.643005
20.263306 24.817139 0.646423
20.901489 25.153076 0.614899
21.347534 25.227539 0.599228
21.483643 24.548340 0.622345
21.570679 23.491943 0.661179
21.713257 23.430908 0.659225
22.344604 23.248535 0.646881
23.109131 23.414062 0.616684
22.113892 20.606689 0.752457
22.433105 20.725342 0.737625
22.486572 20.679199 0.737503
22.698486 20.688232 0.730118
24.873657 20.621826 0.658005
24.949341 20.588623 0.656464
30.024658 20.255127 0.476273
38.646851 17.421387 0.199112
42.092651 17.522705 0.048553
46.791016 18.909668 -0.184616
40.630005 -9.317139 0.281708
33.833008 -8.187500 0.607010
16.873657 -8.615723 1.355225
14.722778 -8.561523 1.442444
14.067993 -10.325684 1.419098
13.996948 -10.366455 1.420486
13.874512 -10.413574 1.423523
13.758667 -10.415039 1.427658
13.645874 -10.368164 1.433182
13.621460 -10.396729 1.433167
13.543945 -10.379395 1.436462
13.442017 -10.390137 1.439774
13.292358 -10.357422 1.446121
13.311890 -10.424072 1.443359
6.854980 -8.395508 1.716064
-1.014893 -8.680176 1.745300
-3.161865 -8.661621 1.700134
-11.216919 -8.542969 1.410690
-11.460693 -8.176025 1.409073
-19.875000 -9.813721 0.992401
-20.069946 -8.204590 1.010315
-20.526001 -7.956299 0.992126
-42.840942 17.182373 -0.456299
-46.262817 19.829102 -0.690323
-33.028320 20.079346 -0.035461
-32.564453 20.239258 -0.017868
-32.443359 36.590332 -0.597992
-10.529907 17.791016 0.993668
-10.484253 17.813965 0.994034
-10.406494 17.787598 0.997665
-4.771851 20.579590 0.992905
-4.515259 23.164551 0.859177
-4.533447 23.479492 0.842056
-4.934937 25.385010 0.734100
-3.878540 21.237793 0.971695
-4.504150 28.281982 0.583908
-2.184204 17.661621 1.186783
-0.754150 17.617188 1.203354
-0.711548 17.616211 1.203735
-0.665039 17.579834 1.206070
-0.283691 17.581055 1.208679
-0.240723 17.572754 1.209396
-0.200195 17.593750 1.208496
2.346558 17.927002 1.196167
2.438232 18.009033 1.191528
3.890015 17.530029 1.212189
7.529297 27.349609 0.650558
9.072998 22.291016 0.900345
13.616089 20.860107 0.878540
15.048706 19.296143 0.912369
15.360962 19.245361 0.905518
15.885132 19.280273 0.888275
21.242554 25.227783 0.462158
21.500122 24.458740 0.487259
21.494629 24.334473 0.492752
21.610474 23.434570 0.527161
21.849365 23.482910 0.517227
22.489380 23.416992 0.498474
22.746582 23.475830 0.487289
22.406738 22.884277 0.523209
23.168335 23.374512 0.476944
21.451172 21.433838 0.615311
21.394165 21.271484 0.623871
21.364502 21.138916 0.630280
22.060547 20.659668 0.624756
22.147095 20.647217 0.622131
22.313110 20.712891 0.613571
22.466187 20.666260 0.609863
22.864502 20.659180 0.595581
23.408447 20.682617 0.574646
23.891113 20.636475 0.558380
24.781006 20.645508 0.524323
24.926880 20.674805 0.517654
29.976440 20.439453 0.323502
36.149292 18.955078 0.095123
36.181274 17.913818 0.121536
36.218750 17.828369 0.122040
36.172729 17.700684 0.127487
36.115845 17.464600 0.136215
38.700439 17.558350 0.014160
42.162842 17.671143 -0.151123
38.925903 -4.600830 0.230820
32.079590 -10.428467 0.518509
13.976318 -5.309570 1.485764
22.738281 -9.152588 0.993469
16.822021 -8.590820 1.281281
14.703613 -8.551758 1.376358
13.634644 -9.879639 1.380005
13.674072 -10.007324 1.374298
13.721436 -10.143555 1.367981
13.772339 -10.284180 1.361374
13.734619 -10.302002 1.362289
13.723999 -10.342041 1.361389
13.744141 -10.408936 1.358383
13.642212 -10.420898 1.361984
13.564575 -10.403809 1.365601
13.478516 -10.378662 1.369812
13.449707 -10.402832 1.370102
13.279907 -10.402344 1.376740
-1.842285 -8.665527 1.690125
-11.210938 -8.578369 1.342667
-11.471558 -8.265137 1.338898
-11.476074 -8.224365 1.339767
-20.012207 -11.668945 0.842010
-19.996216 -9.989990 0.879608
-19.952148 -9.845703 0.884766
-20.031372 -8.246582 0.910385
-45.102783 18.194580 -0.812927
-38.914429 18.223389 -0.471207
-32.483398 24.692871 -0.336639
-32.400757 36.546387 -0.812363
-32.364014 37.210693 -0.840393
-4.761230 20.552002 0.900604
-5.023560 25.236084 0.626678
-4.440430 23.110107 0.758759
-3.867798 21.203857 0.877945
-4.567261 28.260986 0.457626
-3.098999 21.336670 0.881241
-0.747803 17.583740 1.127548
-0.195312 17.565918 1.132706
2.349121 17.922607 1.117630
2.442871 18.039551 1.110519
6.744873 25.008545 0.671890
7.535400 26.807861 0.560074
9.048706 22.213867 0.801544
13.551392 20.858643 0.774200
15.423340 19.230713 0.799774
19.801270 24.579346 0.400131
21.069824 25.251465 0.325989
21.218628 25.193848 0.323654
21.475586 24.425537 0.350662
21.485229 24.319092 0.355255
21.428589 24.017334 0.371155
21.482422 23.850098 0.376923
21.589478 23.406250 0.393356
21.798706 23.534668 0.380005
22.411499 23.439453 0.361984
22.578735 23.288818 0.362518
22.454468 22.823730 0.387695
21.441284 21.419922 0.487427
21.351929 21.223389 0.499405
21.395386 20.868164 0.513214
21.984375 20.678467 0.498672
22.194946 20.691406 0.489899
22.298218 20.695557 0.485687
22.446899 20.644775 0.481979
22.724365 20.619629 0.472031
23.800171 20.649170 0.427582
24.663086 20.637939 0.392624
24.760498 20.625000 0.389084
24.787598 20.550049 0.390961
24.946777 20.590576 0.382706
25.128418 20.551025 0.376678
29.942505 20.515869 0.168182
30.367920 16.707764 0.270355
30.509155 16.697266 0.263840
30.584595 16.648438 0.261688
30.725952 16.636719 0.255188
29.859497 13.896729 0.376755
38.688965 17.551025 -0.165878
41.984863 17.707031 -0.337708
47.280273 18.987549 -0.641510
47.505127 17.559570 -0.620285
34.079590 -8.251465 0.301071
32.587524 -9.947510 0.357605
30.458740 -9.875732 0.472549
22.719360 -9.144043 0.893265
16.759888 -8.602295 1.207092
14.697998 -8.546631 1.307907
14.569946 -8.551514 1.313797
13.648315 -9.793701 1.313919
13.702026 -9.932861 1.306763
13.723145 -10.045898 1.301865
13.725464 -10.145020 1.298279
13.777832 -10.237793 1.292740
13.725342 -10.291748 1.293060
13.757080 -10.417969 1.287201
13.628418 -10.406982 1.293060
13.564209 -10.401123 1.296005
13.530884 -10.422119 1.296661
13.343384 -10.406738 1.305145
13.297119 -10.415283 1.306778
-2.084595 -8.679443 1.642441
-2.102539 -8.665039 1.642715
-5.179199 -8.207520 1.563568
-11.161621 -8.547607 1.277771
-11.450928 -8.253662 1.271698
-22.928223 -10.913818 0.593872
-20.023438 -8.244629 0.808411
-20.540161 -8.019775 0.783417
-32.510620 19.880371 -0.381134
-32.595581 20.147461 -0.394989
-32.325928 36.113525 -1.048477
-32.291138 36.248535 -1.053406
-35.859985 51.153320 -1.956909
-4.768799 20.379639 0.798935
-4.748657 21.053955 0.757309
-5.031982 25.250488 0.489243
-4.981445 25.304688 0.486679
-3.862793 21.162842 0.766235
-3.224121 21.406250 0.760788
-3.160278 21.353760 0.765060
-4.516724 28.334229 0.302322
-0.239380 17.527832 1.042374
2.346802 17.963623 1.020706
2.428467 17.899658 1.024658
7.464844 18.114502 0.958481
9.056885 22.250977 0.675430
13.545532 20.856934 0.647293
13.806885 20.511230 0.658630
15.350952 19.233887 0.676727
20.123535 24.524902 0.229599
21.175049 25.144775 0.158997
18.584473 20.725586 0.480804
18.906006 20.807617 0.464310
19.141724 20.884033 0.451340
21.831665 23.465088 0.218094
21.922363 23.455811 0.214966
22.043945 23.481689 0.208862
21.634644 22.907471 0.253265
22.209961 23.444092 0.204071
22.332153 23.468506 0.197983
22.384155 23.414551 0.198517
22.404785 23.325439 0.202011
22.409180 23.218994 0.206985
22.401489 23.099609 0.213058
20.316040 20.715088 0.412796
22.408325 22.888184 0.222977
22.387573 22.756592 0.230148
20.555420 20.677734 0.404800
21.181885 21.148926 0.356537
21.184204 21.051025 0.361115
21.248169 20.918213 0.364761
21.266724 20.739746 0.372437
21.365356 20.644775 0.372772
22.071777 20.672607 0.341537
22.659424 20.659668 0.316803
23.163330 20.650635 0.295227
23.744873 20.602783 0.271637
23.712402 20.474609 0.278778
24.602539 20.588623 0.233734
29.931641 20.614746 -0.020111
29.971191 20.539795 -0.019180
30.313721 16.955566 0.088943
30.344238 16.881104 0.089844
36.323364 16.848145 -0.231750
47.514526 17.314697 -0.874252
31.621582 -7.706787 0.278427
32.653687 -9.483887 0.189987
32.681519 -9.654541 0.185501
32.645142 -9.967529 0.182190
32.571533 -10.025391 0.185486
32.448364 -10.066406 0.191971
16.755371 -8.602539 1.115143
16.684692 -8.609619 1.118729
14.708740 -8.556641 1.224289
13.731201 -9.816895 1.227081
13.716919 -9.900391 1.224579
13.670166 -9.958496 1.224594
13.476807 -10.037842 1.230667
13.474243 -10.132080 1.227097
13.508179 -10.209717 1.222473
13.482666 -10.285645 1.220688
13.465088 -10.368896 1.218170
13.449585 -10.405029 1.217484
13.304321 -10.376709 1.225327
-11.157471 -8.541748 1.197037
-11.526001 -8.297852 1.184555
-19.680298 -10.845703 0.645615
-29.973877 34.395264 -1.094193
-32.347778 37.553467 -1.372223
-4.757690 21.114502 0.642990
-4.732544 21.218506 0.636520
-4.580444 23.215088 0.504623
-5.009033 25.190918 0.362885
-4.968506 25.285156 0.357239
-3.813477 21.213135 0.654221
-4.567261 28.276611 0.160141
2.346069 17.823242 0.940079
2.432983 17.841309 0.938599
6.555054 24.155029 0.470657
9.079834 22.292969 0.554001
10.329224 22.229004 0.530594
13.627930 20.756348 0.529495
13.656494 20.692139 0.532440
15.438232 19.246094 0.553482
16.547119 20.147705 0.459808
23.810303 20.655273 0.113571
23.876831 20.617432 0.112167
23.986206 20.618896 0.106796
25.129150 20.647217 0.049500
25.231445 20.636475 0.044937
25.316162 20.610596 0.041916
25.869141 20.584229 0.015488
30.020386 20.880127 -0.212372
30.437378 17.208496 -0.095322
36.627075 16.783691 -0.442245
38.779297 17.699707 -0.599197
32.489136 -8.952637 0.046661
32.712769 -9.500244 0.022720
32.690186 -9.655029 0.021301
23.095581 -9.244385 0.630493
22.794678 -9.175293 0.650620
16.677368 -8.601562 1.032181
16.651855 -8.634521 1.032593
14.810547 -8.573242 1.139450
14.657715 -8.562988 1.148331
13.437378 -9.903320 1.160309
13.436646 -9.950684 1.158386
13.416870 -10.029297 1.156052
13.436401 -10.142334 1.150269
13.477295 -10.274902 1.142548
13.501953 -10.345215 1.138306
13.305542 -10.420654 1.144882
-5.697754 -8.220459 1.428345
-11.464355 -8.264160 1.110336
-20.079590 -12.043457 0.463852
-23.161255 -7.908447 0.367355
-23.995972 -7.175049 0.323975
-34.866211 13.278076 -0.736526
-32.537231 24.603760 -0.997086
-35.690918 50.916504 -2.604965
-3.823364 21.210449 0.532547
-3.208008 21.316162 0.535706
-3.154785 21.314941 0.536682
2.321655 17.594727 0.857452
2.404663 17.577637 0.858505
4.051025 17.493164 0.854355
6.535889 24.086670 0.336411
6.598145 24.096924 0.334793
9.048950 22.234619 0.426483
13.788086 20.705078 0.391663
15.439575 19.261963 0.418457
15.858521 19.249756 0.401581
18.251709 19.186768 0.298416
20.180908 19.150635 0.207245
20.280273 19.069336 0.206696
20.185547 18.883789 0.221436
23.668945 20.632812 -0.049164
24.892944 20.549561 -0.109695
24.986084 20.531738 -0.113815
24.165283 19.535156 -0.019928
25.536743 20.609619 -0.147385
25.679321 20.631348 -0.156204
26.696045 -7.869385 0.287079
23.082153 -9.242920 0.499435
16.554688 -8.584717 0.942352
14.830078 -8.547852 1.050186
13.468872 -9.843018 1.074188
13.395752 -9.876953 1.076691
13.452271 -10.019775 1.067078
13.423218 -10.091064 1.065399
13.386108 -10.107910 1.066666
13.288208 -10.169189 1.069183
2.129028 -8.237305 1.587448
-6.916870 -8.180908 1.303360
-11.170044 -8.548828 1.031754
-11.469360 -8.261230 1.023438
-17.933960 -10.494873 0.519547
-19.896240 -11.212891 0.364349
-19.927856 -11.099365 0.365829
-19.883789 -10.755615 0.379562
-20.018799 -10.758545 0.370270
-19.810059 -9.596436 0.418671
-19.606445 -7.682617 0.481689
-19.508545 -7.590820 0.490768
-23.205811 -7.660156 0.223236
-23.252563 -7.544678 0.222092
-27.528687 27.478027 -1.055801
-5.179810 17.672363 0.658066
-5.071899 17.636475 0.663864
-5.035522 17.667969 0.662491
-4.999146 17.699219 0.661148
-4.954956 17.708008 0.661682
-4.889771 17.656494 0.667419
-4.786621 17.630127 0.672272
-4.748169 17.655029 0.671387
-4.700439 17.652588 0.672867
-4.258545 19.010254 0.579300
-4.270752 19.225098 0.562332
-4.245605 19.311279 0.556229
-3.859375 21.195312 0.417419
-3.187744 21.284668 0.423187
-3.135620 21.289062 0.423737
2.326538 17.453613 0.775604
6.489258 24.113281 0.205933
9.051758 22.203125 0.304672
13.656982 20.799805 0.262909
15.468140 19.281982 0.290268
11.724365 14.108887 0.795914
15.869507 19.246338 0.274460
20.035156 18.808838 0.093597
22.638184 18.839111 -0.052551
22.761963 18.857910 -0.060669
22.868408 18.861328 -0.066940
22.798950 18.710205 -0.054840
25.074097 20.595703 -0.286957
25.180542 20.588867 -0.292755
39.171875 -3.456055 -0.743973
39.152222 -3.544189 -0.742966
39.155762 -3.634521 -0.743759
39.009277 -4.160645 -0.735840
38.947266 -4.243652 -0.731674
38.879395 -4.325684 -0.727051
16.551514 -8.623291 0.850342
14.732544 -8.567871 0.971298
14.692871 -8.586670 0.973114
13.095215 -9.897217 1.012573
13.122559 -10.063232 1.002670
13.144043 -10.226318 0.993225
13.121704 -10.304688 0.990540
-11.229858 -8.596924 0.943008
-11.455933 -8.260986 0.941147
-16.562378 -10.622803 0.493591
-23.251099 -7.613281 0.081619
-23.235229 -7.543457 0.084290
-15.184326 19.675049 -0.044464
-10.416504 17.711182 0.341553
-10.358154 17.714111 0.344147
-9.509033 17.767822 0.379822
-5.205811 17.712402 0.548950
-5.159546 17.716309 0.550018
-4.717896 17.670898 0.566772
-4.215698 18.499268 0.511887
-4.277832 19.397705 0.435745
-4.269287 19.545166 0.423691
-4.281860 19.771729 0.404526
-4.508911 21.179199 0.281830
-3.152222 21.330811 0.298035
2.322388 17.515381 0.672058
2.407104 17.527344 0.670731
4.920532 17.490723 0.649765
6.524536 24.008545 0.074371
6.588257 24.024414 0.071991
9.059570 22.248047 0.168427
15.443604 19.259033 0.158295
15.957520 19.277588 0.132050
19.528809 18.658936 -0.017517
22.511230 17.854248 -0.148697
22.415283 17.687744 -0.133331
28.675171 -2.820801 -0.085190
25.005127 -6.194336 0.170609
24.644897 -6.868896 0.185333
24.315796 -6.830078 0.212402
24.551270 -6.960205 0.190750
24.657837 -7.052246 0.180176
14.313599 -5.489014 1.031647
16.542358 -8.622314 0.753174
14.680786 -8.581299 0.886917
13.159058 -9.910645 0.921936
13.177490 -10.069336 0.912292
13.180420 -10.120117 0.909393
13.152710 -10.240967 0.904572
6.204468 -8.819580 1.360062
-1.477051 -8.687500 1.408890
-1.503296 -8.696045 1.407379
-11.177002 -8.601318 0.859573
-11.462769 -8.304199 0.851685
-15.642456 -10.085693 0.465927
-20.089722 -12.318848 0.040924
-20.031982 -12.218506 0.049255
-20.045776 -11.889160 0.061035
-20.046631 -11.689453 0.068604
-26.797729 -14.702148 -0.563202
-19.557861 1.283203 0.274872
-5.274170 17.645752 0.444763
-5.253906 17.721191 0.438889
-5.197632 17.697754 0.442734
-5.084473 17.657715 0.449646
-5.036499 17.656006 0.451324
-5.002197 17.692871 0.449234
-4.971313 17.740234 0.446060
-4.905884 17.688965 0.452576
-4.863647 17.703369 0.452637
-4.825195 17.728760 0.451630
-4.637451 17.588623 0.469589
-4.624512 17.691162 0.461029
-4.562378 17.643799 0.467026
-4.523926 17.668213 0.466019
-4.490479 17.709961 0.463364
-4.444458 17.712158 0.464493
-4.398804 17.714355 0.465652
-4.354614 17.721680 0.466248
-4.303589 17.707031 0.468994
-4.254517 17.697998 0.471207
-4.220825 17.738525 0.468582
-4.227417 17.913086 0.453018
-4.226440 18.065430 0.439606
-4.221558 18.207031 0.427261
-4.206055 18.314941 0.418152
-4.242554 18.601807 0.391815
-4.262573 19.178467 0.340271
-4.275391 19.398926 0.320404
-4.318481 19.732178 0.289734
-4.643433 21.087891 0.161011
-4.565430 21.000488 0.170792
-4.452515 21.181641 0.157547
-4.388550 21.144531 0.162476
-4.336670 21.152100 0.163071
-4.284668 21.159424 0.163696
-4.221191 21.121582 0.168610
-3.791382 21.113037 0.179474
-2.421021 17.766602 0.509430
2.325806 17.523926 0.570953
2.409546 17.518311 0.571136
2.744751 17.499512 0.571259
4.615601 17.471436 0.554214
6.472900 24.031494 -0.067261
6.521362 23.979248 -0.063385
9.062622 22.247559 0.033768
13.496948 20.762451 -0.001465
15.432617 19.239746 0.023956
15.935669 19.244629 -0.002548
18.800659 18.427979 -0.106720
22.238281 17.199951 -0.249344
23.644531 -6.343994 0.145020
23.702881 -6.417480 0.138351
23.420776 -6.449219 0.161667
20.262695 -8.671875 0.358429
20.035889 -8.620361 0.378555
16.507324 -8.600586 0.657944
14.677002 -8.577148 0.797775
1.713745 -8.270508 1.448105
1.385132 -8.278564 1.446533
-2.700439 -8.670410 1.310776
-10.209717 -8.586182 0.845383
-11.202637 -8.576172 0.769852
-11.502563 -8.287109 0.759872
-14.808716 -9.604736 0.438446
-20.147339 -12.352783 -0.108765
-20.130371 -12.275391 -0.104111
-20.001099 -12.135254 -0.087769
-15.123047 -9.364502 0.423248
-20.055298 -11.300049 -0.058151
-20.061035 -11.237793 -0.056168
-20.040649 -11.161621 -0.051514
-20.045776 -11.099609 -0.049530
-20.035278 -11.029541 -0.045914
-20.024658 -10.959473 -0.042328
-20.158569 -8.536133 0.030304
-20.210938 -8.496582 0.026993
-20.116455 -8.400635 0.038055
-23.259399 -7.614990 -0.215576
-32.528076 -5.035889 -1.007370
-32.591675 -4.380371 -1.006577
-23.799316 20.101074 -0.991867
-5.771729 17.672119 0.306885
-5.720825 17.666748 0.309250
-5.655518 17.623291 0.315643
-3.669800 20.147949 0.139008
-3.533447 20.000488 0.156403
-3.510742 20.119385 0.145554
-2.400513 17.641846 0.408432
1.439941 17.504639 0.464371
1.481812 17.504150 0.464447
2.319458 17.501953 0.463196
2.408081 17.572266 0.455933
6.962646 26.014404 -0.420853
9.037842 22.190674 -0.107971
15.440063 19.256836 -0.127518
15.922241 19.232910 -0.152496
18.021973 18.036865 -0.187943
18.116455 18.052734 -0.195129
25.609009 3.724365 -0.145828
22.901123 -5.533203 0.087509
22.494751 -5.908691 0.116104
10.636353 -3.764160 1.248001
19.030884 -8.256592 0.350983
16.498657 -8.598389 0.550125
14.591064 -8.524658 0.708572
14.590698 -8.568115 0.706375
12.805664 -9.937500 0.762558
12.852173 -10.026123 0.753754
10.853516 -8.335693 1.001221
7.043213 -8.400879 1.234711
2.641602 -8.278809 1.390991
0.242554 -8.298340 1.379776
0.225220 -8.283447 1.380859
-3.079834 -8.641357 1.234573
-11.470215 -8.308350 0.664001
-13.874634 -9.110840 0.421722
-20.159546 -12.357666 -0.267197
-20.044067 -12.156982 -0.248184
-20.108276 -12.125000 -0.252289
-19.962036 -11.446289 -0.209778
-19.988647 -11.394775 -0.209900
-19.984375 -11.327148 -0.206635
-20.026489 -11.283203 -0.208466
-20.026855 -11.218018 -0.205765
-20.011719 -11.145020 -0.201355
-19.996216 -11.072510 -0.196930
-19.996094 -11.007324 -0.194244
-20.073730 -10.982178 -0.200043
-19.960327 -10.414551 -0.166977
-19.889893 -10.317627 -0.156906
-19.940430 -10.278809 -0.159851
-19.974731 -9.795410 -0.144394
-19.987061 -9.739258 -0.143387
-19.972412 -9.670898 -0.139542
-19.936279 -9.593262 -0.133408
-19.932129 -9.530273 -0.130676
-17.001709 -7.154053 0.219147
-32.466553 -5.109619 -1.219193
-6.124512 17.595703 0.178314
-6.042480 17.516113 0.189407
-2.346924 17.633301 0.295197
1.448364 17.540283 0.348740
1.490112 17.516113 0.351257
1.532349 17.544678 0.348282
1.573975 17.532227 0.349594
2.454224 17.511719 0.349457
2.496948 17.520508 0.348328
6.664429 24.645020 -0.443802
7.476807 22.195068 -0.213409
9.054443 22.214844 -0.260864
13.534668 20.708008 -0.302917
15.499023 19.229248 -0.280807
15.988159 19.213867 -0.308685
17.732788 17.971191 -0.319809
36.573120 13.010742 -1.639511
28.910645 5.509277 -0.666122
28.895264 5.438232 -0.663040
28.919800 5.375732 -0.664124
10.491821 -3.751709 1.199524
18.254883 -8.033447 0.308350
16.476929 -8.628906 0.440750
14.437500 -8.509033 0.621811
14.485718 -8.584717 0.613586
6.325317 -8.837646 1.170105
3.111572 -8.320312 1.327072
2.143555 -8.303467 1.339279
1.250488 -8.315674 1.337219
-4.753906 -8.242432 1.105209
-11.202637 -8.622559 0.570389
-11.473511 -8.271729 0.565155
-20.174683 -12.438965 -0.434052
-20.132568 -12.347168 -0.425705
-20.161621 -12.295166 -0.425858
-20.144531 -12.217529 -0.420547
-20.066284 -12.106445 -0.407974
-20.037476 -11.754883 -0.388718
-20.034180 -11.686768 -0.385239
-20.061646 -11.635254 -0.385361
-19.980591 -11.525879 -0.372787
-16.061646 -6.750732 0.196213
-32.465942 -5.028076 -1.440399
-32.477539 -4.946777 -1.440567
-32.517456 -4.869141 -1.443787
-32.574829 -4.794189 -1.448822
-32.447510 -4.693848 -1.434372
-32.590820 -4.630371 -1.448532
-32.549438 -4.541992 -1.443222
-32.588623 -4.464111 -1.446442
-32.581543 -4.380127 -1.444778
-32.649292 -4.305908 -1.451019
-16.911621 1.416992 0.169449
-16.844360 1.753906 0.172913
-16.812256 1.836426 0.175415
-16.805176 2.050049 0.173187
-16.724609 2.083496 0.181610
-6.398926 17.634033 0.034698
1.395874 17.516357 0.233597
1.563477 17.525635 0.232620
1.940308 17.514648 0.233322
2.066895 17.532471 0.230988
2.109131 17.536377 0.230423
2.232788 17.494629 0.234543
2.276978 17.533203 0.230087
2.526855 17.499023 0.232544
9.036621 22.193604 -0.416458
13.528320 20.827393 -0.476166
15.485718 19.225342 -0.440704
15.960205 19.285645 -0.476318
17.050049 17.651611 -0.408630
17.131104 17.657715 -0.414871
28.924316 5.582275 -0.858627
28.926270 5.514893 -0.857254
28.882690 5.438232 -0.850830
28.867310 5.367432 -0.847549
28.891479 5.304688 -0.848694
21.674805 -5.217529 -0.066284
21.561646 -5.239014 -0.054947
21.113281 -5.321533 -0.010193
17.493286 -7.766357 0.269104
16.466187 -8.581543 0.327362
14.443237 -8.561279 0.515030
4.962158 -8.780518 1.169189
-11.174683 -8.597412 0.470795
-11.238403 -8.595703 0.464935
-11.484375 -8.272461 0.460144
-20.178223 -12.367676 -0.599152
-20.135986 -12.275635 -0.590302
-20.093262 -12.184082 -0.581436
-20.048096 -11.889648 -0.562027
-20.098755 -11.783203 -0.561661
-20.089966 -8.687012 -0.423721
-14.777710 -5.994873 0.230789
-32.492065 -5.031006 -1.674957
-32.514893 -4.951416 -1.676422
-32.514771 -4.868164 -1.675293
-32.531616 -4.787842 -1.676102
-32.496460 -4.699951 -1.671097
-32.582153 -4.628418 -1.679672
-32.581177 -4.545410 -1.678558
-16.177490 20.383545 -0.993103
1.032593 17.543945 0.115723
1.074219 17.567383 0.113068
1.116455 17.550293 0.115204
1.157959 17.625977 0.106369
2.959839 17.479492 0.117401
3.004639 17.504395 0.114059
6.472046 24.025391 -0.701309
6.760742 23.973389 -0.702026
7.046021 24.158203 -0.730148
8.974487 22.145996 -0.561127
15.489014 19.210938 -0.593765
16.884155 -7.554932 0.228058
14.406494 -8.574707 0.416672
-11.093872 -8.552734 0.379517
-11.377930 -8.213867 0.371704
-20.147339 -12.289307 -0.756531
-20.130249 -12.211914 -0.750549
-19.954102 -8.697998 -0.563461
-19.974487 -8.646729 -0.563583
-32.459229 -5.111328 -1.899094
-32.396118 -5.018799 -1.890350
-32.418823 -4.856689 -1.890671
-32.458252 -4.696289 -1.893066
-32.485229 -4.534668 -1.894073
-15.205566 1.515869 0.134598
-15.208984 1.593994 0.133057
-15.160156 1.667236 0.138046
-15.243896 1.753418 0.126282
-15.184814 1.903320 0.131195
-10.403687 17.693115 -0.475601
-2.303711 17.612793 -0.067551
3.322876 17.401367 -0.002823
5.814453 20.761719 -0.463913
6.625610 24.182617 -0.901657
6.667603 24.101807 -0.892853
6.734131 24.128662 -0.897781
6.803345 24.166504 -0.904175
6.879395 24.232666 -0.914185
6.935913 24.213623 -0.913330
6.992188 24.194336 -0.912476
7.055298 24.203369 -0.915237
10.743652 20.666260 -0.634933
15.417480 19.124268 -0.751480
15.400269 18.448975 -0.682388
19.734375 -4.624023 -0.104614
10.438965 -3.054932 1.034851
15.956421 -7.273682 0.220749
15.918823 -7.297607 0.223602
15.932739 -7.347656 0.219391
15.330078 -7.841064 0.256409
14.359863 -8.546387 0.313187
3.106445 -8.318848 1.155121
2.823730 -8.294922 1.163223
2.726074 -8.302490 1.163788
0.800049 -8.280518 1.167084
-1.183350 -8.696533 1.062378
-7.375488 -8.224121 0.665710
-9.945557 -8.650146 0.381607
-10.606689 -8.223877 0.342468
-11.033936 -7.994873 0.311966
-19.977783 -8.824707 -0.738708
-19.960693 -8.757812 -0.733765
-19.991943 -8.710693 -0.735336
-19.974365 -8.644043 -0.730392
-32.483521 -5.114502 -2.149536
-32.466675 -5.029053 -2.146072
-32.437866 -4.941650 -2.141159
-32.437622 -4.859131 -2.139862
-32.448120 -4.695068 -2.138748
-14.552856 0.896484 0.113754
-14.610474 1.460449 0.099136
-14.527222 1.639404 0.107376
-14.569946 4.666016 0.015396
-14.883179 19.985352 -1.221268
3.585449 17.446533 -0.135254
6.567627 24.179443 -1.073166
6.634033 24.206543 -1.078400
6.680786 24.172607 -1.074112
6.755127 24.233398 -1.083908
6.814087 24.225830 -1.084534
6.875732 24.229492 -1.086685
6.932251 24.210693 -1.085815
6.999268 24.236816 -1.091019
7.066528 24.262695 -1.096222
14.026367 17.319824 -0.620468
22.231445 11.817871 -0.924820
22.285645 11.652588 -0.919937
18.571289 -4.285889 -0.080795
14.276245 -5.472412 0.399292
14.252808 -5.498047 0.400803
14.266602 -5.539795 0.397095
14.248535 -5.567871 0.397873
14.235474 -5.598389 0.397903
14.275757 -5.652100 0.390472
14.267944 -5.684570 0.389755
14.244141 -5.709961 0.391266
14.230835 -5.740234 0.391281
14.244019 -5.782471 0.387573
14.251587 -5.822510 0.384613
14.259277 -5.862305 0.381653
15.118408 -7.217773 0.207016
15.060669 -7.228516 0.212997
14.759888 -7.516602 0.229584
12.406372 -8.539307 0.409088
5.373901 -8.827881 0.949829
1.772461 -8.292236 1.114395
-10.453857 -7.634277 0.295517
-20.007935 -8.718018 -0.902222
-19.952759 -8.636475 -0.891647
-19.956543 -8.578857 -0.889481
-20.019775 -8.543945 -0.895721
-20.075684 -8.446533 -0.898254
-20.041016 -8.374023 -0.890732
-32.410400 -5.021484 -2.381638
-32.404785 -4.854980 -2.378159
-32.467407 -4.780762 -2.385208
-32.461060 -4.697510 -2.383087
-32.459473 -4.531738 -2.380341
-32.475586 -4.450928 -2.381287
-32.450806 -4.365479 -2.376846
-32.534180 -4.210693 -2.385605
-32.566895 -4.131836 -2.388840
-32.587646 -4.051514 -2.390549
-13.995972 -0.993408 0.088348
-13.916870 0.433105 0.094757
-13.859863 0.856689 0.099014
-13.725708 1.024658 0.115799
-13.933716 1.181885 0.084824
-13.872925 1.212891 0.092880
-13.846436 1.246094 0.096085
-13.856323 1.496826 0.090881
-13.846558 1.531494 0.091644
-7.487183 0.898193 0.984833
-13.867432 1.604980 0.087509
-13.863159 1.640625 0.087463
-13.843140 1.709717 0.088989
-13.879028 1.749756 0.083282
-13.863159 1.783691 0.084869
-24.687378 18.959473 -2.304123
-24.543945 18.948242 -2.287064
-24.083862 18.981689 -2.238281
-3.633301 11.903076 0.388565
3.874512 17.423340 -0.263794
3.917969 17.428467 -0.265305
4.005615 17.444580 -0.269165
4.128906 17.412842 -0.267288
4.204712 17.359131 -0.261475
4.243652 17.334961 -0.258972
4.303101 17.430664 -0.273392
4.328491 17.331787 -0.260406
4.387329 17.421631 -0.274017
4.470703 17.406738 -0.273834
6.683838 24.181885 -1.254959
6.792725 24.127441 -1.250687
6.855469 24.136963 -1.253784
6.924927 24.174561 -1.260895
11.198730 17.323730 -0.569977
22.053223 -3.831055 -0.659241
17.696167 -3.986328 -0.083374
14.442505 -5.509766 0.275894
14.493774 -5.567871 0.266479
14.480835 -5.598633 0.266495
14.388062 -5.594727 0.278305
14.513306 -5.685791 0.257889
14.468384 -5.702881 0.262634
14.547852 -5.811279 0.246964
14.486450 -5.821045 0.254059
14.334961 -6.922119 0.208267
14.042236 -7.073730 0.233551
5.262573 -8.750000 0.896088
4.998657 -8.745850 0.910019
3.179077 -8.289307 1.037354
2.583008 -8.276123 1.050751
-0.493774 -8.244873 1.019302
-0.867310 -8.669922 0.949036
-0.887451 -8.664062 0.948990
-9.891357 -7.280029 0.284302
-22.947510 -7.778564 -1.416565
-22.954468 -7.716309 -1.415100
-32.308472 -5.006348 -2.615570
-32.285645 -4.920410 -2.610901
-32.325439 -4.843750 -2.615082
-32.353760 -4.765137 -2.617676
-32.404785 -4.689697 -2.623489
-32.403931 -4.606934 -2.622040
-32.362915 -4.518799 -2.614944
-32.396240 -4.440918 -2.618347
-32.412109 -4.360107 -2.619308
-32.421875 -4.279053 -2.619476
-32.425781 -4.196777 -2.618835
-32.429688 -4.115234 -2.618179
-32.490845 -4.040283 -2.625610
-13.200806 0.615723 0.084717
-13.158325 0.647461 0.090637
-13.282959 0.960205 0.068893
-13.194336 1.362793 0.076035
-23.843872 19.181885 -2.466827
-15.713013 19.644531 -1.638672
-15.643555 19.658203 -1.633499
-15.493408 19.671387 -1.620605
-14.815430 19.904541 -1.583435
-2.120361 17.370117 -0.417694
-2.090576 17.440674 -0.427002
-1.747925 17.448486 -0.418777
-0.227783 17.517090 -0.398346
-0.186890 17.531982 -0.399979
-0.142456 17.500732 -0.394791
-0.101807 17.520996 -0.397278
-0.059448 17.518555 -0.396347
-0.016846 17.510010 -0.394562
0.024536 17.518311 -0.395340
0.066895 17.515869 -0.394409
0.110596 17.489258 -0.390091
0.157349 17.411133 -0.378098
4.485840 17.445068 -0.412964
5.348999 18.216064 -0.546326
16.101562 19.263184 -1.341736
16.129639 19.204834 -1.337372
16.150513 19.137451 -1.331360
16.278198 19.207520 -1.350571
16.356079 19.213379 -1.358017
16.459229 19.250488 -1.371338
15.931274 18.042236 -1.185471
16.711670 18.640625 -1.323700
22.102661 -3.839355 -0.823044
22.110840 -3.891357 -0.825470
22.147583 -3.949219 -0.832062
22.223755 -4.014648 -0.844467
13.742798 -6.636475 0.193451
13.526978 -6.778564 0.210938
-0.230591 -8.287842 0.958618
-0.895386 -8.722412 0.872894
-0.924072 -8.743896 0.868668
-0.936157 -8.709717 0.872803
-3.892212 -8.457031 0.714630
-8.443359 -7.884277 0.307541
-8.470825 -7.828857 0.309097
-9.142212 -7.254639 0.275040
-9.340576 -6.940918 0.274170
-10.484863 -5.738525 0.205414
-32.390259 -4.854248 -2.885681
-32.392212 -4.441406 -2.878860
-2.148682 17.464600 -0.564438
-0.915649 17.521729 -0.541870
-0.873657 17.526855 -0.541794
-0.829834 17.514404 -0.539047
-0.787842 17.519287 -0.538986
-0.748779 17.546875 -0.542480
-0.707520 17.557129 -0.543289
-0.664795 17.556152 -0.542343
-0.616333 17.497559 -0.532440
-0.581909 17.576416 -0.543976
-0.548828 17.666992 -0.557297
4.523193 17.469482 -0.550156
14.349976 19.267578 -1.371872
14.487671 19.272461 -1.383987
14.585693 19.219238 -1.385498
14.700439 19.189209 -1.391418
14.802734 19.238281 -1.406311
15.037964 19.278320 -1.431549
17.077271 11.685303 -0.794724
17.946289 11.492920 -0.882965
22.075928 -3.634521 -0.971848
22.135864 -3.695557 -0.982254
22.070312 -3.734375 -0.973480
22.130127 -3.795654 -0.983902
22.012573 -3.925293 -0.969772
22.026245 -3.978516 -0.973190
22.045410 -4.032715 -0.977509
13.144653 -6.353271 0.187820
-0.813232 -8.551758 0.833313
-3.001343 -8.688965 0.682144
-8.027222 -7.741699 0.276703
-8.208862 -7.473145 0.278610
-8.574951 -6.906006 0.280579
-8.910522 -6.701660 0.253174
-15.541748 19.542480 -2.005630
-1.362549 17.467529 -0.683212
-1.314331 17.427734 -0.675644
6.683228 24.152588 -1.815933
6.853271 24.102539 -1.813675
6.927856 24.162354 -1.825684
6.974731 24.103760 -1.818069
11.606567 18.217529 -1.183334
11.644409 18.182861 -1.181351
11.635986 18.067871 -1.164490
11.725464 18.123779 -1.179260
16.912720 12.438721 -1.002563
16.960693 12.416260 -1.006149
16.960938 12.295166 -0.993896
22.115479 -3.740723 -1.144028
12.479614 -6.186768 0.190079
12.879028 -8.357422 -0.048798
-0.723511 -8.292480 0.806885
-0.760742 -8.347656 0.796707
-0.891479 -8.719238 0.733948
-8.189331 -6.656738 0.254837
-11.454712 0.509766 0.048538
-11.458740 0.539795 0.047501
-11.400513 1.250000 0.046555
-11.378784 1.337158 0.048401
-11.364258 1.544678 0.046173
-11.360352 1.574219 0.046143
-11.339722 2.325684 0.027512
-11.350830 2.358398 0.024506
-11.299683 2.379395 0.032364
-11.321533 2.444824 0.026382
-14.936401 19.758301 -2.177734
-14.889160 19.796631 -2.177704
-14.888916 19.892822 -2.190506
-5.200806 12.052979 -0.147980
-1.831543 16.478760 -0.675446
6.609131 24.098145 -2.008835
6.729126 24.094971 -2.012497
6.918457 24.128662 -2.024872
6.979858 24.131836 -2.027679
7.041626 24.135254 -2.030487
7.422852 20.316406 -1.417007
7.420776 20.136475 -1.387543
7.411011 19.934082 -1.354126
7.412842 19.607178 -1.301025
7.430176 18.133301 -1.063049
7.501709 18.060303 -1.055008
10.859985 20.914551 -1.710403
10.909912 20.891846 -1.710281
10.964478 20.879639 -1.712097
11.014282 20.856445 -1.711975
11.039551 20.781006 -1.702072
11.232666 20.932617 -1.738953
16.993896 12.387695 -1.172028
17.050659 12.372070 -1.177734
16.957520 12.238525 -1.151413
17.321289 11.861816 -1.159927
22.117676 -3.792969 -1.319107
22.057861 -3.832520 -1.310379
22.077393 -3.886719 -1.315140
22.125244 -3.946045 -1.324707
11.330078 -6.531738 0.220703
14.249512 -8.691895 -0.383118
13.865112 -8.732178 -0.334030
13.407349 -8.579590 -0.258484
8.841797 -8.311035 0.341721
8.833740 -8.341309 0.338852
5.522705 -8.835449 0.571136
0.758423 -8.309570 0.784744
-0.674561 -8.309082 0.735626
-0.703491 -8.336914 0.729767
-0.721313 -8.325684 0.730698
-1.751465 -8.739502 0.607452
-1.771729 -8.730957 0.607407
-7.154297 -7.019775 0.266769
-7.268799 -6.771729 0.275909
-8.003418 -6.135498 0.230743
-10.944702 0.204834 0.041412
-10.884521 0.543701 0.049179
-10.894409 0.572510 0.047089
-10.846680 0.598389 0.055298
-10.819946 1.420166 0.044952
-10.821899 1.448975 0.043869
-10.846802 1.480957 0.038666
-10.821777 1.534912 0.041702
-10.829468 1.564453 0.039612
-10.813354 1.821289 0.035172
-10.813354 2.024170 0.028732
-10.813721 2.053223 0.027664
-6.961426 1.426514 0.725983
-10.804199 2.196777 0.024429
-10.798462 2.224854 0.024399
-10.691040 2.233887 0.042923
-10.798462 2.312500 0.021194
-10.737427 2.593262 0.020889
-15.682251 19.418945 -2.421646
-15.613403 19.432373 -2.415390
4.223755 15.415771 -0.609299
7.438843 18.886963 -1.344452
7.457031 18.790527 -1.328995
7.387573 18.431152 -1.264389
7.447998 18.465820 -1.273499
7.401855 18.183105 -1.223236
7.437866 18.146973 -1.219025
7.492432 18.165039 -1.225082
7.547119 18.183105 -1.231110
7.594238 18.178955 -1.233047
13.941284 4.303223 -0.144501
8.572510 -8.077637 0.315170
2.437500 -8.329834 0.718491
-0.695923 -8.320312 0.663437
-0.740845 -8.403564 0.647171
-0.737915 -8.320068 0.661331
-6.732056 -6.754639 0.263519
-6.905518 -6.437988 0.271866
-6.986450 -6.434570 0.260513
-10.366333 0.600830 0.042084
-10.350464 0.817383 0.041794
-10.384521 1.174805 0.028366
-10.371582 1.283447 0.028229
-10.220581 2.619141 0.009415
-5.553955 13.816162 -0.701324
-1.571045 14.106689 -0.510620
-1.562500 14.243408 -0.535370
-1.153198 14.537598 -0.575607
0.128174 12.090088 -0.088943
0.918579 11.904785 -0.044464
7.567993 18.544189 -1.464706
11.563599 13.828613 -1.010208
11.634521 13.854736 -1.021851
11.667603 13.830322 -1.021744
11.714844 13.824463 -1.025940
1.593872 -8.304443 0.655975
1.574463 -8.304443 0.655930
1.555054 -8.321533 0.652725
1.535767 -8.304199 0.655869
1.516113 -8.321045 0.652664
1.496582 -8.326660 0.651566
1.477173 -8.326172 0.651535
1.457886 -8.325684 0.651489
1.438354 -8.325439 0.651474
1.418701 -8.324951 0.651443
1.399414 -8.324219 0.651413
1.380127 -8.317871 0.652435
1.360229 -8.334717 0.649216
1.340820 -8.333984 0.649185
1.320801 -8.344727 0.647049
1.301758 -8.332275 0.649124
1.281982 -8.343018 0.646973
1.264648 -8.296143 0.655426
1.242798 -8.347168 0.645844
1.223511 -8.340332 0.646866
1.203979 -8.339111 0.646835
1.183716 -8.355225 0.643616
1.164307 -8.348633 0.644653
1.144897 -8.347412 0.644623
1.124390 -8.363281 0.641403
1.104858 -8.362061 0.641357
1.085693 -8.355225 0.642380
1.065796 -8.359375 0.641296
1.046631 -8.352539 0.642334
1.026367 -8.362305 0.640182
1.007324 -8.355225 0.641205
0.987915 -8.353760 0.641174
0.967773 -8.357910 0.640076
0.948853 -8.350586 0.641098
0.928467 -8.360107 0.638931
0.910400 -8.341553 0.642090
0.890381 -8.345459 0.640991
0.869263 -8.360596 0.637787
0.851318 -8.341553 0.640930
0.831909 -8.339600 0.640884
0.810059 -8.360596 0.636612
0.793091 -8.335938 0.640823
0.768555 -8.379639 0.632309
0.750488 -8.365723 0.634369
0.730835 -8.363770 0.634354
0.711426 -8.361572 0.634308
0.690430 -8.370850 0.632156
0.672241 -8.357178 0.634247
0.651489 -8.365967 0.632080
0.634033 -8.346680 0.635254
0.610962 -8.372803 0.629898
0.592896 -8.358643 0.631973
0.572754 -8.362061 0.630875
0.552368 -8.364990 0.629791
0.532959 -8.362549 0.629761
0.513306 -8.359863 0.629715
0.493774 -8.356934 0.629684
0.471924 -8.371582 0.626465
0.454712 -8.351318 0.629608
0.432739 -8.365723 0.626389
0.412354 -8.368408 0.625305
0.393921 -8.359619 0.626312
0.372559 -8.367920 0.624161
0.354858 -8.353760 0.626251
0.335205 -8.350586 0.626221
0.316772 -8.342041 0.627243
0.294434 -8.355713 0.624008
0.274902 -8.352539 0.623978
0.256348 -8.343506 0.625000
0.231201 -8.374268 0.618591
0.211670 -8.370850 0.618561
0.193970 -8.355957 0.620651
0.172607 -8.363770 0.618484
0.153931 -8.354736 0.619507
0.133545 -8.356689 0.618408
0.115112 -8.347168 0.619431
0.093384 -8.355225 0.617279
0.073975 -8.351562 0.617249
0.053345 -8.353271 0.616135
0.036133 -8.338135 0.618225
0.016724 -8.334229 0.618195
-0.006226 -8.346924 0.614975
-0.023438 -8.332031 0.617050
-0.042847 -8.328125 0.617020
-0.062256 -8.323730 0.616974
-0.087524 -8.347656 0.611618
-0.107178 -8.343750 0.611588
-0.124146 -8.328369 0.613678
-0.146118 -8.335205 0.611526
-0.162964 -8.319580 0.613602
-0.187256 -8.337891 0.609314
-0.205566 -8.327881 0.610336
-0.226196 -8.329102 0.609238
-0.248291 -8.335693 0.607071
-0.265137 -8.319824 0.609161
-0.284546 -8.315186 0.609116
-0.306641 -8.321777 0.606964
-0.324585 -8.311523 0.607986
-0.346924 -8.317871 0.605820
-0.366211 -8.313232 0.605789
-0.385620 -8.308350 0.605759
-0.407837 -8.314697 0.603577
-0.430054 -8.321045 0.601425
-0.449341 -8.315918 0.601379
-0.471802 -8.321777 0.599213
-0.550781 -8.306885 0.597992
-0.577637 -8.329346 0.592636
-0.616455 -8.318604 0.592560
-0.648193 -8.357666 0.584030
-0.678589 -8.390869 0.576553
-0.715088 -8.296631 0.591309
-0.797485 -8.434326 0.562531
-1.659912 -8.740967 0.456436
-3.071289 -8.726318 0.345245
-3.704346 -8.418701 0.332031
-6.318604 -6.515137 0.257523
-6.221802 -6.406006 0.284225
-6.645142 -6.119141 0.252060
-6.443848 0.199707 0.715027
-6.347534 0.284668 0.732941
-9.962036 0.475098 0.022751
-9.937622 0.500244 0.027206
-6.359253 0.373047 0.729431
-9.888184 2.000732 -0.001740
-4.142090 13.555420 -0.675491
-2.066650 13.845703 -0.606293
-2.036011 13.864746 -0.608505
-2.000244 13.861328 -0.606201
-1.945190 13.773438 -0.587006
-1.931274 13.864990 -0.603851
-1.896729 13.866943 -0.602661
-1.846069 13.795898 -0.586853
0.669800 11.905273 -0.149643
11.687134 13.844971 -1.174377
11.737549 13.843506 -1.179855
11.812378 13.873535 -1.193146
11.914917 13.940430 -1.215378
11.988770 12.545410 -1.010147
11.992920 12.489502 -1.002258
11.985229 12.420410 -0.990997
12.000000 12.377686 -0.986450
11.991943 12.308838 -0.975204
12.014038 12.274902 -0.972885
12.110596 11.581299 -0.883560
12.201050 11.623047 -0.901306
12.244751 11.614014 -0.905670
12.942017 11.557861 -0.990189
2.800415 -8.364746 0.558853
1.932495 -8.338135 0.577484
1.913208 -8.338623 0.577438
1.874634 -8.351562 0.575165
1.855103 -8.357910 0.574036
1.835815 -8.358398 0.574005
1.797119 -8.376465 0.570602
1.757812 -8.371338 0.571655
1.738159 -8.366211 0.572739
1.718872 -8.388916 0.568268
1.699585 -8.412354 0.563812
1.679688 -8.366211 0.572632
1.660156 -8.343506 0.577042
1.640625 -8.302979 0.584747
1.601807 -8.314697 0.582474
1.582520 -8.280029 0.589096
1.562622 -8.354736 0.574677
1.542847 -8.371582 0.571304
1.523315 -8.371094 0.571274
1.503784 -8.359619 0.573471
1.483643 -8.399414 0.565674
1.444702 -8.392578 0.566711
-0.427246 -8.424316 0.507904
-0.422974 -8.324707 0.526749
-0.449585 -8.347412 0.521164
-0.463379 -8.320068 0.525558
-0.497192 -8.370605 0.514420
-0.503540 -8.315430 0.524353
-0.530396 -8.338135 0.518768
-0.540894 -8.299561 0.525406
-0.558716 -8.288574 0.526459
-0.587280 -8.316650 0.519760
-0.609619 -8.328125 0.516891
-0.629028 -8.322754 0.516861
-0.699951 -8.350342 0.507858
-0.720947 -8.350342 0.506714
-0.740356 -8.344727 0.506683
-0.747070 -8.294678 0.515518
-0.891479 -8.713623 0.430008
-0.908691 -8.696533 0.432190
-0.882568 -8.535889 0.463226
-0.919312 -8.584961 0.452087
-0.992920 -8.754883 0.416519
-1.006592 -8.726562 0.420929
-1.038940 -8.758301 0.413101
-1.062744 -8.762939 0.410843
-1.086670 -8.767334 0.408585
-1.107300 -8.760742 0.408554
-1.138184 -8.787109 0.401840
-1.155151 -8.769043 0.404007
-1.161499 -8.718750 0.412857
-1.183594 -8.717529 0.411713
-1.229248 -8.787109 0.396118
-1.247803 -8.774902 0.397186
-1.272217 -8.778320 0.394928
-1.296265 -8.782471 0.392654
-1.318726 -8.781006 0.391510
-1.337280 -8.768555 0.392593
-1.365356 -8.782715 0.388092
-1.385864 -8.775635 0.388046
-7.301514 -5.175781 0.148453
-8.794434 0.163818 0.007965
-9.541626 0.961182 0.006119
-9.522217 1.035156 0.008362
-9.510742 1.084473 0.009476
-9.524902 1.111572 0.005905
-9.539062 1.138672 0.002350
-9.515991 1.186523 0.005814
-9.546875 1.215576 -0.001282
-9.497192 1.286133 0.006866
-7.081421 1.707275 0.478790
4.903442 13.760986 -0.718262
11.708740 13.957031 -1.347534
11.776245 13.978027 -1.359085
11.778809 13.912354 -1.348511
11.812012 13.887207 -1.348404
11.916748 13.887207 -1.361023
12.013062 12.525146 -1.155151
12.028076 12.482422 -1.150406
12.016724 12.409424 -1.137527
12.008789 12.340576 -1.125793
11.996948 12.267578 -1.112915
12.022583 12.237793 -1.111664
12.369263 11.757812 -1.084717
12.397461 11.731445 -1.084610
6.492188 -8.349854 0.237778
4.623657 -8.741943 0.325073
2.949219 -8.361084 0.481262
2.117676 -8.343506 0.501984
2.098999 -8.356445 0.499649
2.079346 -8.357422 0.499619
2.061401 -8.387207 0.493820
2.040894 -8.371094 0.497253
2.021973 -8.383301 0.494904
2.002808 -8.395508 0.492554
1.980103 -8.322266 0.507553
1.958984 -8.282715 0.515610
1.943115 -8.375244 0.497086
-1.364624 -8.746338 0.314133
-1.390625 -8.754883 0.310593
-1.432007 -8.807373 0.297791
-1.448975 -8.789062 0.300079
-1.469482 -8.781494 0.300034
-1.487915 -8.768555 0.301132
-4.553833 -7.182129 0.250153
11.863892 13.868408 -1.508759
4.511597 -8.446777 0.308044
3.330933 -8.388184 0.384964
2.193237 -8.405273 0.412277
2.168701 -8.326416 0.429108
2.157837 -8.464844 0.400146
-1.429077 -8.339844 0.304840
-1.494995 -8.455566 0.276978
-5.148071 -6.136719 0.225052
-8.673706 0.511475 0.007492
-8.648926 0.927002 0.004379
-8.595093 0.944580 0.015869
-8.621094 0.970215 0.009445
-8.595581 0.990967 0.014511
-8.589722 1.175781 0.010452
-8.597778 1.199951 0.007858
-8.580078 1.361084 0.006378
-8.561768 1.404785 0.008896
-8.541016 1.425293 0.012711
-8.580688 1.501221 0.001114
-8.516968 1.631836 0.009903
-8.561646 1.733643 -0.004288
-8.579834 1.760498 -0.009430
-6.554443 1.428223 0.449860
-8.554688 1.826904 -0.006958
-8.544434 1.848633 -0.005692
-8.573486 1.877686 -0.013397
-8.557495 1.898438 -0.010864
-8.507812 1.912354 -0.000641
-8.520508 1.962402 -0.005829
-8.550049 2.063965 -0.017441
-8.517578 2.104492 -0.012375
-1.869751 14.039307 -1.030350
-1.758545 16.310303 -1.522705
-1.707520 16.475830 -1.557068
-1.642456 17.310303 -1.738144
3.592041 17.492432 -1.751389
4.594482 17.574707 -1.802856
7.391235 18.011719 -2.048325
8.137817 -6.105225 0.210022
-1.398560 -8.237549 0.242554
-1.387451 -8.149902 0.261444
-8.218384 0.974854 0.009216
-8.198730 1.128418 0.009033
-8.189575 1.194336 0.008942
-8.220459 1.220703 0.000931
-8.188843 1.239014 0.007553
-8.209229 1.331055 -0.000519
-8.166260 1.347656 0.008743
-8.162842 1.369385 0.008728
-8.183838 1.417236 0.002029
-8.160889 1.549072 0.001862
-1.941040 14.057129 -1.175247
-1.929565 14.164795 -1.199127
-1.873779 14.234619 -1.212311
-1.827637 14.186523 -1.198990
-1.793823 14.193604 -1.198929
-1.764526 14.223145 -1.204193
-1.725830 14.207764 -1.198807
-1.658936 14.227295 -1.200027
-1.629150 14.256348 -1.205307
-1.590820 14.240479 -1.199921
7.443726 18.013916 -2.233719
7.494263 18.020996 -2.238907
-1.297852 -7.809326 0.258713
-1.301636 -7.765381 0.267883
-5.492676 12.039062 -1.166229
-5.444458 12.019531 -1.156494
6.323364 -6.902344 0.179596
-1.153809 -7.524170 0.252594
-1.173462 -7.522461 0.251175
-0.609619 11.976318 -0.878906
-0.577515 11.958252 -0.873108
4.337402 -7.383057 0.224030
4.143555 -7.441406 0.226654
-1.128662 -7.322266 0.222580
-0.866943 9.548340 -0.384857
-0.611938 11.919434 -0.985199
-0.578369 11.889893 -0.976227
-0.518066 11.875977 -0.970184
-0.494995 11.919434 -0.980560
-0.435547 11.910645 -0.975983
-0.174316 11.908936 -0.966614
-0.140503 11.867432 -0.954681
0.267578 11.793213 -0.924225
0.317627 11.882324 -0.946442
0.350098 11.833496 -0.932999
0.374878 11.886475 -0.946350
0.403320 11.888184 -0.946289
0.431763 11.890381 -0.946243
0.488770 11.894043 -0.946136
0.515991 11.918457 -0.952042
0.545898 11.897461 -0.946045
0.603638 11.888916 -0.942963
0.633545 11.856689 -0.933990
0.718750 11.866211 -0.935318
0.746216 11.889893 -0.941208
0.774170 11.908203 -0.945633
0.803589 11.886475 -0.939621
0.832520 11.870605 -0.935104
0.860840 11.882568 -0.938034
0.916504 11.935303 -0.951309
0.945801 11.902100 -0.942337
0.973633 11.930664 -0.949707
1.002197 11.937012 -0.951157
1.031372 11.904053 -0.942184
1.059570 11.927002 -0.948074
1.088501 11.898682 -0.940582
1.117065 11.904785 -0.942017
1.145508 11.899170 -0.940475
1.174316 11.854248 -0.928543
1.202759 11.860107 -0.929977
1.231323 11.871338 -0.932892
1.288208 11.871338 -0.932785
1.345337 11.893311 -0.938614
1.374023 11.904541 -0.941528
1.402588 11.909668 -0.942963
1.431641 11.932129 -0.948868
1.488281 11.902832 -0.941330
1.516235 11.879395 -0.935318
1.545776 11.924072 -0.947159
1.602295 11.899658 -0.941101
1.630615 11.892822 -0.939545
1.659668 11.908936 -0.943954
1.714233 11.844727 -0.927505
1.746216 11.923096 -0.948273
1.802734 11.908936 -0.945175
1.830933 11.896484 -0.942154
1.858154 11.872559 -0.936157
1.888306 11.904785 -0.945007
1.918213 11.925537 -0.950897
1.976440 11.939453 -0.955261
2.031982 11.907471 -0.947708
2.060303 11.905518 -0.947647
2.145508 11.893799 -0.945999
2.174072 11.891357 -0.945923
2.205322 11.922852 -0.954788
2.231079 11.886963 -0.945831
2.259644 11.884766 -0.945770
2.282104 11.814209 -0.927872
2.966675 11.781006 -0.938385
2.906494 9.727295 -0.403214
3.250488 -7.275635 0.251648
-1.329224 11.886963 -1.138382
-1.314697 11.958984 -1.156830
-1.273438 12.048584 -1.178360
-0.631836 11.951172 -1.120285
-0.604126 11.961182 -1.121765
-0.545044 11.958496 -1.118591
-0.514771 11.951660 -1.115463
0.250000 11.833252 -1.058640
0.280151 11.813232 -1.052429
0.303345 11.883057 -1.070892
0.331299 11.891113 -1.072372
0.384644 11.945557 -1.086151
0.420410 11.846191 -1.058350
0.452026 11.797607 -1.044418
0.505127 11.857422 -1.059738
0.560669 11.889160 -1.067352
0.649902 11.814697 -1.045593
0.675781 11.872314 -1.060974
0.707153 11.806152 -1.042419
0.762573 11.836426 -1.050018
0.791992 11.809570 -1.042267
0.845215 11.918701 -1.071457
0.877197 11.806885 -1.040573
0.905151 11.818604 -1.043579
0.933472 11.824951 -1.045074
0.960449 11.882568 -1.060455
0.989136 11.877686 -1.058868
1.018433 11.832764 -1.046478
1.046875 11.822021 -1.043335
1.102783 11.890625 -1.061722
1.160034 11.879639 -1.058548
1.188354 11.936279 -1.073898
1.245483 11.896973 -1.063004
1.273926 11.914062 -1.067581
1.302490 11.919434 -1.069061
1.359131 11.845703 -1.048920
1.388184 11.907471 -1.065826
1.416992 11.924316 -1.070404
1.443848 11.822266 -1.042587
1.501831 11.872070 -1.056366
1.527954 11.780762 -1.031647
1.585083 11.801758 -1.037689
1.614868 11.846191 -1.049973
1.671387 11.838867 -1.048325
1.872803 11.881348 -1.061813
1.897339 11.805908 -1.041718
1.927856 11.843994 -1.052444
1.981812 11.795898 -1.040024
2.070923 11.852051 -1.056808
2.096436 11.810791 -1.045959
2.125732 11.820068 -1.048996
2.157104 11.857178 -1.059723
2.183594 11.832764 -1.053497
2.210693 11.813477 -1.048798
2.244141 11.872803 -1.065689
2.272827 11.870850 -1.065659
2.299194 11.845947 -1.059418
3.249512 12.005859 -1.133026
3.281128 12.017578 -1.137589
3.340576 12.018799 -1.140533
3.399292 12.014893 -1.141968
3.435303 12.066162 -1.156815
2.948975 -7.102539 0.237137
2.936646 -7.127930 0.231018
2.921997 -7.142334 0.227951
2.911377 -7.178711 0.218796
2.892578 -7.170898 0.221817
2.890625 -7.257080 0.198929
-1.696167 11.906738 -1.302933
-1.657227 11.869873 -1.290070
-1.605469 11.905273 -1.296402
-0.576660 11.958740 -1.254745
0.786011 11.910400 -1.202774
0.815918 11.872314 -1.191513
0.987305 11.860107 -1.186417
1.071289 11.951660 -1.211853
1.185547 12.014648 -1.229233
1.243164 11.879883 -1.190735
1.328125 11.806396 -1.169785
3.215454 11.992432 -1.263611
3.243530 11.982178 -1.261963
3.279663 12.022217 -1.274689
3.365967 12.007324 -1.274506
3.456299 12.014404 -1.280716
4.201050 -6.632324 0.186142
3.098267 -6.849365 0.218094
3.088257 -6.880127 0.210159
3.067627 -6.861572 0.216446
3.050537 -6.859375 0.218018
3.032227 -6.852051 0.221146
-1.077148 -6.503174 0.193634
-1.078857 -6.465332 0.203110
-1.155518 -6.517578 0.180786
-1.748901 11.841553 -1.422729
-1.696411 11.750488 -1.392807
-1.681396 11.812012 -1.409363
-1.549683 11.888672 -1.422409
3.245605 12.046631 -1.415314
3.265259 11.986816 -1.398697
3.283691 11.920898 -1.380417
3.345581 11.938965 -1.388580
3.414795 -6.555176 0.201309
3.398071 -6.554199 0.202942
3.382812 -6.558594 0.202911
3.367798 -6.562500 0.202881
3.350830 -6.561279 0.204498
3.334106 -6.560059 0.206131
3.326050 -6.591553 0.197906
3.300781 -6.557373 0.209381
3.298096 -6.610352 0.194595
3.244019 -6.461670 0.240463
-1.715088 11.837891 -1.560745
3.351685 11.955811 -1.534332
3.658447 -6.323975 0.168533
3.623535 -6.317627 0.173599
3.612549 -6.333008 0.170181
3.581543 -6.337158 0.171844
3.548462 -6.283203 0.190506
3.750610 -6.111084 0.147430
3.749268 -6.153320 0.135132
3.718506 -6.110840 0.150925
3.702637 -6.110352 0.152649
3.675781 -6.078369 0.164917
-1.002686 -5.828125 0.157227
-1.036987 -5.830566 0.151886
-1.055176 -5.834229 0.148331
