ply
format ascii 1.0
element vertex 4823
property float x
property float y
property float z
end_header
1.860428 -8.256043 2.930104
1.513866 -8.389945 2.989531
1.217867 -8.277830 2.986054
0.891465 -8.266712 3.014479
0.556696 -8.256323 3.047708
0.210067 -8.250985 3.087334
-0.152644 -8.254356 3.134928
-0.523328 -8.244490 3.184445
-0.927062 -8.264619 3.249704
-1.338801 -8.263079 3.315501
-1.858377 -8.223180 3.396303
-2.321683 -8.219960 3.480364
-2.800615 -8.198723 3.568233
-3.363318 -8.232567 3.688033
-3.895071 -8.187249 3.791498
-5.982834 -8.055101 4.245977
-4.708824 -6.574476 3.720946
-7.900120 -8.126787 4.729877
-4.594432 -5.570600 3.561039
-4.048345 -4.855254 3.335376
-5.375835 -5.101309 3.717219
-4.775646 -4.414011 3.488857
-5.199250 -4.182858 3.587582
-5.913337 -3.495683 3.746839
-7.258854 -3.390884 4.132195
14.309567 -4.228939 3.913094
10.843700 -4.585055 3.094685
10.647508 -4.876936 3.077903
9.514107 -4.626569 2.793438
9.486787 -4.965336 2.827570
9.455482 -5.317275 2.865965
16.182201 -10.999504 5.053169
16.184576 -11.889388 5.186181
16.138580 -12.799735 5.320843
16.179472 -13.864276 5.505205
10.155998 -8.327365 3.473961
9.652507 -8.386203 3.398545
9.099268 -8.344683 3.301009
8.664910 -8.411985 3.247503
8.209684 -8.417942 3.183080
7.763124 -8.398393 3.118869
7.349020 -8.394361 3.066249
6.963387 -8.408944 3.025082
6.569578 -8.373075 2.975739
6.225462 -8.417071 2.953297
5.944690 -8.374233 2.919393
5.586426 -8.324050 2.880351
5.259506 -8.338449 2.862535
4.936662 -8.343599 2.846329
4.619954 -8.351012 2.834538
4.303797 -8.332712 2.819968
3.995555 -8.340058 2.815479
3.688486 -8.334028 2.811158
3.382982 -8.304050 2.804317
3.079579 -8.311256 2.810256
2.775084 -8.316583 2.819207
2.472878 -8.280418 2.821162
2.167863 -8.265101 2.831909
-1.347061 -8.272208 3.222579
-1.841384 -8.195405 3.288738
-2.318022 -8.211441 3.375849
-2.826407 -8.225540 3.472669
-3.349017 -8.213173 3.571753
-3.944671 -8.233165 3.695786
-4.503108 -8.169258 3.802642
-5.197495 -8.029804 3.932880
-4.012043 -6.199037 3.395875
-4.803463 -6.150445 3.579605
-4.090110 -5.275469 3.298874
-5.391135 -5.105635 3.613806
-5.745236 -4.820791 3.681620
-5.847566 -4.422480 3.677778
-6.291180 -4.029076 3.772389
-7.480576 -3.915410 4.094447
-5.964625 -3.096817 3.636536
13.910560 -5.619135 3.783467
11.996294 -5.235107 3.318138
10.611795 -4.856981 2.975407
9.777769 -4.776854 2.785965
9.570916 -5.017324 2.769310
16.199749 -10.176997 4.765709
16.171375 -10.989021 4.868366
16.170834 -11.875799 4.994184
16.164227 -12.821209 5.135128
16.132589 -13.815915 5.287128
10.244745 -8.420202 3.392925
9.654410 -8.387619 3.290892
9.093256 -8.336555 3.194709
8.658784 -8.403181 3.143401
8.187586 -8.384748 3.074937
7.774771 -8.417288 3.028258
7.351148 -8.398263 2.973798
6.957404 -8.397356 2.930356
6.561466 -8.355680 2.881794
6.207217 -8.372639 2.853573
5.927688 -8.329008 2.821152
5.583311 -8.315797 2.793272
5.256581 -8.329803 2.776255
4.931427 -8.323617 2.758120
4.610194 -8.302657 2.740128
4.303315 -8.334611 2.738482
3.990853 -8.302257 2.724797
3.687007 -8.324417 2.727577
3.381514 -8.277217 2.717065
3.079547 -8.267285 2.718776
2.775703 -8.289800 2.731613
2.473334 -8.265052 2.736404
2.165542 -8.272228 2.752356
1.855856 -8.265850 2.768533
1.517510 -8.362060 2.814015
1.195036 -8.348434 2.836174
0.886527 -8.271847 2.846132
0.547191 -8.272504 2.880029
0.197266 -8.272588 2.918441
-0.157218 -8.255619 2.957229
-0.536455 -8.261461 3.007669
2.864217 -1.685032 1.169036
-4.181474 -5.751486 3.279488
-4.391337 -5.030024 3.251304
-5.451506 -5.131249 3.523850
-5.708195 -4.802277 3.560957
-6.085271 -4.508418 3.636053
-6.323600 -4.036467 3.668763
-7.964215 -4.042551 4.103992
12.144770 -2.427847 3.095506
13.342777 -4.406988 3.447459
10.678138 -4.225358 2.843922
9.782759 -4.085515 2.639066
10.600219 -4.849597 2.880523
9.799473 -4.788132 2.708340
9.616123 -5.044731 2.698765
16.195272 -10.171633 4.589046
16.176979 -10.991218 4.689514
16.177191 -11.879098 4.809502
16.192595 -12.845169 4.950471
16.136578 -13.818057 5.087756
10.250546 -8.425401 3.282332
9.677952 -8.413890 3.191164
9.104251 -8.349692 3.095289
8.665482 -8.411855 3.044925
8.202969 -8.407365 2.983314
7.776933 -8.420703 2.933541
7.344501 -8.386407 2.877647
6.953520 -8.389933 2.837420
6.574059 -8.384046 2.800039
6.212041 -8.385416 2.769260
5.931905 -8.341544 2.738297
5.588569 -8.333641 2.713000
5.256437 -8.331243 2.692960
4.924686 -8.297083 2.669257
4.614975 -8.331789 2.665098
4.299437 -8.313017 2.651971
3.990120 -8.303099 2.644205
3.684440 -8.296685 2.640475
3.380998 -8.300725 2.642320
3.078378 -8.273583 2.640194
2.772352 -8.324539 2.659180
2.467859 -8.305350 2.665287
2.161666 -8.289804 2.675491
1.837161 -8.356243 2.708373
1.515821 -8.363099 2.730950
1.197776 -8.333167 2.748413
0.886296 -8.267575 2.760830
0.546946 -8.268513 2.793528
0.199189 -8.263618 2.829214
-0.174537 -8.288213 2.877382
-0.539576 -8.263376 2.917887
-0.936791 -8.269585 2.972362
-1.371341 -8.302732 3.040945
-1.868160 -8.225570 3.102648
-2.364727 -8.264209 3.190394
-2.821630 -8.212374 3.259585
-3.372170 -8.230865 3.361250
-3.962417 -8.243328 3.473505
-4.577321 -8.229967 3.590931
-5.320767 -8.124289 3.726213
-6.014429 -8.067229 3.864130
-4.615297 -6.499639 3.365029
-8.702251 -7.939325 4.447427
4.013165 -8.536409 2.614599
3.684581 -8.313662 2.564092
3.379827 -8.289005 2.559773
3.076569 -8.307633 2.567910
2.773109 -8.295902 2.572475
2.468534 -8.288049 2.580959
2.160436 -8.289660 2.594680
1.834725 -8.361909 2.627538
1.505156 -8.402221 2.656919
1.188476 -8.360895 2.671318
0.877507 -8.289592 2.682190
0.545085 -8.268885 2.708567
0.190442 -8.280025 2.746794
-0.172091 -8.278827 2.786697
-0.544933 -8.269585 2.829580
-0.934161 -8.261104 2.878071
-1.356554 -8.275570 2.938744
-1.868979 -8.222965 3.004707
-2.345061 -8.235092 3.081097
-2.849113 -8.241198 3.164789
-3.386211 -8.242404 3.257211
-3.945612 -8.222725 3.354437
-4.581533 -8.230018 3.473914
-5.343650 -8.139377 3.609383
-6.020994 -8.068286 3.736574
-4.313522 -5.829750 3.120313
-4.254695 -5.362638 3.059732
-5.048058 -5.368700 3.237515
-5.540210 -5.167300 3.332716
-5.248564 -4.602953 3.222371
-5.326160 -4.219759 3.215344
-7.308706 -4.340332 3.698265
-6.175375 -3.555667 3.387073
-7.443684 -3.420757 3.694633
21.968975 -5.594863 5.051869
10.313410 -4.065626 2.583262
11.368029 -4.928293 2.852363
10.467308 -4.777831 2.667295
9.810732 -4.792237 2.544985
9.714202 -5.104347 2.557225
16.223675 -10.187310 4.248031
16.196999 -11.002420 4.336233
16.176460 -11.874434 4.438680
16.312496 -12.950739 4.598908
16.156096 -13.833816 4.694839
10.271400 -8.445579 3.064947
9.707853 -8.446696 2.985551
9.178042 -8.440716 2.913649
8.687064 -8.440360 2.851471
8.212854 -8.421510 2.792005
7.782494 -8.429554 2.745647
7.365738 -8.424697 2.701965
6.962297 -8.407941 2.660848
6.572165 -8.380913 2.622345
6.212037 -8.387021 2.595692
5.929561 -8.337254 2.566535
5.591349 -8.345201 2.547238
5.266085 -8.370205 2.535087
4.963386 -8.469997 2.541924
4.658937 -8.573745 2.552529
4.333097 -8.556326 2.540950
1.180922 -8.382385 2.592603
0.872528 -8.299918 2.600817
0.545510 -8.263146 2.622596
0.186439 -8.285173 2.661766
-0.188716 -8.309933 2.706240
-0.549831 -8.274927 2.741312
-0.948182 -8.281468 2.791612
-1.359562 -8.276480 2.844895
-1.872493 -8.224171 2.908291
-2.359694 -8.250237 2.985345
-2.831774 -8.216961 3.054313
-3.372426 -8.223680 3.144199
-3.988398 -8.261779 3.255263
-4.572248 -8.217667 3.353308
-5.343628 -8.135505 3.485875
-6.031108 -8.072053 3.610537
-7.013438 -8.161708 3.815344
-7.902610 -8.107012 3.990750
-8.912787 -8.052380 4.196455
-5.422740 -5.561966 3.231112
-5.520926 -5.155321 3.220118
-6.100181 -4.958748 3.334872
-6.779820 -4.639380 3.469245
-6.307257 -4.022967 3.329165
-8.097534 -4.068853 3.748113
10.497892 -4.143610 2.538945
11.189245 -4.840909 2.714934
10.483320 -4.784828 2.582018
9.919960 -4.853719 2.487069
9.781987 -5.145953 2.489453
16.219194 -10.181971 4.073683
16.184341 -10.990572 4.154832
16.173832 -11.870219 4.253967
16.306950 -12.943746 4.404593
16.163639 -13.839504 4.498668
10.270851 -8.444080 2.953424
9.718046 -8.457637 2.881320
9.183527 -8.446962 2.811888
8.674909 -8.423349 2.747340
8.226612 -8.441709 2.699747
7.783061 -8.430368 2.651331
7.363152 -8.420129 2.608783
6.959635 -8.402939 2.569801
6.581290 -8.401609 2.538841
6.258780 -8.503819 2.533559
5.941059 -8.613125 2.532943
5.674786 -8.606995 2.516631
5.336889 -8.629546 2.504143
5.010329 -8.676127 2.499682
4.681320 -8.697020 2.493213
4.349399 -8.674541 2.481279
4.025314 -8.671854 2.476259
3.683686 -8.328052 2.407461
3.378407 -8.314752 2.406152
3.074062 -8.327687 2.412748
2.769625 -8.315907 2.417270
2.462836 -8.319473 2.427634
2.154961 -8.309634 2.438210
1.836818 -8.337132 2.459281
1.494793 -8.433936 2.497795
-5.552233 -5.167190 3.120854
-4.815785 -4.415564 2.914596
-5.239295 -4.182241 2.992365
-6.962328 -4.225614 3.372252
-6.971501 -3.763826 3.356430
-8.543640 -3.660922 3.706627
22.189381 -5.640906 4.674698
13.299998 -5.346567 3.022643
10.505320 -4.511053 2.477946
10.539386 -4.812624 2.505108
10.103741 -4.957916 2.442677
9.834635 -5.178001 2.416991
16.208538 -10.172286 3.898796
16.183777 -10.988050 3.977334
16.160801 -11.857288 4.067615
16.291279 -12.927524 4.208744
16.149206 -13.823403 4.297444
10.277309 -8.449984 2.844241
9.700969 -8.437267 2.769634
9.274807 -8.560428 2.735354
8.682408 -8.433120 2.650106
8.217352 -8.427639 2.599846
7.771051 -8.410660 2.553001
7.376882 -8.444863 2.522179
6.969458 -8.422735 2.484285
6.675526 -8.610505 2.492756
6.348411 -8.727076 2.489931
5.980723 -8.725946 2.467429
5.632104 -8.751508 2.453578
5.322190 -8.578105 2.408869
5.013232 -8.691445 2.417390
4.685591 -8.723618 2.413505
4.355757 -8.723986 2.406605
4.031275 -8.738632 2.405214
3.683343 -8.336939 2.329722
3.377832 -8.335033 2.330789
3.073112 -8.324913 2.332963
2.769475 -8.301574 2.335303
2.461967 -8.316745 2.347495
2.154123 -8.306964 2.357751
1.834896 -8.340223 2.379036
1.500515 -8.403673 2.409279
1.175697 -8.390161 2.427849
0.863268 -8.318459 2.437998
0.529187 -8.297739 2.461513
0.174940 -8.303782 2.494163
-0.194163 -8.313171 2.531620
-0.558511 -8.283516 2.565050
-0.966534 -8.305425 2.614538
-1.470778 -8.275422 2.670994
-1.887985 -8.238518 2.719442
-2.383877 -8.273980 2.792188
-2.854272 -8.236209 2.854315
-3.412656 -8.260012 2.941159
-4.618825 -8.252926 3.132560
-5.389750 -8.165997 3.252889
-6.089698 -8.108732 3.369397
-7.001841 -8.145513 3.537631
-7.985485 -8.151215 3.720497
-9.958960 -7.752253 4.069061
14.008718 -5.649147 3.039838
10.712044 -4.608938 2.430955
10.605694 -4.943722 2.436006
10.182343 -5.001760 2.372901
10.062416 -5.320381 2.379496
16.205639 -10.168083 3.726524
16.177052 -10.980792 3.799213
16.150606 -11.846747 3.882997
10.279039 -8.450895 2.734111
9.702103 -8.437813 2.663680
9.261141 -8.542738 2.627311
8.672297 -8.418899 2.547893
8.233197 -8.450944 2.508373
7.776506 -8.419453 2.461238
7.367683 -8.428421 2.427258
6.968487 -8.421092 2.394528
6.734018 -8.740386 2.427222
6.351756 -8.736211 2.401927
5.993176 -8.762189 2.385739
5.637790 -8.771540 2.369812
5.363779 -8.731361 2.351533
5.025001 -8.745218 2.341876
4.693959 -8.772124 2.337379
4.354601 -8.721354 2.322085
4.031316 -8.747377 2.322941
3.682602 -8.339149 2.250935
3.376722 -8.325706 2.250137
3.072324 -8.315504 2.252386
2.767884 -8.309386 2.257841
2.461206 -8.313061 2.267553
2.151715 -8.314795 2.279531
1.824410 -8.387718 2.307043
1.498527 -8.406068 2.327720
1.170379 -8.403692 2.347619
0.860878 -8.320882 2.355469
0.526530 -8.300297 2.378031
0.172027 -8.306375 2.409215
-0.190041 -8.300314 2.441852
-0.564826 -8.291594 2.478060
-0.993601 -8.348320 2.532639
-1.447114 -8.235294 2.568566
-1.889707 -8.237242 2.623357
-2.386074 -8.273121 2.692681
-2.871776 -8.253229 2.756309
-3.388679 -8.230279 2.827154
-3.995269 -8.257433 2.920577
-4.598201 -8.230209 3.010608
-5.382368 -8.156076 3.128702
-6.169920 -8.165688 3.260873
-7.057522 -8.180149 3.414511
-7.981203 -8.144304 3.574218
-4.932884 -5.743177 2.832250
-5.248946 -5.462315 2.870282
-7.546257 -6.099060 3.345057
-4.788734 -4.399172 2.717147
-5.401487 -4.237410 2.828681
-7.720669 -4.457115 3.298156
-11.729537 -5.031063 4.123755
3.376326 -8.355938 2.176435
3.070599 -8.345694 2.178788
2.765205 -8.333781 2.183228
2.458681 -8.325811 2.190708
2.147727 -8.333156 2.203195
1.819528 -8.406137 2.229374
1.498076 -8.401990 2.245296
1.168398 -8.405366 2.265318
0.860552 -8.317008 2.272068
0.528264 -8.291127 2.292673
0.171686 -8.302888 2.323393
-0.185520 -8.286643 2.352550
-0.567970 -8.293631 2.390018
-1.229311 -8.568639 2.496692
-1.614701 -8.488962 2.528494
-2.038003 -8.441752 2.571841
-2.412408 -8.303327 2.600467
-2.866270 -8.243069 2.651880
-3.422322 -8.263143 2.729528
-3.998411 -8.256865 2.810124
-4.614824 -8.241729 2.898883
-5.373974 -8.145343 3.005029
-6.322870 -8.277725 3.167362
-7.055564 -8.174752 3.277658
-8.019332 -8.164296 3.437950
-9.148779 -8.171125 3.631987
-7.138817 -6.446094 3.163618
-5.075663 -4.517103 2.681000
-7.102908 -4.743563 3.067361
-7.435814 -4.364919 3.116052
-8.510821 -4.166743 3.315276
10.771894 -4.255778 2.243698
19.286419 -8.718487 3.715106
17.565929 -8.644117 3.464462
10.195432 -5.103730 2.209450
10.106505 -5.345805 2.213999
16.218899 -10.173145 3.387654
16.213955 -11.005060 3.455091
16.169823 -11.858898 3.524431
12.592965 -10.292473 2.957411
10.275898 -8.445765 2.513456
9.709473 -8.444766 2.453979
9.285692 -8.572196 2.426192
8.697920 -8.452918 2.357222
8.227703 -8.442202 2.314654
7.785848 -8.434476 2.277578
7.378737 -8.448426 2.248636
6.973013 -8.430649 2.218225
6.754948 -8.787758 2.253060
6.378971 -8.805437 2.234456
5.999783 -8.783157 2.212627
5.644986 -8.798085 2.199736
5.369905 -8.757694 2.183861
5.036323 -8.799831 2.180018
4.694322 -8.781620 2.169416
4.362629 -8.787843 2.165081
4.035827 -8.808430 2.165363
3.682008 -8.358355 2.096319
-0.197861 -8.308671 2.270194
-0.570699 -8.294888 2.302083
-1.268158 -8.630144 2.414085
-1.662690 -8.558790 2.446420
-2.122678 -8.556797 2.497213
-2.622507 -8.569811 2.557182
-3.046682 -8.452409 2.595856
-3.553262 -8.401560 2.655274
-3.992599 -8.247373 2.697924
0.609446 -3.600567 1.599450
-5.426791 -8.185176 2.895635
-6.305161 -8.260357 3.033521
-7.028615 -8.152037 3.136182
-8.056396 -8.183602 3.301091
-9.243370 -8.221266 3.496045
-10.602319 -8.066168 3.712357
-6.499233 -5.600464 2.881629
-6.075171 -4.933712 2.775885
-7.090506 -4.736068 2.945784
-11.712199 -5.018216 3.783580
21.661491 -4.690412 3.743806
13.958705 -5.621665 2.654254
19.276028 -8.710583 3.522883
17.609772 -8.664885 3.297796
10.216832 -5.115076 2.126669
10.102970 -5.342409 2.126577
16.206663 -10.162388 3.215575
16.198179 -10.990861 3.277102
16.186203 -11.870652 3.346904
13.830022 -10.675864 2.982967
12.706773 -10.404010 2.838918
10.303087 -8.473554 2.409583
9.719763 -8.455825 2.350875
9.273487 -8.556342 2.320069
8.685882 -8.436076 2.255845
8.219221 -8.429294 2.216995
7.774623 -8.416051 2.181692
7.376550 -8.444575 2.157196
6.962920 -8.410884 2.126517
6.769617 -8.820747 2.167002
6.394296 -8.844318 2.150596
6.015258 -8.827925 2.131205
5.660153 -8.848839 2.120144
5.383403 -8.808841 2.105502
5.037164 -8.806227 2.095606
4.697991 -8.805032 2.088356
4.362747 -8.794051 2.082072
4.036779 -8.826168 2.084187
3.681126 -8.358095 2.017692
3.374251 -8.344516 2.017677
3.068864 -8.334264 2.020211
2.764568 -8.310834 2.022943
2.455734 -8.331828 2.034171
2.149523 -8.304915 2.040651
1.822252 -8.378391 2.064110
1.491050 -8.419729 2.085407
1.165096 -8.406419 2.101082
0.860699 -8.306883 2.105987
0.518404 -8.308463 2.129052
0.151703 -8.341624 2.160217
1.700704 -3.289508 1.398214
1.601680 -3.230659 1.402304
13.980440 -5.629001 2.532888
19.279434 -8.709305 3.333529
17.564873 -8.638462 3.117362
10.217443 -5.114225 2.040462
10.103575 -5.341623 2.040155
16.183521 -10.143950 3.042603
16.185425 -10.978996 3.100576
13.575445 -10.442261 2.785598
12.807459 -10.502516 2.715054
10.273566 -8.441500 2.294584
9.713978 -8.448438 2.244611
8.693764 -8.446373 2.159512
8.226431 -8.439746 2.123548
7.781082 -8.426482 2.090869
7.382335 -8.455039 2.068213
6.975906 -8.436964 2.042116
6.764820 -8.810679 2.074383
6.396261 -8.850035 2.061519
6.018783 -8.839036 2.044441
5.657970 -8.843390 2.032106
5.299961 -8.824920 2.019198
5.036473 -8.805964 2.010424
4.695096 -8.793288 2.002407
4.362746 -8.799427 1.999068
4.032965 -8.796910 1.996724
3.680539 -8.362771 1.939950
3.373402 -8.349180 1.940201
3.068174 -8.321524 1.940538
2.760906 -8.350104 1.950255
2.454093 -8.336423 1.956377
2.148495 -8.303658 1.961934
1.818938 -8.388731 1.985607
1.493882 -8.401879 2.001836
1.163844 -8.405549 2.019123
0.857596 -8.311550 2.024885
0.517027 -8.307654 2.045933
0.159204 -8.319627 2.072138
-0.206685 -8.319181 2.099561
-0.575012 -8.295259 2.126592
1.899578 -3.401568 1.362436
-1.279876 -8.641936 2.226923
1.925587 -3.194076 1.337191
-1.706975 -8.618989 2.264348
1.869157 -3.087450 1.331082
-2.187040 -8.639402 2.313923
1.726548 -3.062038 1.342827
1.578432 -3.075875 1.359984
1.393627 -3.074433 1.380576
-3.724173 -8.579399 2.476009
1.155457 -3.108030 1.411705
-4.722236 -8.177095 2.562812
-5.409934 -8.163712 2.650190
-7.114316 -8.203449 2.882588
-8.039448 -8.164561 3.009830
-9.219279 -8.198653 3.181226
-10.648194 -8.080310 3.385519
-6.545323 -5.615843 2.657510
-6.130529 -4.951173 2.567399
-8.184360 -5.122146 2.892106
-7.464895 -3.878455 2.748098
13.984913 -5.628935 2.409081
19.275780 -8.704653 3.143692
17.559402 -8.633018 2.943925
10.192137 -5.098181 1.950863
10.058029 -5.411763 1.952895
14.186498 -8.734676 2.581604
16.161865 -10.958833 2.923266
13.529527 -10.398917 2.629479
12.721476 -10.416015 2.557481
10.283219 -8.450788 2.187533
9.722822 -8.457839 2.141452
9.250498 -8.526418 2.110247
8.701036 -8.455837 2.063044
8.242702 -8.463687 2.031993
7.796121 -8.450912 2.001961
7.370675 -8.434175 1.975005
6.962317 -8.410246 1.950386
6.771584 -8.826182 1.985542
6.395718 -8.849519 1.971762
6.018126 -8.838367 1.956192
5.658933 -8.848128 1.945685
5.299132 -8.823956 1.933305
5.035605 -8.804927 1.925385
4.695253 -8.797884 1.918919
4.360142 -8.786672 1.913994
4.029645 -8.772458 1.910695
3.679215 -8.354988 1.860825
3.372134 -8.329714 1.859929
3.066807 -8.336826 1.864747
2.760742 -8.336431 1.870487
2.454422 -8.322848 1.876464
2.147579 -8.301688 1.883371
1.813564 -8.409700 1.908436
1.488882 -8.417037 1.923092
1.167572 -8.387053 1.935117
0.852986 -8.320816 1.944510
0.517983 -8.300632 1.962218
0.158009 -8.318213 1.987644
-0.200537 -8.302144 2.011255
-0.581866 -8.304395 2.040508
-1.314545 -8.696310 2.140853
1.557588 -3.100490 1.336089
1.379117 -3.089462 1.353908
1.222762 -3.082513 1.370562
1.004208 -3.078213 1.395350
-5.424371 -8.171861 2.532571
-7.107657 -8.194839 2.746386
-8.077774 -8.184663 2.873123
-9.275082 -8.226407 3.036242
-10.588465 -8.045429 3.208840
-6.618948 -5.647229 2.553324
-6.167082 -4.963607 2.464171
-6.550590 -4.533631 2.507031
-11.724210 -5.009218 3.285470
2.759478 -8.339432 1.793064
2.451714 -8.337333 1.800191
2.146799 -8.298841 1.804948
1.810558 -8.418443 1.829607
1.486754 -8.420107 1.842809
1.165226 -8.390104 1.854284
0.859489 -8.296212 1.860029
0.515167 -8.303684 1.880116
0.154909 -8.321305 1.903964
-0.203922 -8.305255 1.926183
1.905191 -3.638132 1.326178
-0.585586 -8.307571 1.953624
1.889342 -3.417139 1.306501
1.999432 -3.070564 1.265887
1.893587 -3.048776 1.272752
1.714687 -3.075896 1.290910
-7.099821 -8.185431 2.610618
-8.105031 -8.197758 2.734208
-9.284300 -8.227359 2.883309
-10.666732 -8.080590 3.054732
-6.602459 -5.636379 2.434460
-6.240177 -4.991310 2.365796
-11.707829 -5.000821 3.117473
21.224823 -8.725885 2.958055
19.310223 -8.715360 2.770418
17.605042 -8.652209 2.605206
10.219343 -5.111730 1.783178
10.045408 -5.401354 1.779542
14.184781 -8.729904 2.297530
16.156445 -10.950599 2.577041
12.727666 -10.419585 2.275484
10.287979 -8.454016 1.971314
9.742029 -8.478385 1.935292
9.304699 -8.592912 1.914958
8.699974 -8.453513 1.867509
8.228207 -8.441555 1.839602
7.797335 -8.452675 1.817665
7.379912 -8.450915 1.797199
6.965209 -8.416552 1.775904
6.767092 -8.817327 1.803222
6.393528 -8.845741 1.792650
6.013873 -8.828735 1.779531
5.653174 -8.832685 1.770637
5.296789 -8.819403 1.761945
5.035851 -8.811443 1.756856
4.693984 -8.798558 1.751415
4.362820 -8.816035 1.750715
4.030944 -8.801867 1.748560
3.676781 -8.342828 1.703983
3.370777 -8.358196 1.707900
3.064550 -8.347817 1.710804
1.425120 -4.083735 1.366790
2.012767 -3.047626 1.237587
1.875610 -3.074662 1.250404
1.618941 -3.203126 1.281475
1.373527 -3.093584 1.295516
1.224951 -3.078223 1.308684
1.040410 -3.042980 1.324855
0.760136 -3.071330 1.355606
-6.232051 -4.985037 2.255125
21.281651 -8.746919 2.756849
19.364304 -8.738352 2.587509
18.377594 -9.059883 2.511553
10.176483 -5.085426 1.693311
10.047773 -5.401739 1.694312
14.162935 -8.712744 2.153754
16.160835 -10.951948 2.405411
13.556477 -10.419039 2.190582
12.733308 -10.423900 2.135133
10.303306 -8.469288 1.865082
9.714170 -8.445684 1.827183
9.281664 -8.563544 1.809378
8.705482 -8.460578 1.770964
8.233171 -8.448668 1.746001
7.801754 -8.459778 1.726397
7.383857 -8.458076 1.708156
6.971296 -8.428924 1.689713
6.760683 -8.803685 1.711636
6.398458 -8.858814 1.704830
6.022023 -8.852882 1.694289
5.655023 -8.840287 1.685031
5.302679 -8.843953 1.679016
5.038308 -8.824846 1.673662
4.694713 -8.806205 1.668570
4.361505 -8.812226 1.667240
4.032048 -8.821091 1.667690
3.678409 -8.384986 1.630275
3.369976 -8.365382 1.631058
3.064103 -8.325844 1.631454
2.756732 -8.348757 1.638847
2.449690 -8.335073 1.644397
2.141245 -8.319612 1.651245
1.804981 -8.433685 1.671706
1.483036 -8.424013 1.682367
1.151649 -8.427647 1.696003
0.849659 -8.316646 1.700138
0.500135 -8.334844 1.718786
0.138303 -8.352056 1.739492
-0.217167 -8.325149 1.757839
2.164627 -3.025752 1.200651
1.990030 -3.083892 1.216744
0.868514 -4.006853 1.365683
0.735693 -3.916571 1.370978
0.710084 -3.710391 1.360725
1.242785 -3.059079 1.275454
1.029127 -3.052276 1.294719
0.824389 -3.017376 1.312560
-7.176796 -8.230731 2.353115
-8.161574 -8.225203 2.455863
-9.314330 -8.235938 2.579621
-10.627748 -8.051768 2.717881
-11.726733 -4.997801 2.790275
19.843128 -8.964500 2.441131
18.381779 -9.059450 2.331150
10.188193 -5.091096 1.609621
9.995392 -5.366910 1.604123
13.915554 -8.536823 1.989467
16.168375 -10.955720 2.234311
13.600616 -10.457769 2.048020
12.746262 -10.435456 1.995671
10.305796 -8.471020 1.757175
9.720036 -8.451671 1.724049
9.276150 -8.556061 1.706883
8.703376 -8.457272 1.673435
8.224516 -8.435509 1.650549
7.796536 -8.451157 1.633732
7.375963 -8.443974 1.617272
6.974359 -8.435288 1.602882
6.765867 -8.815691 1.622648
6.396485 -8.854740 1.615481
6.018158 -8.843159 1.605952
5.656640 -8.847136 1.599357
5.300929 -8.839472 1.593426
5.037934 -8.825939 1.589371
4.696354 -8.818749 1.586098
4.360885 -8.813247 1.584375
4.028385 -8.793076 1.582894
3.674841 -8.338870 1.548942
3.368569 -8.336772 1.551406
3.063249 -8.320540 1.554026
2.756806 -8.331783 1.560094
2.449773 -8.323923 1.565957
2.139963 -8.320119 1.573482
1.818042 -8.359840 1.585998
1.486920 -8.401882 1.600286
1.159523 -8.394579 1.612025
0.851554 -8.306137 1.618264
0.508474 -8.308211 1.634032
0.143023 -8.336717 1.654131
1.571252 -4.122993 1.285069
2.854768 -1.696066 1.046992
1.067489 -4.069712 1.314602
-7.146444 -8.205781 2.215227
-8.116325 -8.192530 2.307606
-9.810779 -8.335872 2.478287
-12.192883 -8.043657 2.713233
-6.358310 -5.031994 2.051156
-11.750222 -5.000020 2.628564
19.820396 -8.950661 2.245584
18.358538 -9.044468 2.148848
10.264654 -5.134673 1.530887
9.981454 -5.356823 1.518476
13.924498 -8.541392 1.852772
13.251034 -8.712380 1.818049
13.635071 -10.487671 1.903593
10.694876 -8.402678 1.665766
10.315535 -8.480396 1.650064
9.721430 -8.452531 1.620460
9.299185 -8.584225 1.607709
8.721472 -8.481474 1.578353
8.238092 -8.455438 1.558155
7.806009 -8.466503 1.543239
7.370462 -8.434171 1.527186
6.971752 -8.430387 1.515223
6.758649 -8.800256 1.531576
6.391999 -8.844420 1.525930
6.021800 -8.854601 1.519433
5.651072 -8.830676 1.512079
5.297470 -8.828486 1.507632
5.029516 -8.792013 1.502831
4.692473 -8.801638 1.501500
4.360145 -8.813422 1.501567
4.025223 -8.769968 1.499154
3.673977 -8.338645 1.471800
3.367353 -8.318999 1.473217
3.062420 -8.314346 1.476774
2.754992 -8.343115 1.483779
2.448039 -8.329478 1.489045
2.137062 -8.331311 1.496592
1.824614 -8.319461 1.504414
1.505900 -8.316498 1.514172
1.172422 -8.343822 1.527575
0.848262 -8.311423 1.537966
2.063055 -4.168817 1.226382
1.732916 -4.125685 1.239506
2.178495 -2.997989 1.150308
2.023230 -3.027380 1.160783
1.054896 -4.085797 1.276748
0.833690 -4.047560 1.289481
0.714388 -3.938242 1.292601
1.049763 -3.031360 1.228806
0.800825 -3.034681 1.248801
-7.162822 -8.213139 2.083400
-8.158486 -8.215012 2.169950
-11.403987 -8.435438 2.467436
-6.530132 -5.100746 1.958287
-11.749732 -4.995886 2.464348
1.824669 -8.312598 1.425862
1.503429 -8.321127 1.435650
1.171228 -8.342875 1.447539
0.847053 -8.310376 1.457248
0.499430 -8.323438 1.471321
1.904113 -4.182003 1.198330
2.278069 -3.006717 1.122312
2.177369 -2.999037 1.126804
1.168870 -4.197550 1.235518
1.117086 -3.997408 1.229718
0.736629 -4.167676 1.259548
1.277088 -3.021243 1.181425
1.039176 -3.040017 1.198482
0.830070 -3.009605 1.212584
0.624626 -3.000663 1.227583
-8.184774 -8.227469 2.030093
-10.154155 -8.519067 2.193234
-11.439485 -8.448647 2.297334
-11.736266 -4.988328 2.299353
19.832436 -8.950495 1.860012
10.289389 -5.146749 1.361257
9.980688 -5.354093 1.350100
13.953111 -8.558075 1.579907
12.897838 -8.438019 1.532607
13.596710 -10.449786 1.605948
10.704501 -8.410214 1.446046
10.352777 -8.517874 1.436555
9.721905 -8.451602 1.413429
9.281055 -8.560399 1.402951
8.700443 -8.451974 1.382427
8.227707 -8.439430 1.369270
7.808257 -8.469955 1.360077
7.375087 -8.442628 1.349469
6.973143 -8.433706 1.341234
6.762253 -8.809301 1.352770
6.395029 -8.853598 1.349291
6.020319 -8.852764 1.344823
5.659816 -8.862252 1.341940
5.303234 -8.854733 1.339319
4.952709 -8.836563 1.337218
4.691758 -8.805237 1.335472
4.360761 -8.828417 1.336948
4.025658 -8.790791 1.336560
3.673131 -8.353225 1.318541
3.365669 -8.327627 1.320337
3.059942 -8.334731 1.324522
2.753858 -8.328577 1.328963
2.446108 -8.326538 1.334498
2.135098 -8.328405 1.341157
2.297489 -2.965865 1.096679
2.145949 -3.056067 1.106825
1.111773 -4.003355 1.191753
1.246869 -3.372141 1.163888
1.253793 -3.220495 1.158947
1.200933 -3.054539 1.157434
1.063171 -3.017091 1.164970
0.669067 -2.966124 1.189385
19.830505 -8.946616 1.667037
18.412682 -9.065251 1.611976
10.287947 -5.144706 1.275563
9.934874 -5.323537 1.264140
13.963346 -8.563548 1.442990
12.893415 -8.433119 1.404724
13.610421 -10.460796 1.459720
10.699776 -8.404541 1.335704
10.315846 -8.478051 1.326401
9.724922 -8.454323 1.310216
9.210676 -8.471948 1.297915
8.706345 -8.459573 1.286100
8.229886 -8.442398 1.275705
7.804043 -8.462973 1.268228
7.371037 -8.435428 1.260157
6.977168 -8.441983 1.254557
6.758646 -8.801851 1.262909
6.400364 -8.867680 1.261292
6.023035 -8.861594 1.258029
5.653480 -8.843288 1.255255
5.303522 -8.857991 1.254520
4.954053 -8.845646 1.253668
4.694884 -8.825773 1.253188
4.360486 -8.831832 1.254385
4.024000 -8.782547 1.254400
3.672803 -8.362178 1.241863
3.364616 -8.319101 1.243417
3.058881 -8.337830 1.247935
2.751418 -8.349177 1.252947
2.442097 -8.352881 1.258453
2.129026 -8.360423 1.264912
1.817383 -8.336820 1.270976
1.499035 -8.328089 1.278475
1.164760 -8.355379 1.288401
0.841662 -8.317328 1.296542
2.050896 -4.195410 1.121753
1.165082 -4.200154 1.156065
-8.199413 -8.228473 1.746671
-11.427902 -8.433325 1.950117
-11.778246 -4.991449 1.975715
10.827711 -3.189269 1.211949
10.552313 -3.789982 1.199168
19.821369 -8.939301 1.474068
18.480877 -9.098747 1.434041
10.321084 -5.162885 1.191018
9.932648 -5.320997 1.180712
13.967526 -8.564762 1.305749
12.897160 -8.434494 1.277323
13.579692 -10.431354 1.311799
10.706686 -8.410385 1.225979
10.310390 -8.471412 1.218529
9.723362 -8.451800 1.206830
9.209078 -8.469366 1.197844
8.715092 -8.471046 1.189749
8.234745 -8.449352 1.182237
7.802408 -8.460196 1.176724
7.375073 -8.442754 1.171456
6.980808 -8.449495 1.167728
6.757073 -8.798904 1.173396
6.401001 -8.870089 1.172752
6.023491 -8.864050 1.170947
5.655463 -8.851323 1.169708
5.305114 -8.866217 1.169834
4.951456 -8.836690 1.169546
4.692519 -8.816772 1.169806
4.357593 -8.816925 1.171360
4.023425 -8.785074 1.172744
3.672093 -8.364589 1.164889
3.363743 -8.321459 1.167014
3.057987 -8.334359 1.171169
2.752183 -8.322248 1.175279
2.443278 -8.331849 1.180604
2.128361 -8.356881 1.187039
1.816782 -8.333335 1.192785
1.498492 -8.324657 1.199664
1.173865 -8.318174 1.207365
0.839416 -8.319439 1.216128
2.029284 -4.250847 1.088117
2.306092 -2.946165 1.050644
2.157980 -3.031732 1.057436
2.043197 -2.990656 1.060741
1.121982 -3.986171 1.114128
0.602139 -4.061490 1.136932
1.219975 -3.209213 1.098034
1.252050 -3.043637 1.094463
1.124593 -2.959059 1.099393
0.702674 -2.938766 1.119731
-8.246765 -8.254162 1.607213
-10.262671 -8.566084 1.714688
-11.489964 -8.459919 1.780813
-11.799446 -4.993058 1.813601
10.638651 -3.133883 1.125579
10.376151 -3.385911 1.116977
10.368353 -3.719055 1.113827
10.350305 -4.057884 1.110894
19.810444 -8.931136 1.281417
18.485401 -9.098491 1.253469
10.313034 -5.156976 1.104994
9.895147 -5.295806 1.096772
13.989751 -8.578661 1.168813
12.927709 -8.456440 1.150383
10.712823 -8.415463 1.116106
10.233858 -8.545970 1.110428
9.728787 -8.457283 1.103690
9.228745 -8.493323 1.098309
8.723213 -8.481665 1.093129
8.252110 -8.474915 1.088911
7.821630 -8.491449 1.085820
7.372944 -8.439003 1.082469
6.986624 -8.461330 1.080825
6.757532 -8.800452 1.084057
6.401332 -8.871737 1.084192
6.015817 -8.843566 1.083550
5.650285 -8.836108 1.083718
5.303479 -8.862160 1.084851
4.947420 -8.821134 1.085571
4.693196 -8.824142 1.086888
4.357893 -8.824363 1.089012
4.023922 -8.798299 1.091235
3.670311 -8.348537 1.087633
3.362856 -8.322996 1.090591
3.056967 -8.335872 1.094596
2.751028 -8.323812 1.098686
2.442628 -8.327540 1.103526
2.128695 -8.346787 1.109166
1.819698 -8.311888 1.114377
1.495437 -8.331720 1.121173
1.167197 -8.336528 1.128316
0.833724 -8.331994 1.135934
2.116831 -4.327205 1.050843
2.409004 -2.988796 1.025917
2.282498 -2.993379 1.029454
2.168400 -3.011460 1.032977
2.209953 -2.799451 1.029435
2.156394 -2.723687 1.030352
0.566108 -4.101377 1.096284
0.509192 -3.913193 1.097265
1.088961 -2.990571 1.070803
0.579367 -3.211108 1.091818
0.650008 -2.977376 1.088570
-8.248393 -8.251073 1.464833
-10.255071 -8.557300 1.552038
-11.446113 -8.433071 1.605752
2.176311 -4.261412 1.012819
2.422184 -2.956735 1.003165
2.281945 -2.993448 1.006510
2.220543 -2.914262 1.007833
2.235806 -2.754244 1.007187
2.180991 -2.684472 1.008527
0.709600 -2.931530 1.052797
0.328151 -2.988215 1.065279
10.528105 -3.099547 0.964774
10.266901 -3.347089 0.959955
9.724023 -3.472969 0.956562
9.652027 -3.757500 0.952038
9.609554 -4.060326 0.947496
18.489315 -9.095258 0.892251
10.304680 -5.149692 0.933585
9.852430 -5.266185 0.931559
13.977902 -8.566881 0.893839
12.915991 -8.444442 0.894860
12.481244 -8.746211 0.891432
13.142782 -10.029477 0.877241
10.722473 -8.423020 0.895958
10.239035 -8.549822 0.895342
9.729847 -8.457026 0.897111
9.218630 -8.479523 0.898019
8.713478 -8.467546 0.899482
8.236221 -8.450724 0.901159
7.806599 -8.466713 0.902650
7.373031 -8.439309 0.904735
6.983906 -8.456484 0.906518
6.754825 -8.795524 0.905405
6.407415 -8.888511 0.906896
6.023020 -8.866227 0.909616
5.654673 -8.853557 0.912392
5.299539 -8.851480 0.915228
4.950062 -8.839095 0.918302
4.691948 -8.824875 0.920746
4.358124 -8.836685 0.923922
4.022334 -8.799009 0.927613
3.668999 -8.355149 0.933952
3.361323 -8.341168 0.937622
3.054836 -8.342394 0.941397
2.748888 -8.324420 0.945471
2.439667 -8.334033 0.949639
2.125301 -8.353279 0.954029
1.814779 -8.323970 0.958840
1.491200 -8.338013 0.963807
1.164133 -8.337066 0.969125
3.019834 -1.661404 0.978891
-10.312325 -8.580133 1.229104
-11.484330 -8.442889 1.261646
-11.836813 -4.990944 1.324987
22.111633 -3.908594 0.786626
12.309168 -2.801605 0.878645
10.246375 -3.017951 0.889101
9.671914 -3.149118 0.890691
9.548546 -3.405501 0.886614
9.517178 -3.698850 0.881207
9.524731 -4.018756 0.875066
9.707401 -4.445036 0.865659
10.263986 -5.124723 0.848724
9.861996 -5.271229 0.849155
13.991716 -8.574861 0.756188
12.924740 -8.449650 0.767026
12.821656 -9.735976 0.744962
10.726168 -8.425680 0.785706
10.234488 -8.544072 0.787879
9.725445 -8.451243 0.793939
9.214363 -8.473611 0.798102
8.709404 -8.461567 0.802887
8.242129 -8.459239 0.807246
7.809033 -8.470575 0.811139
7.378072 -8.448437 0.815651
6.980599 -8.450191 0.819520
6.756504 -8.799774 0.816012
6.406668 -8.887478 0.818147
6.018322 -8.854136 0.822730
5.655579 -8.858098 0.826516
5.303183 -8.867528 0.830177
3.618505 -2.580179 0.949869
4.950453 -8.843820 0.834451
4.610337 -8.844449 0.838267
4.023162 -8.815608 0.845507
3.668432 -8.360028 0.856977
3.360396 -8.340317 0.861008
3.054029 -8.335724 0.864844
2.748293 -8.317749 0.868954
2.438000 -8.338957 0.872563
2.122483 -8.363836 0.876249
1.812561 -8.328760 0.880889
2.648452 -3.630481 0.945142
1.484583 -8.359898 0.884775
2.611251 -3.441403 0.948687
2.508814 -2.973748 0.957671
2.428264 -2.940283 0.959362
2.283677 -2.987792 0.960670
2.172464 -3.000866 0.962084
2.237910 -2.748875 0.965300
1.289848 -3.001438 0.975678
1.151423 -2.930748 0.979138
1.007474 -2.896646 0.982076
0.764145 -2.888540 0.986203
0.457457 -2.899114 0.991080
-10.310608 -8.574627 1.066580
-11.477514 -8.434737 1.088906
-11.823405 -4.983439 1.161505
22.120701 -3.906121 0.586570
11.166003 -2.923544 0.799024
10.138435 -2.985898 0.815426
9.676596 -3.149451 0.819685
9.509283 -3.389514 0.817060
9.489352 -3.685854 0.810547
9.513250 -4.012169 0.802526
9.649591 -4.413328 0.790777
10.262941 -5.122921 0.763616
9.846199 -5.259999 0.767308
13.999583 -8.578658 0.618354
12.932418 -8.454035 0.638969
12.851939 -9.053234 0.625633
10.741386 -8.439735 0.674849
10.257069 -8.567502 0.679366
9.720251 -8.444557 0.690912
9.209469 -8.466916 0.698327
8.718587 -8.473629 0.705741
8.237703 -8.452378 0.713627
7.804812 -8.463582 0.719873
7.385480 -8.461819 0.726167
6.982152 -8.453554 0.732314
6.762639 -8.813892 0.726166
6.403364 -8.880087 0.729589
6.019197 -8.857773 0.735592
5.652798 -8.850662 0.740873
5.302124 -8.865663 0.745282
4.946912 -8.830513 0.750995
4.610313 -8.848388 0.754991
4.352909 -8.810774 0.759349
4.022144 -8.813737 0.763534
3.667155 -8.352602 0.780206
3.359731 -8.356194 0.783939
3.051712 -8.386606 0.786904
2.743776 -8.368556 0.791080
2.432563 -8.377987 0.794502
2.119764 -8.373726 0.798235
2.766297 -3.606393 0.916453
1.803727 -8.367249 0.801995
2.738792 -3.345506 0.923626
2.678872 -3.277813 0.926067
2.581784 -3.263057 0.927510
2.524648 -3.128187 0.931649
2.516788 -2.951482 0.936344
2.412064 -2.977164 0.936755
2.288548 -2.976795 0.938009
2.155551 -3.030978 0.937921
2.211337 -2.793457 0.943494
2.098763 -2.769583 0.945175
1.868756 -2.898148 0.944032
1.733178 -2.871753 0.945927
1.584674 -2.888207 0.946828
1.433231 -2.855588 0.948957
1.252463 -2.876359 0.949977
1.034028 -2.873486 0.951867
0.796538 -2.863233 0.954054
0.520198 -2.855921 0.956439
-10.343210 -8.588225 0.903971
-11.484822 -8.433695 0.916332
2.525467 -1.305574 0.977834
21.983147 -3.881293 0.390853
12.920363 -2.917525 0.665339
11.112890 -2.909268 0.715466
10.102993 -2.974495 0.741565
9.569426 -3.112856 0.752555
9.535115 -3.398099 0.745947
9.493176 -3.686348 0.739279
9.506351 -4.007767 0.730042
9.647867 -4.411301 0.714923
10.225734 -5.100008 0.680048
9.849388 -5.260951 0.684977
14.015903 -8.588387 0.479869
12.948370 -8.464760 0.510256
12.620279 -8.858246 0.506104
11.817272 -8.819948 0.526672
10.739157 -8.436530 0.564458
10.254930 -8.564340 0.571544
9.674413 -8.549014 0.585239
9.229495 -8.491316 0.597075
8.723724 -8.480186 0.608492
8.265337 -8.493212 0.617814
7.803174 -8.460802 0.628523
7.386794 -8.464254 0.636812
6.985901 -8.461286 0.644782
6.756311 -8.800414 0.637156
6.408461 -8.893592 0.640247
6.019769 -8.860559 0.648359
5.658360 -8.870347 0.654222
5.299353 -8.857267 0.660646
4.950664 -8.850660 0.666443
4.611134 -8.857179 0.671395
4.355068 -8.831312 0.676115
4.025110 -8.851850 0.680029
3.666160 -8.350057 0.703366
3.358412 -8.330273 0.708047
3.051715 -8.349028 0.711091
2.744882 -8.336944 0.715072
2.919403 -3.967728 0.874132
2.911798 -3.551066 0.889537
2.868275 -3.321771 0.898393
2.803045 -3.156174 0.905073
2.752597 -3.073440 0.908540
2.680012 -3.006181 0.911588
2.604995 -2.958211 0.913898
2.522766 -2.934523 0.915327
2.411903 -2.976432 0.914538
2.338969 -2.922939 0.916859
2.224886 -2.902335 0.918169
2.165829 -2.826802 0.921064
1.996001 -2.882370 0.919801
1.892774 -2.864552 0.920740
1.747811 -2.852983 0.921510
1.604024 -2.865591 0.921387
1.457763 -2.829909 0.922771
1.269503 -2.859607 0.922000
1.047380 -2.861380 0.922048
0.833832 -2.834275 0.922874
0.563467 -2.866877 0.921749
-10.410146 -8.620901 0.740013
-4.877439 -5.214842 0.846237
11.055320 -2.892409 0.548937
10.035515 -2.952695 0.595818
9.597566 -3.119743 0.611215
9.551826 -3.402064 0.603920
9.509485 -3.691018 0.595806
9.506430 -4.005574 0.584531
9.559830 -4.362540 0.568676
10.224858 -5.097121 0.510509
9.843710 -5.255120 0.520739
13.992230 -8.568304 0.205402
12.953801 -8.465901 0.253264
12.244060 -8.541217 0.278984
11.476556 -8.507789 0.311151
10.694970 -8.390841 0.346989
10.228553 -8.534252 0.357811
9.664518 -8.536019 0.378422
9.201808 -8.455598 0.398906
8.704446 -8.453083 0.416252
8.240688 -8.455991 0.431585
7.801464 -8.457798 0.445592
7.376565 -8.446033 0.459299
6.976429 -8.443011 0.471245
6.730535 -8.744396 0.461776
6.415403 -8.912521 0.460943
6.023879 -8.874514 0.472939
5.658341 -8.873500 0.481695
5.303532 -8.877552 0.489388
4.952641 -8.865637 0.497379
4.611342 -8.866570 0.503925
4.352426 -8.823478 0.511064
4.022656 -8.844008 0.515381
3.665710 -8.371865 0.548073
3.356740 -8.340517 0.554093
3.049473 -8.359244 0.556720
2.743282 -8.329566 0.561664
3.021155 -3.518278 0.837044
2.430903 -8.362341 0.562584
2.969412 -3.291816 0.850545
2.895235 -3.153067 0.859054
2.847521 -3.044459 0.865553
2.772717 -2.986687 0.869182
2.694149 -2.953909 0.871272
2.617617 -2.917653 0.873425
2.526779 -2.921633 0.873204
2.446062 -2.894291 0.874599
2.348921 -2.900050 0.874009
2.227674 -2.895252 0.873734
2.144953 -2.859790 0.875126
1.999405 -2.875465 0.873231
1.910195 -2.839067 0.874306
1.778203 -2.852836 0.872284
1.611981 -2.854870 0.870284
1.470411 -2.815362 0.870358
1.286968 -2.841565 0.866549
1.074759 -2.836641 0.863534
0.829674 -2.835474 0.859542
0.593009 -2.844590 0.855004
-10.401611 -8.606997 0.413135
-4.870122 -5.205808 0.655131
-6.265016 -5.430895 0.617879
21.857777 -3.057212 -0.176134
12.970022 -2.921384 0.351814
11.079198 -2.896576 0.463015
9.986551 -2.937493 0.524967
9.543924 -3.100863 0.544646
9.477089 -3.372738 0.538398
9.419785 -3.651719 0.530789
9.428902 -3.967566 0.517457
9.519871 -4.340325 0.496697
10.281237 -5.128813 0.421125
9.839767 -5.251498 0.438694
10.748436 -8.442701 0.231533
10.144519 -8.443042 0.258776
9.648991 -8.517145 0.276244
9.205184 -8.459219 0.298387
8.711182 -8.461813 0.318502
8.247107 -8.465261 0.336595
7.801335 -8.457479 0.353916
7.379334 -8.451080 0.369548
6.973699 -8.437861 0.384324
6.737503 -8.760360 0.371443
6.408542 -8.896281 0.372792
6.023520 -8.874678 0.385357
5.656191 -8.868119 0.395746
5.301571 -8.872253 0.404412
4.950845 -8.860349 0.413382
4.608721 -8.855631 0.421010
4.351735 -8.824000 0.428208
4.021295 -8.838741 0.433135
3.664906 -8.372738 0.470644
3.355750 -8.335659 0.477508
3.048304 -8.365980 0.479131
3.095087 -3.596222 0.804752
2.740559 -8.353808 0.483054
3.040206 -3.302293 0.825306
2.984690 -3.163389 0.835179
2.931550 -3.063330 0.842291
2.857527 -2.991863 0.847438
2.775379 -2.974114 0.848814
2.697335 -2.941411 0.851023
2.615804 -2.921903 0.852185
2.533026 -2.904008 0.853072
2.450703 -2.882376 0.854038
2.351563 -2.893503 0.852613
2.247267 -2.858274 0.853885
2.145155 -2.858519 0.852734
2.006148 -2.864531 0.850556
1.913907 -2.833131 0.851062
1.752048 -2.845134 0.847661
1.635660 -2.827452 0.846530
1.466758 -2.818160 0.843661
1.295993 -2.832284 0.839204
1.093181 -2.820339 0.835137
0.862976 -2.809564 0.829989
0.622572 -2.823320 0.823055
0.193731 -2.890498 0.808191
-4.867789 -5.201976 0.559580
-6.193202 -5.394696 0.511593
12.980576 -2.921484 0.246818
11.090908 -2.897827 0.377402
9.948212 -2.925321 0.454261
9.545105 -3.100057 0.474789
9.478187 -3.371993 0.468251
9.404740 -3.644197 0.461459
9.456175 -3.979434 0.443052
9.551634 -4.356005 0.419207
10.301487 -5.139419 0.333562
9.830152 -5.244240 0.357174
7.748859 -8.371771 0.270344
7.367425 -8.429766 0.282022
6.967936 -8.426686 0.297947
6.746462 -8.780740 0.280211
6.401355 -8.879230 0.284949
6.022864 -8.874001 0.297717
5.664072 -8.895372 0.307004
5.299396 -8.866132 0.319495
4.951342 -8.865596 0.328503
4.605915 -8.843628 0.338295
4.271354 -8.852248 0.344650
4.020429 -8.838458 0.350479
3.663726 -8.367042 0.393609
3.355097 -8.353286 0.399135
3.047625 -8.354430 0.402726
3.132085 -3.380791 0.794279
2.739892 -8.348125 0.406163
3.073563 -3.180961 0.810537
3.017887 -3.066254 0.819943
2.935871 -3.033073 0.822934
2.861981 -2.967518 0.828226
2.778103 -2.961299 0.828706
2.703748 -2.917645 0.831893
2.619554 -2.909384 0.832127
2.541350 -2.880922 0.833732
2.462293 -2.854232 0.834995
2.361808 -2.871071 0.832597
2.250306 -2.851736 0.832447
2.151436 -2.847120 0.831161
2.032235 -2.866232 0.827628
-4.864688 -5.197748 0.464065
-6.168287 -5.380238 0.404024
15.687038 -2.378247 -0.056584
12.961442 -2.915799 0.143993
11.078945 -2.893424 0.293483
9.948485 -2.924100 0.380841
9.567770 -3.106321 0.402844
9.473217 -3.368961 0.398541
9.426605 -3.652365 0.388844
9.451170 -3.975944 0.371065
9.572275 -4.365800 0.341967
10.215139 -5.087882 0.256426
9.878734 -5.274262 0.269547
10.064070 -5.807889 0.225129
9.947056 -6.158371 0.211408
9.494072 -6.241557 0.235803
7.807777 -7.231990 0.265267
7.321251 -7.674153 0.255333
7.102680 -7.954297 0.243089
6.883138 -8.258368 0.228000
6.579906 -8.412327 0.227886
6.243827 -8.488029 0.234659
5.645988 -8.838146 0.225660
5.181756 -8.419191 0.276454
4.850036 -8.402890 0.287245
4.567028 -8.624214 0.274915
4.286179 -8.372219 0.303705
3.980947 -8.448668 0.303153
3.663164 -8.372199 0.315585
3.354251 -8.358365 0.321389
3.202049 -3.616951 0.747571
3.046179 -8.371289 0.323904
3.161126 -3.257859 0.780125
3.102803 -3.082272 0.796329
3.020978 -3.035672 0.800994
2.941999 -2.991155 0.805218
1.921810 -2.820621 0.804984
1.753219 -2.841921 0.798399
1.633053 -2.828597 0.795521
1.488665 -2.794312 0.792979
1.301866 -2.825027 0.784008
1.108402 -2.805804 0.777753
0.878960 -2.795704 0.768940
0.648902 -2.803308 0.758552
0.300909 -2.822892 0.741767
2.865387 -2.946806 0.788491
2.785051 -2.929509 0.789827
2.702423 -2.919621 0.790152
2.619934 -2.905812 0.790586
2.541824 -2.877439 0.792199
2.458319 -2.861423 0.792279
2.357499 -2.878054 0.788699
2.248383 -2.853353 0.788392
2.152405 -2.843647 0.786692
2.039728 -2.853023 0.782531
1.925916 -2.814164 0.782146
1.787626 -2.837528 0.775254
1.645470 -2.813822 0.771697
1.493696 -2.788366 0.767374
1.311397 -2.815295 0.757250
1.122957 -2.792760 0.750077
0.894279 -2.783301 0.739428
0.669533 -2.788204 0.727482
0.347345 -2.793511 0.709812
-4.845200 -5.182462 0.274129
-6.125892 -5.354793 0.189665
-10.279090 -4.549155 -0.029539
11.171574 -2.912378 0.113243
9.952399 -2.922605 0.233219
9.594246 -3.112619 0.259209
9.679045 -3.444021 0.234104
9.516409 -3.688238 0.236277
9.607307 -4.047903 0.206892
10.584288 -4.897566 0.064669
10.085806 -5.010148 0.102471
9.762794 -5.197821 0.118328
9.531193 -5.432092 0.121716
9.314624 -5.672064 0.122197
9.075047 -5.890010 0.125057
8.867744 -6.025570 0.130846
8.528109 -6.136435 0.148177
8.248907 -6.290562 0.156110
8.004293 -6.474014 0.157816
7.752786 -6.645835 0.159905
7.543266 -6.871472 0.153092
7.280231 -7.026209 0.155249
7.078362 -7.277772 0.143213
6.833941 -7.471709 0.138156
6.548310 -7.593158 0.141446
6.256392 -7.696618 0.145728
5.632936 -7.775289 0.166006
5.102216 -7.827232 0.181195
4.800844 -7.836947 0.190417
4.518794 -7.924612 0.189460
4.219789 -7.913329 0.198692
3.922260 -7.871561 0.210140
3.631930 -7.851458 0.217963
3.343488 -7.749684 0.233707
3.229586 -3.455243 0.710308
3.061778 -7.727776 0.239460
3.162441 -3.206836 0.738488
3.102904 -3.072209 0.753819
3.022114 -3.019922 0.759936
2.947274 -2.952777 0.767359
2.866588 -2.939009 0.768614
2.783828 -2.933084 0.768697
2.705805 -2.906487 0.770749
2.616553 -2.914764 0.768615
2.542178 -2.875388 0.771462
2.463284 -2.848789 0.772570
2.350472 -2.891703 0.765398
2.273584 -2.851475 0.767319
2.164955 -2.821837 0.766821
2.043635 -2.846181 0.760188
1.936988 -2.798266 0.760589
1.788521 -2.835522 0.750903
1.658036 -2.798892 0.748254
1.490631 -2.790572 0.740786
1.329707 -2.797447 0.731863
1.124303 -2.790725 0.721157
0.895751 -2.781261 0.708686
0.685552 -2.776271 0.696384
0.408863 -2.754961 0.680541
-4.881046 -5.198237 0.174811
-6.140429 -5.358586 0.079588
-6.144652 -4.777950 0.112181
-6.911767 -4.599298 0.066954
12.303825 -2.782335 -0.092186
10.101509 -2.963455 0.141132
9.763845 -3.167138 0.167258
9.617367 -3.419638 0.169089
10.455978 -4.449832 0.019267
10.401058 -4.799626 0.001712
9.771529 -4.825943 0.062651
9.417480 -4.975709 0.086206
9.157481 -5.169130 0.096102
8.966058 -5.404293 0.094976
8.353088 -5.567119 0.135957
7.906678 -5.929843 0.140580
7.673650 -6.094945 0.143419
7.452844 -6.271413 0.143018
7.255776 -6.480108 0.136451
7.022350 -6.642476 0.136015
6.815431 -6.848808 0.127993
6.558075 -6.976242 0.130438
6.293495 -7.086724 0.133966
6.008651 -7.148184 0.142886
5.708698 -7.158237 0.157213
5.508782 -7.217680 0.160025
5.254200 -7.330591 0.158321
4.955652 -7.292060 0.174992
4.702692 -7.409463 0.170382
4.425941 -7.424783 0.177573
4.156079 -7.467637 0.180113
3.881276 -7.464287 0.187197
3.608678 -7.454522 0.193868
3.336782 -7.346484 0.211301
3.229774 -3.377011 0.693997
3.072418 -7.307308 0.219161
3.162239 -3.204208 0.715636
3.080865 -3.073910 0.731946
3.024007 -3.000223 0.741011
2.945544 -2.961893 0.745565
2.888908 -2.929197 0.749234
2.785400 -2.925092 0.748841
2.704493 -2.909740 0.749592
2.622380 -2.896033 0.749786
2.546690 -2.862397 0.752073
2.466013 -2.841383 0.752449
2.363537 -2.863430 0.747014
2.279655 -2.839098 0.746964
-4.335363 -4.915522 0.138937
-4.630197 -4.658800 0.132831
-5.552526 -4.538674 0.066930
-6.745340 -4.074580 -0.005452
11.419378 -1.561643 -0.038694
11.151426 -1.878263 -0.015698
11.297197 -2.237503 -0.046273
10.284307 -4.367028 -0.040700
10.017132 -4.595921 -0.027229
9.677984 -4.770355 -0.003344
9.145624 -4.800716 0.051052
8.741179 -4.876441 0.086909
8.387255 -4.960428 0.115555
8.194366 -5.066234 0.125144
7.990808 -5.244287 0.128207
7.835097 -5.464682 0.121466
7.636755 -5.645281 0.121309
7.438750 -5.825547 0.119914
7.222192 -5.983436 0.121198
6.972005 -6.093846 0.129099
6.745309 -6.230279 0.131067
6.486058 -6.311483 0.140475
6.291043 -6.496631 0.132139
6.038961 -6.580813 0.138277
5.853874 -6.647405 0.141421
5.598417 -6.710917 0.148145
5.336125 -6.746169 0.157536
5.103173 -6.857739 0.154700
4.845986 -6.891827 0.161608
4.584045 -6.891886 0.171886
4.342766 -6.976947 0.169242
4.093344 -7.028222 0.170081
3.833565 -6.987983 0.182005
3.578335 -6.930362 0.194941
3.311450 -3.694210 0.626033
3.329681 -6.908798 0.201849
3.229944 -3.304493 0.678533
3.162708 -3.183974 0.695097
3.105076 -3.032475 0.715431
3.023983 -2.997686 0.720203
2.947397 -2.947840 0.726564
2.889036 -2.926735 0.728955
2.786991 -2.917030 0.729116
2.160665 -2.827122 0.721548
2.048639 -2.836767 0.715231
1.925315 -2.812314 0.711700
1.794478 -2.826334 0.702972
1.652916 -2.802854 0.697087
1.489424 -2.790021 0.688027
1.328558 -2.796714 0.676576
1.114447 -2.797092 0.661416
0.904362 -2.772949 0.647967
0.709077 -2.758253 0.634100
0.413649 -2.750033 0.611018
10.523504 -1.808952 -0.014629
10.540437 -2.122034 -0.028461
10.520574 -2.433441 -0.038934
10.504364 -2.749175 -0.051661
10.245514 -3.001431 -0.031215
10.204139 -3.309153 -0.043406
10.040365 -3.576040 -0.039126
9.630434 -4.055436 -0.021298
9.371934 -4.254626 -0.005177
9.273382 -4.533749 -0.015906
9.074003 -4.753905 -0.011449
8.633820 -4.800330 0.034185
8.226295 -4.754167 0.083486
7.922620 -4.843631 0.107633
7.754641 -5.033660 0.106193
7.591201 -5.228179 0.102539
7.410901 -5.407142 0.100914
7.219295 -5.573880 0.100419
7.017098 -5.727363 0.101101
6.791550 -5.848133 0.106352
6.555924 -5.948461 0.113606
6.308688 -6.022101 0.123778
6.055421 -6.073433 0.135938
5.869683 -6.110572 0.144116
5.662131 -6.234498 0.141614
5.419724 -6.279700 0.150441
5.201509 -6.378617 0.149461
4.964720 -6.424184 0.155484
4.730416 -6.469743 0.160174
4.504308 -6.544486 0.159255
4.257667 -6.518243 0.172036
4.029147 -6.577848 0.170923
3.792848 -6.581581 0.176745
3.614714 -6.553861 0.184685
3.307016 -3.528686 0.621201
3.230015 -3.249218 0.662090
3.162087 -3.192354 0.670858
2.729575 -2.893424 0.710612
2.626915 -2.879994 0.710117
2.541591 -2.873570 0.708581
2.467254 -2.836405 0.711102
2.369969 -2.848009 0.705913
2.278584 -2.839182 0.703199
2.161607 -2.824630 0.699517
2.049711 -2.834228 0.692493
1.933359 -2.800534 0.689940
1.803067 -2.814780 0.680253
1.654341 -2.800380 0.672082
1.478764 -2.799848 0.659729
1.317576 -2.805961 0.647037
1.120861 -2.790837 0.633105
0.897243 -2.777323 0.615922
0.711476 -2.755651 0.601922
0.188258 -2.886267 0.543814
-4.092839 -4.786251 -0.008679
-4.509058 -4.598051 -0.034810
-4.900685 -4.372705 -0.057674
-5.352291 -4.043127 -0.081888
3.106515 -3.003502 0.676860
3.026592 -2.968950 0.682182
2.947633 -2.942168 0.685866
2.866170 -2.934242 0.686216
2.810049 -2.904913 0.689775
2.733039 -2.879524 0.692034
2.623810 -2.888100 0.687942
2.544280 -2.865383 0.688723
2.465724 -2.838924 0.689623
2.373288 -2.840091 0.685573
2.254984 -2.836461 0.680443
2.153738 -2.836766 0.675027
2.050914 -2.831491 0.669783
1.938072 -2.793271 0.667623
1.789999 -2.830102 0.652919
1.652097 -2.801999 0.646300
1.480574 -2.797137 0.633494
1.323775 -2.799328 0.620328
1.114110 -2.795525 0.602582
0.899635 -2.774593 0.585218
0.704506 -2.759445 0.568219
0.136950 -2.916401 0.497877
-3.614408 -4.538765 -0.026105
-3.862171 -4.297735 -0.033296
-4.021348 -4.009127 -0.029146
-4.913567 -2.425430 -0.039596
9.851647 -1.733772 -0.064993
9.817186 -2.294588 -0.083697
9.812858 -2.582303 -0.097883
9.684492 -2.840508 -0.093405
9.617191 -3.114047 -0.100673
9.413538 -3.338390 -0.086208
9.228945 -3.560640 -0.076031
9.104462 -3.803689 -0.077733
8.990196 -4.051363 -0.082891
8.815308 -4.265199 -0.078302
8.637422 -4.472794 -0.074344
8.494124 -4.700737 -0.078585
8.224689 -4.751369 -0.049463
7.805108 -4.746294 0.003418
7.632571 -4.923862 0.004043
7.473728 -5.113400 0.000169
7.250546 -5.237435 0.010116
7.039455 -5.367159 0.016550
6.846009 -5.513355 0.017534
6.615905 -5.608718 0.027546
6.384012 -5.692468 0.037884
6.165873 -5.789018 0.043749
5.972947 -5.806417 0.057644
5.744392 -5.868110 0.066983
5.532427 -5.955564 0.069838
5.297428 -5.985171 0.081723
5.073744 -6.030424 0.089100
4.860398 -6.098629 0.090932
4.629146 -6.101213 0.102751
4.417205 -6.166388 0.102321
4.196939 -6.193916 0.106976
4.027321 -6.180376 0.115296
3.811743 -6.224644 0.114759
3.589594 -6.196170 0.124966
3.304215 -3.440039 0.582085
3.229355 -3.259305 0.612760
3.163077 -3.150936 0.631147
3.106054 -3.005918 0.655177
3.026645 -2.965756 0.661710
2.951313 -2.916385 0.669268
2.896012 -2.884220 0.673841
2.818160 -2.868353 0.675099
2.738077 -2.859938 0.674642
2.624378 -2.885181 0.667363
2.542942 -2.867773 0.667195
2.468769 -2.830790 0.669840
2.371675 -2.842444 0.663569
-2.940392 -4.191463 -0.001307
-3.179318 -3.981270 -0.011304
-3.598432 -3.504185 -0.025201
-3.787969 -3.164056 -0.025797
-3.988358 -2.264797 -0.002144
9.306789 -1.417669 -0.035462
9.273268 -2.188278 -0.061724
9.223242 -2.441296 -0.067241
9.201348 -2.703118 -0.079466
9.101794 -2.943945 -0.079609
8.820325 -3.386453 -0.069104
8.656496 -3.590267 -0.061360
8.536258 -3.811300 -0.063322
8.362021 -4.000634 -0.055953
8.253962 -4.226767 -0.063414
8.130747 -4.445473 -0.069563
7.980561 -4.567923 -0.062704
7.792626 -4.735405 -0.057100
7.568846 -4.866596 -0.044075
7.325386 -4.969411 -0.026613
7.080547 -5.058159 -0.008714
6.869596 -5.172359 0.000296
6.688066 -5.316144 0.000422
6.466451 -5.405229 0.011130
6.220721 -5.449498 0.029361
6.066360 -5.519890 0.033613
5.867967 -5.622430 0.036015
5.636660 -5.659498 0.050029
5.416550 -5.706079 0.060201
5.200950 -5.752474 0.068658
4.989112 -5.799455 0.075366
4.771492 -5.820329 0.085397
4.562632 -5.858559 0.090638
4.401565 -5.864239 0.097808
4.200400 -5.925390 0.096389
3.989124 -5.931839 0.103456
3.780233 -5.940402 0.108729
3.571547 -5.933948 0.115270
3.328129 -3.406185 0.561561
3.363818 -5.895988 0.125958
3.228922 -3.278350 0.585365
3.164698 -3.101300 0.616889
3.106808 -2.991023 0.636386
3.028646 -2.945276 0.644248
2.972188 -2.910301 0.649925
2.895241 -2.886568 0.653062
2.821138 -2.854002 0.657252
2.740110 -2.851247 0.655687
2.257288 -2.830325 0.637250
2.162212 -2.820832 0.632658
2.044193 -2.839809 0.621622
1.930971 -2.801094 0.618799
1.800751 -2.814973 0.606262
1.648267 -2.804490 0.594495
1.488943 -2.786951 0.582066
1.324271 -2.797055 0.564674
1.106096 -2.800320 0.541875
0.891599 -2.778686 0.521272
0.558213 -2.816342 0.479599
0.352328 -2.783262 0.459033
8.801079 -1.150007 -0.004085
8.743649 -1.379982 -0.000609
8.848553 -1.623754 -0.027778
8.845802 -1.862517 -0.037471
8.775805 -2.091142 -0.036584
8.747114 -2.327385 -0.044899
8.685987 -2.556844 -0.048862
8.740910 -2.824635 -0.076775
8.518110 -3.000571 -0.052902
8.417774 -3.214983 -0.054055
8.261570 -3.402137 -0.045360
8.129220 -3.596085 -0.042732
8.004211 -3.791728 -0.043027
7.943995 -4.027832 -0.059132
7.753902 -4.180901 -0.048134
7.635404 -4.308982 -0.046008
7.489891 -4.487744 -0.047316
7.332783 -4.656256 -0.047308
7.139828 -4.789492 -0.039429
6.954372 -4.925004 -0.034408
6.734024 -5.016825 -0.020423
6.526671 -5.114663 -0.010415
6.323904 -5.211154 -0.002255
6.121887 -5.302382 0.005126
5.959966 -5.350296 0.013998
5.743152 -5.403677 0.026314
5.531707 -5.456263 0.036795
5.329923 -5.519625 0.043176
5.113421 -5.541365 0.056419
4.914483 -5.595809 0.061255
4.707234 -5.619371 0.070681
4.558554 -5.652512 0.073657
4.360219 -5.692798 0.077111
4.154145 -5.690279 0.087325
3.957915 -5.729105 0.088174
3.756913 -5.730903 0.094630
3.557395 -5.729490 0.100262
3.325682 -3.344345 0.547310
3.358930 -5.719918 0.106016
3.251956 -3.170961 0.580647
3.166777 -3.040217 0.605740
3.108387 -2.964475 0.619996
3.029393 -2.935954 0.625088
2.629454 -2.867551 0.628423
2.552753 -2.839794 0.630047
2.466145 -2.834791 0.626675
2.363911 -2.856563 0.617302
2.247525 -2.847196 0.611625
2.157663 -2.827437 0.608657
2.042587 -2.841308 0.597810
1.922407 -2.811767 0.592636
1.769297 -2.814326 0.578731
1.642703 -2.809792 0.567459
1.479059 -2.795968 0.553038
1.326827 -2.793786 0.537274
1.100057 -2.804394 0.510788
0.899366 -2.771946 0.491456
0.642741 -2.798627 0.457330
0.380877 -2.764879 0.428277
-2.387887 -3.904901 -0.049019
-2.557209 -3.691327 -0.051932
-2.681330 -3.453427 -0.048321
-2.883058 -3.241451 -0.059523
-2.995044 -2.990930 -0.056902
-3.170909 -2.683163 -0.061816
-3.204329 -2.406925 -0.050320
-3.215032 -2.128984 -0.037264
8.485553 -1.141726 -0.004956
8.428842 -1.358516 -0.000723
8.408829 -1.575655 -0.004966
8.436882 -1.800273 -0.020070
8.398088 -2.017266 -0.024031
8.316840 -2.224508 -0.021253
8.282606 -2.442275 -0.029324
8.172956 -2.637697 -0.023825
8.184958 -2.874810 -0.044844
8.058430 -3.061946 -0.038916
7.940274 -3.249026 -0.036048
7.829874 -3.437683 -0.036260
7.736638 -3.635388 -0.041878
7.586297 -3.798507 -0.035958
7.522054 -3.951406 -0.043860
7.396725 -4.129780 -0.046506
7.254574 -4.295160 -0.046542
7.109982 -4.457763 -0.047449
6.921486 -4.577941 -0.037812
6.780788 -4.742039 -0.042660
6.602341 -4.865771 -0.038077
6.383517 -4.935942 -0.021699
6.191833 -5.031345 -0.014173
6.040375 -5.088070 -0.006236
5.844532 -5.166308 0.001902
5.629865 -5.205128 0.017212
5.440070 -5.278820 0.022509
5.236124 -5.317682 0.033808
5.041401 -5.367708 0.040836
4.847827 -5.413942 0.047014
4.696368 -5.425392 0.055473
4.508557 -5.477479 0.057633
4.313588 -5.499123 0.064577
4.120056 -5.517416 0.070665
3.930230 -5.549383 0.072524
3.735537 -5.538889 0.081422
3.544446 -5.542471 0.086050
3.323846 -3.299711 0.530912
3.353121 -5.503978 0.097540
3.251535 -3.126646 0.566063
2.975896 -2.880394 0.614545
2.899080 -2.862648 0.616759
2.823362 -2.841426 0.619092
2.741300 -2.844277 0.616055
2.651341 -2.864900 0.608786
2.553669 -2.836275 0.609703
2.467178 -2.831336 0.606025
2.375032 -2.832434 0.600322
2.254381 -2.833701 0.591993
2.165100 -2.814173 0.588732
2.047367 -2.833158 0.576015
1.924256 -2.808365 0.569323
1.801032 -2.812824 0.557004
0.325918 -2.797213 0.381019
-1.863426 -3.702858 -0.021844
-2.081821 -3.471178 -0.030424
-2.170394 -3.242411 -0.022596
-2.336402 -3.042096 -0.030608
-2.473388 -2.824966 -0.034669
-2.495858 -2.507147 -0.015955
-2.646762 -2.285911 -0.026003
-2.613032 -2.024619 -0.006338
-2.737731 -1.474199 -0.002702
-2.745797 -1.223621 0.003814
6.966358 -4.059512 -0.025119
6.879044 -4.252107 -0.039058
6.720090 -4.382824 -0.034760
6.560047 -4.509550 -0.031288
6.387827 -4.619997 -0.025138
6.247727 -4.766425 -0.030704
6.063298 -4.856363 -0.022720
5.914185 -4.904482 -0.013122
5.732270 -4.987380 -0.006944
5.539459 -5.046682 0.003137
5.353792 -5.111750 0.009893
3.188448 -3.004144 0.569210
3.109168 -2.945247 0.581691
3.032230 -2.905488 0.589580
2.976957 -2.870939 0.596082
2.899472 -2.858823 0.597187
2.822583 -2.843283 0.598393
2.587616 -3.217514 0.514890
2.655650 -2.850313 0.590836
2.556671 -2.827297 0.590530
2.463741 -2.838256 0.583104
2.373817 -2.833944 0.578151
1.636097 -2.815339 0.513916
1.488554 -2.784648 0.501778
1.332742 -2.786509 0.482641
1.106739 -2.796972 0.452442
0.902111 -2.767992 0.429148
0.641467 -2.797488 0.389262
-1.508433 -3.515170 -0.010141
-1.625337 -3.321998 -0.007884
-1.777856 -3.080145 -0.008481
-1.877753 -2.874836 -0.006333
8.039871 -1.129622 -0.025656
8.029894 -1.330725 -0.029695
8.068411 -1.537260 -0.045707
8.064030 -1.742549 -0.054422
8.056086 -1.949408 -0.064168
7.966846 -2.139806 -0.057922
7.941914 -2.344545 -0.067436
7.874968 -2.538362 -0.069342
7.810532 -2.732845 -0.073495
7.748365 -2.929033 -0.079941
7.615433 -3.093542 -0.071259
7.521935 -3.274089 -0.073462
7.435725 -3.459025 -0.079202
7.329930 -3.573233 -0.074147
7.249019 -3.763244 -0.084414
7.108864 -3.913249 -0.080688
5.145355 -5.122512 -0.021998
4.963247 -5.179602 -0.016841
4.827728 -5.222485 -0.014107
4.626823 -5.216075 0.002921
4.450948 -5.276595 0.002594
4.260428 -5.279416 0.013876
4.077235 -5.301539 0.019095
3.898156 -5.343283 0.018376
3.713324 -5.343143 0.025439
3.531158 -5.357488 0.027753
3.321759 -3.255642 0.490834
3.250968 -3.123230 0.520901
3.188135 -3.005374 0.547272
3.109181 -2.940991 0.561552
3.053295 -2.892184 0.571938
2.978047 -2.861299 0.577780
2.897797 -2.865950 0.575209
2.720505 -3.083665 0.523414
2.609842 -3.141893 0.506727
2.506547 -3.156425 0.498778
2.254791 -2.831004 0.547644
2.171503 -2.801696 0.546180
2.054400 -2.820683 0.531810
1.925163 -2.805325 0.521695
1.798523 -2.814116 0.506533
1.634889 -2.815773 0.487491
1.483314 -2.788992 0.473361
1.335836 -2.782743 0.455347
1.079372 -2.818693 0.415260
0.896688 -2.771063 0.396199
0.291595 -2.815910 0.299362
-2.014722 -2.677607 -0.072387
-2.032262 -2.443591 -0.057479
-2.125509 -2.171529 -0.055604
-2.116206 -1.937104 -0.040117
-2.183093 -1.716509 -0.041042
-2.234710 -1.433806 -0.038691
-2.235896 -1.204158 -0.031455
7.743230 -1.122122 -0.012779
7.739593 -1.311173 -0.017834
7.784614 -1.506129 -0.035435
7.759218 -1.696198 -0.039073
7.697296 -1.879537 -0.036068
7.667060 -2.068120 -0.041902
7.606780 -2.249514 -0.042451
7.571195 -2.438215 -0.050478
7.489868 -2.612071 -0.049288
7.522401 -2.832683 -0.077760
7.367999 -2.975663 -0.061856
7.259490 -3.135347 -0.058665
7.164579 -3.300844 -0.060497
7.083280 -3.418699 -0.060229
6.994826 -3.588771 -0.066794
6.880584 -3.742012 -0.067940
6.777190 -3.904145 -0.073993
6.640927 -4.039634 -0.071937
6.499250 -4.168513 -0.069584
6.368116 -4.306983 -0.072195
6.197070 -4.401095 -0.062609
6.051988 -4.521954 -0.063315
5.925824 -4.589786 -0.058260
5.753224 -4.670212 -0.050467
5.638890 -4.838459 -0.068841
5.438314 -4.869430 -0.051112
5.252337 -4.915381 -0.039726
5.073521 -4.967873 -0.032072
4.931016 -4.983547 -0.021562
4.765407 -5.057739 -0.022569
4.578675 -5.070788 -0.010128
4.404219 -5.112879 -0.006568
4.223280 -5.125170 0.002484
4.047667 -5.151522 0.006516
3.874017 -5.186450 0.006966
3.737504 -5.163544 0.017713
3.564116 -5.196157 0.015986
3.319934 -3.210647 0.476632
3.250674 -3.118216 0.498979
3.164975 -3.056818 0.513832
3.110016 -2.925165 0.544058
3.055186 -2.870913 0.556178
2.980789 -2.840319 0.562202
2.834517 -3.080603 0.504541
2.552823 -2.835121 0.546370
2.466315 -2.830155 0.541791
2.374254 -2.830999 0.534873
2.256457 -2.826989 0.526037
2.170331 -2.802695 0.523131
2.046967 -2.830956 0.505461
1.924006 -2.805974 0.497189
1.793800 -2.819043 0.479905
1.633827 -2.816039 0.460977
1.486349 -2.785046 0.447184
1.322311 -2.794270 0.423234
1.078691 -2.818296 0.384515
0.882405 -2.780711 0.360664
0.522180 -2.835177 0.296515
0.252714 -2.838396 0.252399
-1.105046 -3.300902 -0.032661
-1.228767 -3.132066 -0.034745
-1.346355 -2.957065 -0.036874
-1.497344 -2.734666 -0.042426
-1.523392 -2.521869 -0.028430
-1.601370 -2.326426 -0.027319
-1.717109 -2.083028 -0.031988
-1.693240 -1.863878 -0.014066
-1.791515 -1.665369 -0.022538
-1.732130 -1.395113 0.000514
-1.703423 -1.185592 0.013018
7.447422 -1.114771 0.006191
7.484135 -1.293958 -0.007924
7.467698 -1.471614 -0.011358
7.466557 -1.651777 -0.020059
7.462790 -1.833640 -0.029898
7.406908 -2.005893 -0.028940
7.354949 -2.177985 -0.030505
7.306355 -2.350895 -0.034535
7.239582 -2.517716 -0.035660
7.260330 -2.721162 -0.061067
7.147044 -2.870395 -0.053670
7.078521 -3.039514 -0.059649
6.960890 -3.129953 -0.047079
6.880714 -3.291734 -0.052653
6.793037 -3.450203 -0.057942
6.648307 -3.567862 -0.047942
6.543593 -3.713213 -0.051332
6.419831 -3.842881 -0.050389
6.319392 -3.994337 -0.058838
6.207429 -4.137731 -0.065582
6.036240 -4.216830 -0.052716
5.930049 -4.298543 -0.051798
5.768768 -4.380717 -0.043912
5.624414 -4.482857 -0.044019
5.478663 -4.583140 -0.045184
5.328518 -4.676993 -0.046077
5.184627 -4.784274 -0.052201
4.994602 -4.797940 -0.034507
4.879800 -4.863647 -0.037411
4.691176 -4.861360 -0.019144
4.525235 -4.909395 -0.015902
4.356074 -4.944088 -0.010919
4.187535 -4.976702 -0.007074
4.017074 -4.996104 -0.001580
3.891174 -5.017748 -0.000271
3.721744 -5.034740 0.003001
3.552012 -5.044110 0.006544
3.319087 -3.193969 0.456484
3.250424 -3.130141 0.472985
3.188341 -2.978970 0.509940
3.108849 -2.937509 0.520054
2.780000 -2.930692 0.514796
2.697055 -2.920710 0.513534
2.516507 -3.124924 0.456931
2.445604 -3.050193 0.469418
2.472175 -2.815507 0.523820
2.370850 -2.837030 0.511193
2.255468 -2.827810 0.503143
2.172245 -2.798586 0.501321
2.049120 -2.826769 0.482707
1.926339 -2.801914 0.473884
-0.823029 -3.151968 -0.017149
-0.904486 -2.977983 -0.011283
-1.005267 -2.812206 -0.011686
-1.181305 -2.619414 -0.025651
-1.208326 -2.421689 -0.012743
-1.254798 -2.232113 -0.006134
-1.355165 -2.055010 -0.012957
7.220761 -1.109012 0.014693
7.229476 -1.276902 0.007212
7.213892 -1.443895 0.004022
7.202824 -1.611766 -0.001912
7.195374 -1.781535 -0.010442
7.163996 -1.947831 -0.014676
7.147620 -2.119028 -0.024453
7.074605 -2.274473 -0.021308
7.032549 -2.439610 -0.027853
6.962297 -2.594554 -0.028573
6.916359 -2.760608 -0.037619
6.847581 -2.917493 -0.042182
6.768665 -3.020427 -0.038889
6.678755 -3.165215 -0.040208
6.559018 -3.289676 -0.034063
6.466771 -3.431689 -0.037772
6.376769 -3.576759 -0.044045
6.267346 -3.707080 -0.045792
6.148175 -3.828554 -0.045839
6.027635 -3.948445 -0.046998
5.922573 -4.022227 -0.043398
5.800751 -4.140629 -0.046925
5.656417 -4.231114 -0.042953
5.531316 -4.347412 -0.048820
5.370163 -4.410232 -0.039879
5.216140 -4.480030 -0.035037
5.083197 -4.587802 -0.042893
4.963530 -4.631145 -0.039024
4.808699 -4.697031 -0.037670
4.649188 -4.750474 -0.034555
4.480837 -4.775387 -0.025472
4.326585 -4.841038 -0.028973
4.163698 -4.878084 -0.026485
4.031259 -4.855141 -0.012553
3.865556 -4.861797 -0.005204
3.700665 -4.860954 0.002390
3.541685 -4.914914 -0.005527
3.318235 -3.177041 0.436649
3.056699 -2.850520 0.520208
2.980668 -2.836904 0.522442
2.859057 -2.954133 0.490178
2.813606 -2.875759 0.507866
2.730023 -2.878117 0.503634
2.622554 -2.880784 0.497167
2.426309 -3.097792 0.432724
2.478061 -2.800813 0.506104
2.372465 -2.832650 0.490067
1.777162 -2.799362 0.430795
1.640164 -2.807160 0.410527
1.489224 -2.780344 0.393719
1.304763 -2.808539 0.360490
1.074107 -2.820154 0.321619
0.891838 -2.771753 0.299017
0.547340 -2.816367 0.231986
0.303795 -2.805283 0.189608
-1.312313 -1.796814 -0.038403
-1.362465 -1.608506 -0.038622
-1.415140 -1.369283 -0.039171
-1.345841 -1.171819 -0.017426
6.759368 -2.508193 -0.016047
6.711978 -2.663333 -0.023737
6.687538 -2.832783 -0.040136
6.586758 -2.916807 -0.029131
6.515802 -3.063069 -0.034793
6.419269 -3.193630 -0.034200
6.326634 -3.326492 -0.036433
6.227925 -3.455003 -0.038335
6.098322 -3.556649 -0.031036
6.014079 -3.698660 -0.041455
5.899183 -3.813138 -0.042602
5.802160 -3.887121 -0.040268
5.675371 -3.987518 -0.039386
5.547774 -4.086460 -0.039703
5.403181 -4.161068 -0.033757
5.277077 -4.261881 -0.037973
5.140600 -4.347637 -0.038957
5.006870 -4.353429 -0.023093
4.873554 -4.442531 -0.028101
4.724463 -4.499538 -0.025203
4.567370 -4.533875 -0.017537
4.420578 -4.593189 -0.018657
4.281721 -4.683683 -0.029898
3.249673 -3.051445 0.446777
3.188413 -2.957484 0.472053
3.109779 -2.916325 0.482926
3.054587 -2.868121 0.495107
2.882577 -3.187187 0.408671
2.865230 -2.921508 0.476869
2.814373 -2.870916 0.487956
2.729464 -2.878738 0.482017
2.625522 -2.870689 0.478080
2.440346 -3.060985 0.418018
2.259465 -2.818559 0.460093
2.170758 -2.799145 0.455070
2.053988 -2.817549 0.437415
1.928373 -2.797335 0.426121
1.802372 -2.805694 0.407431
1.624415 -2.823718 0.378274
1.464753 -2.803878 0.357836
1.268944 -2.802668 0.326471
1.087284 -2.808289 0.294776
0.869232 -2.787544 0.259905
0.567080 -2.802217 0.202061
0.270895 -2.824099 0.142508
-0.542140 -3.053233 -0.049042
-0.639341 -2.850644 -0.042266
-0.734998 -2.696058 -0.043473
-0.830137 -2.538794 -0.046081
-0.879206 -2.316088 -0.034304
-0.960072 -2.150707 -0.037140
-0.957032 -1.963599 -0.021574
-0.993455 -1.741712 -0.014472
-1.024529 -1.564631 -0.011282
-1.031692 -1.384853 -0.004365
-1.022529 -1.160465 0.005842
7.018601 -1.102986 -0.020385
6.993734 -1.260296 -0.019016
7.001513 -1.419810 -0.028020
6.997171 -1.579644 -0.035529
6.941088 -1.731261 -0.030689
6.939553 -1.893436 -0.042447
6.909066 -2.050652 -0.048030
6.855383 -2.201497 -0.048810
6.800555 -2.351562 -0.050915
4.155981 -4.677251 -0.061159
4.000167 -4.706912 -0.058384
3.847871 -4.757054 -0.063018
3.686707 -4.750301 -0.053459
3.530155 -4.775439 -0.054455
3.316902 -3.153972 0.394767
3.249372 -3.040196 0.427112
3.187966 -2.963239 0.448780
3.109461 -2.916686 0.461549
3.056542 -2.846335 0.480282
2.934660 -3.001724 0.435687
2.476804 -2.801590 0.462628
2.376148 -2.822954 0.448056
2.261534 -2.813804 0.438594
2.167167 -2.804116 0.430296
2.050212 -2.822281 0.411808
1.924416 -2.801732 0.399951
1.772392 -2.803284 0.378005
1.612715 -2.835761 0.346946
1.444476 -2.823194 0.322589
1.264727 -2.805508 0.295599
1.070053 -2.821549 0.258086
0.842536 -2.806344 0.218724
0.572798 -2.797379 0.168238
0.291999 -2.810237 0.110266
-0.318547 -2.932241 -0.033056
-0.394379 -2.734310 -0.022328
-0.490497 -2.592217 -0.025452
-0.549488 -2.433386 -0.020230
-0.577272 -2.220457 -0.004384
-0.654320 -2.067762 -0.007859
-0.686956 -1.902205 -0.001774
-0.737373 -1.697369 0.000942
6.787875 -1.097388 0.000912
6.797253 -1.247150 -0.006700
6.794504 -1.397259 -0.012640
6.796720 -1.549235 -0.021693
6.764295 -1.696723 -0.022683
6.747814 -1.847628 -0.029908
6.741088 -2.002909 -0.041790
6.684225 -2.145026 -0.040789
6.626658 -2.286009 -0.041169
6.558016 -2.421928 -0.039778
6.499061 -2.561480 -0.042986
6.486502 -2.682710 -0.056657
6.391586 -2.805166 -0.051492
6.325334 -2.943286 -0.057322
6.238700 -3.069228 -0.058065
6.160342 -3.201318 -0.063451
6.058240 -3.315862 -0.062070
5.964247 -3.436851 -0.065354
5.860746 -3.549850 -0.066768
5.787632 -3.639527 -0.070863
5.671322 -3.740072 -0.070104
5.557947 -3.843873 -0.072310
5.422935 -3.920095 -0.066102
5.320553 -4.040725 -0.077496
5.178547 -4.104799 -0.070656
5.067726 -4.143087 -0.063589
4.920253 -4.189957 -0.054638
4.798564 -4.285532 -0.063278
4.653955 -4.334563 -0.058621
4.515743 -4.397803 -0.060142
4.357048 -4.401635 -0.045228
4.259445 -4.468070 -0.054469
4.113551 -4.508274 -0.053598
3.970515 -4.563901 -0.058903
3.817945 -4.574011 -0.052519
3.670444 -4.616477 -0.057216
3.516531 -4.601894 -0.047141
3.319055 -3.226152 0.350093
3.249050 -3.017517 0.410829
3.187519 -2.968876 0.425286
3.187892 -1.957704 0.713357
3.109968 -2.905544 0.443318
3.055063 -2.857746 0.456365
2.814787 -2.866024 0.446730
2.710640 -2.868279 0.440559
2.629960 -2.854975 0.438933
2.537487 -2.869391 0.428048
2.449542 -2.863529 0.422045
2.368251 -2.838245 0.420840
2.252874 -2.828555 0.410942
2.160771 -2.813703 0.403771
2.049775 -2.821982 0.387587
2.898896 -1.433917 0.833685
-0.739784 -1.526615 -0.034167
-0.711795 -1.355978 -0.018710
-0.758325 -1.150162 -0.022555
6.602967 -1.092818 0.014011
6.640743 -1.236580 -0.001724
6.638546 -1.380138 -0.007643
6.624879 -1.523125 -0.011909
6.588227 -1.662395 -0.011066
6.567741 -1.804634 -0.016656
6.525056 -1.941800 -0.017255
6.492287 -2.081857 -0.022533
6.458579 -2.222691 -0.029295
6.392799 -2.351648 -0.027660
6.326711 -2.479509 -0.027462
6.296797 -2.585118 -0.034882
6.186629 -2.688669 -0.022671
6.211180 -2.871662 -0.058527
6.090542 -2.967561 -0.045809
6.021137 -3.096931 -0.052966
5.923482 -3.205690 -0.051388
5.825792 -3.313646 -0.051325
5.752794 -3.394731 -0.052463
5.639024 -3.486385 -0.048488
5.551737 -3.605963 -0.057713
5.454755 -3.717864 -0.064983
5.321777 -3.785437 -0.056821
5.215511 -3.887970 -0.063544
5.116898 -3.937868 -0.059802
4.982779 -3.997763 -0.054182
4.859867 -4.075951 -0.056680
4.716487 -4.113449 -0.047187
4.594560 -4.195345 -0.054164
4.454301 -4.235165 -0.049044
4.345399 -4.251959 -0.042248
4.208559 -4.296149 -0.041635
4.079390 -4.372361 -0.052522
3.935329 -4.393772 -0.048090
3.789946 -4.402686 -0.041602
3.646347 -4.416236 -0.038241
3.538826 -4.425799 -0.036643
3.393013 -4.383970 -0.019734
3.320040 -3.264117 0.313800
3.248785 -3.022622 0.386686
3.186914 -2.979720 0.399991
2.945329 -2.929463 0.411917
2.891399 -2.887172 0.422477
2.811883 -2.876875 0.422014
2.704014 -2.889749 0.412261
2.615297 -2.897320 0.404031
2.541071 -2.858873 0.408913
2.388855 -2.946918 0.370703
2.365397 -2.843089 0.396451
1.907316 -2.822845 0.342436
1.765127 -2.810185 0.323283
1.597970 -2.850201 0.286362
1.437252 -2.828496 0.262963
1.270160 -2.798708 0.238236
1.071903 -2.818044 0.195834
0.741010 -2.879510 0.117078
0.609393 -2.771032 0.108821
0.364327 -2.764358 0.056496
-0.096973 -2.811302 -0.054621
-0.149681 -2.660671 -0.044693
-0.227246 -2.479556 -0.038569
-0.297640 -2.337736 -0.038095
-0.330492 -2.182336 -0.028683
-0.383828 -1.993375 -0.023052
-0.424656 -1.841679 -0.020059
-0.461111 -1.648775 -0.014872
-0.443970 -1.488432 -0.000436
-0.448521 -1.333035 0.006331
-0.465860 -1.140123 0.009212
6.435637 -1.088682 0.025822
6.467905 -1.225064 0.011479
6.427283 -1.357308 0.017391
6.442492 -1.495536 0.004796
6.401692 -1.626145 0.007608
6.404719 -1.765710 -0.004747
6.396099 -1.905097 -0.015337
6.343657 -2.032849 -0.013802
6.306890 -2.165541 -0.018923
6.243630 -2.288189 -0.017034
6.165155 -2.402694 -0.011501
6.147646 -2.508318 -0.022491
6.114033 -2.647079 -0.035534
6.040320 -2.764783 -0.036318
5.942899 -2.866295 -0.029903
5.904710 -3.009584 -0.047560
5.802211 -3.106537 -0.042377
5.700468 -3.202125 -0.038765
5.663495 -3.309985 -0.053735
5.549515 -3.394036 -0.047831
5.454921 -3.497357 -0.052099
5.341269 -3.579334 -0.049144
5.227753 -3.660277 -0.047641
5.126795 -3.758946 -0.054579
5.026207 -3.796665 -0.047181
4.909426 -3.872273 -0.048335
4.778770 -3.922809 -0.042233
4.651533 -3.977289 -0.039381
4.530968 -4.046242 -0.043155
4.427232 -4.066107 -0.036327
4.301987 -4.125202 -0.039611
4.164210 -4.146348 -0.032121
4.039997 -4.215374 -0.041754
3.909270 -4.268061 -0.047622
3.802482 -4.264832 -0.039586
3.663155 -4.268032 -0.032797
3.527410 -4.298176 -0.036084
3.386472 -4.244941 -0.015233
3.110210 -2.894040 0.403912
3.058501 -2.818871 0.426376
2.941589 -2.951040 0.383225
2.896290 -2.859599 0.409393
2.785460 -2.899061 0.392260
2.706815 -2.878704 0.393585
2.616771 -2.891650 0.383294
2.257723 -2.817730 0.367812
2.151689 -2.826716 0.351669
2.011753 -2.835645 0.329604
1.890523 -2.844448 0.308925
1.740089 -2.839431 0.285665
1.609462 -2.836506 0.263735
1.457552 -2.807290 0.242605
1.249923 -2.815909 0.200485
0.940546 -2.885141 0.123065
0.679508 -2.923969 0.060011
0.601867 -2.774970 0.070693
0.299263 -2.802534 -0.003020
0.114864 -2.696964 -0.028990
-0.011695 -2.428424 -0.020464
-0.082845 -2.257114 -0.016286
-0.080377 -2.100388 0.002559
-0.173322 -1.936226 -0.004641
-0.179016 -1.786068 0.007446
6.224561 -1.856560 0.003348
6.211560 -1.989272 -0.007229
6.181881 -2.118382 -0.014107
6.089894 -2.222862 -0.001366
6.054808 -2.350087 -0.009706
5.999093 -2.431878 -0.006719
5.954106 -2.556153 -0.014694
5.908065 -2.681983 -0.024286
5.841938 -2.796929 -0.028247
5.788742 -2.922616 -0.039251
5.677059 -3.004264 -0.028416
5.622527 -3.088276 -0.033278
5.550160 -3.202559 -0.041791
5.452477 -3.293970 -0.040994
5.351019 -3.380847 -0.039968
5.242376 -3.458607 -0.036867
5.137376 -3.539982 -0.037075
5.062531 -3.606704 -0.040549
4.947903 -3.674744 -0.038353
4.827874 -3.732757 -0.034148
4.705798 -3.785011 -0.029658
4.594014 -3.856721 -0.033933
4.504561 -3.899919 -0.034355
4.374686 -3.931311 -0.027241
4.247969 -3.967290 -0.023528
4.127897 -4.023771 -0.028410
3.994020 -4.031859 -0.018714
3.906761 -4.092268 -0.030525
3.317865 -3.216441 0.277681
3.248190 -2.998660 0.348537
3.186550 -2.972715 0.357392
3.109953 -2.893513 0.382534
3.055358 -2.846194 0.396908
2.948255 -2.906570 0.375087
2.863592 -2.920696 0.367346
2.771985 -2.952401 0.352757
2.542589 -2.852552 0.366054
2.393189 -2.934875 0.326648
2.365035 -2.841703 0.350695
2.244089 -2.841461 0.335915
2.151529 -2.825986 0.327741
1.996046 -2.857717 0.296237
1.880640 -2.856745 0.278187
1.751051 -2.825257 0.264239
1.613625 -2.830933 0.238012
1.446245 -2.817600 0.209208
0.706789 -3.254627 -0.039584
0.624148 -3.139348 -0.032553
0.521042 -2.996281 -0.026406
0.594598 -2.778725 0.032250
0.388445 -2.747637 -0.011010
0.291180 -2.601731 -0.010065
-0.185289 -1.637424 -0.021903
-0.245597 -1.461707 -0.026925
-0.210138 -1.311417 -0.008887
-0.249201 -1.131701 -0.012788
6.297894 -1.084472 -0.003109
6.307989 -1.213704 -0.010968
6.268078 -1.339299 -0.004300
6.283967 -1.470846 -0.017462
6.249855 -1.595911 -0.015950
6.237748 -1.725280 -0.023409
5.828795 -2.484844 -0.003014
5.790457 -2.608339 -0.014618
5.732075 -2.721524 -0.020435
5.677616 -2.839296 -0.029855
5.582577 -2.926984 -0.024133
5.522045 -3.000710 -0.025371
5.441247 -3.099341 -0.028520
5.340309 -3.178380 -0.023945
5.266012 -3.285496 -0.033951
5.150903 -3.346940 -0.025141
5.086077 -3.418630 -0.030799
4.982676 -3.493142 -0.030745
4.866939 -3.548690 -0.024775
4.766320 -3.627451 -0.029728
4.638345 -3.657635 -0.017667
4.560379 -3.712842 -0.022155
4.444403 -3.762843 -0.020707
3.768964 -4.073593 -0.050906
3.644065 -4.125278 -0.060443
3.511424 -4.121518 -0.053057
3.378889 -4.090483 -0.038373
3.317874 -3.225531 0.249276
3.247911 -2.997528 0.326059
3.186123 -2.977269 0.333327
3.109712 -2.892738 0.361106
3.027732 -2.914930 0.352543
2.950624 -2.889403 0.358757
2.709513 -2.866628 0.353188
2.619989 -2.879509 0.342065
2.532499 -2.877596 0.334708
2.384155 -2.953950 0.295717
2.367318 -2.835917 0.329440
2.236005 -2.855092 0.306942
2.137124 -2.848701 0.294874
1.989940 -2.865677 0.267536
0.922077 -3.243623 -0.029800
0.847758 -3.129631 -0.019329
0.280942 -2.450151 -0.026382
0.201695 -2.334471 -0.030085
0.145587 -2.170606 -0.022858
0.124618 -2.032220 -0.011544
0.055221 -1.909258 -0.017359
0.053401 -1.732633 -0.000640
0.011491 -1.601418 -0.001778
0.002926 -1.429769 0.007610
-0.010955 -1.294080 0.010990
-0.054859 -1.124957 0.004924
6.181892 -1.081502 0.000162
6.158859 -1.203828 0.003385
6.136156 -1.324916 0.004900
6.158143 -1.451727 -0.010361
6.135874 -1.573614 -0.012355
6.119351 -1.696952 -0.018018
6.097528 -1.819895 -0.023594
6.038489 -1.931851 -0.017691
6.032095 -2.061478 -0.032323
5.953039 -2.164153 -0.022264
5.953786 -2.266662 -0.038062
5.886499 -2.373341 -0.035159
4.322445 -3.797625 -0.050188
4.208494 -3.852509 -0.053931
4.112250 -3.861191 -0.046015
3.990526 -3.890474 -0.043467
3.871319 -3.930442 -0.046394
3.744331 -3.931983 -0.037481
3.623268 -3.966249 -0.041719
3.498755 -3.978429 -0.039940
3.405139 -3.984115 -0.038524
3.314962 -3.146153 0.250850
3.247645 -3.007078 0.299789
3.185539 -2.986937 0.307248
3.108688 -2.902728 0.335858
2.866532 -2.902458 0.328764
2.774402 -2.939322 0.311247
2.697060 -2.908018 0.316287
2.630439 -2.847223 0.330764
2.536389 -2.866273 0.315681
2.384244 -2.952564 0.271640
2.355264 -2.859694 0.297183
1.898271 -2.831124 0.235769
1.759547 -2.813097 0.215189
1.608020 -2.835189 0.179702
0.786579 -3.006057 -0.041972
0.682986 -2.918089 -0.047540
0.582042 -2.784889 -0.045111
0.524272 -2.663647 -0.036435
2.027975 -1.706855 0.534176
0.486421 -2.532813 -0.022553
0.429812 -2.377601 -0.011626
0.389428 -2.252749 -0.003397
0.343720 -2.131065 0.001127
0.297796 -1.975427 0.008023
0.230741 -1.859719 0.001714
6.038629 -1.078066 0.015299
6.021506 -1.194738 0.016896
6.026816 -1.312926 0.009077
6.010886 -1.429526 0.006993
5.967969 -1.541142 0.012836
5.995993 -1.667511 -0.008253
5.964834 -1.782334 -0.009970
5.912788 -1.890483 -0.005649
5.877017 -2.003263 -0.008906
5.841413 -2.116672 -0.013958
5.808408 -2.199512 -0.016488
5.763776 -2.310205 -0.021157
5.685550 -2.402982 -0.014005
5.655264 -2.523353 -0.028125
5.591345 -2.624681 -0.030222
5.554181 -2.746431 -0.045970
5.495166 -2.815983 -0.045384
5.418359 -2.910040 -0.046903
5.341403 -3.004396 -0.050152
5.248401 -3.083353 -0.047156
5.159654 -3.166035 -0.047868
5.077713 -3.257353 -0.054207
4.995484 -3.300498 -0.048350
4.893952 -3.366872 -0.046299
4.789614 -3.428235 -0.043892
4.691245 -3.499011 -0.047166
4.608294 -3.536474 -0.044242
4.504656 -3.599236 -0.047043
4.389074 -3.636996 -0.041610
4.276398 -3.679473 -0.039828
4.195958 -3.722581 -0.043875
4.075016 -3.740050 -0.035618
3.961193 -3.778591 -0.036994
3.847860 -3.822809 -0.042049
3.725433 -3.823627 -0.032963
3.610317 -3.868032 -0.041314
3.517923 -3.855103 -0.032078
3.397939 -3.857870 -0.028437
3.314602 -3.143900 0.226724
3.247386 -3.027335 0.269333
2.939260 -3.261230 0.183779
2.949460 -2.892437 0.313534
2.869677 -2.885044 0.312533
2.809608 -2.878549 0.311370
2.706255 -2.875000 0.305309
2.609334 -2.908471 0.285667
2.534433 -2.870135 0.291109
2.228577 -2.866449 0.253657
2.140744 -2.840705 0.248257
2.003526 -2.843755 0.224605
1.902078 -2.825038 0.211968
1.735555 -2.840993 0.175615
1.161294 -3.232965 -0.048933
1.078402 -3.135893 -0.041865
0.957967 -3.030629 -0.043366
0.910222 -2.905344 -0.025188
0.810806 -2.822582 -0.031210
0.737183 -2.719332 -0.027961
0.660461 -2.580626 -0.020368
0.645326 -2.445002 0.001013
0.268084 -1.683357 -0.004654
0.222589 -1.562137 -0.008118
0.193597 -1.404358 -0.005724
0.191667 -1.275772 0.001044
0.198766 -1.115765 0.009995
5.906636 -1.187078 0.025341
5.895887 -1.298753 0.023376
5.913465 -1.414665 0.009495
5.844140 -1.517085 0.025633
5.862429 -1.635740 0.008030
5.843319 -1.747936 0.002446
5.803326 -1.854429 0.003063
5.774317 -1.964566 -0.002162
5.735314 -2.071553 -0.005232
5.708746 -2.153353 -0.009743
5.641647 -2.247418 -0.004400
5.575803 -2.340568 -0.000935
5.562157 -2.465037 -0.021425
5.473545 -2.543962 -0.011401
5.479318 -2.690228 -0.045656
5.404919 -2.743782 -0.036913
5.339521 -2.841318 -0.042455
5.257498 -2.924861 -0.041683
5.194766 -3.027965 -0.052744
5.104720 -3.104362 -0.051413
5.034058 -3.157640 -0.049655
4.938514 -3.226270 -0.047799
4.833857 -3.281402 -0.041624
4.724226 -3.326431 -0.033015
4.660800 -3.389243 -0.040461
4.553219 -3.435061 -0.035441
4.458714 -3.505474 -0.042411
4.342710 -3.531365 -0.032769
4.263384 -3.566466 -0.033094
4.155663 -3.608714 -0.033160
4.037977 -3.619496 -0.022708
3.929236 -3.656553 -0.024172
3.819881 -3.694111 -0.027415
3.731057 -3.689014 -0.018423
3.624119 -3.749971 -0.033200
3.506032 -3.735191 -0.021465
3.390802 -3.732225 -0.015838
3.185556 -2.967009 0.268276
3.107895 -2.905268 0.290561
2.939248 -3.258382 0.158140
2.948482 -2.896423 0.289714
2.863119 -2.915692 0.278753
2.786115 -2.888487 0.283789
2.703171 -2.884155 0.279096
2.389376 -2.938692 0.227411
2.355783 -2.856415 0.250508
2.239565 -2.845485 0.237366
2.143962 -2.834390 0.225801
1.994804 -2.855518 0.193566
1.876470 -2.858356 0.170775
1.344892 -3.214550 -0.039714
1.254702 -3.132829 -0.036518
1.179801 -3.035986 -0.027560
1.125904 -2.921964 -0.010956
1.026721 -2.849134 -0.017407
0.620634 -2.318038 -0.017646
0.539430 -2.186450 -0.019832
0.491102 -2.073111 -0.017273
0.463778 -1.920198 -0.004771
0.409731 -1.808478 -0.008171
0.390526 -1.655467 0.001956
0.384389 -1.532593 0.011095
0.362257 -1.382624 0.015090
0.349910 -1.262027 0.018124
0.368528 -1.109987 0.030717
5.891518 -1.073969 0.003577
5.777563 -1.615375 0.008660
5.743462 -1.719609 0.009200
5.720407 -1.827017 0.003802
5.677160 -1.927965 0.004716
5.619577 -2.022428 0.009912
5.614472 -2.109698 -0.002875
5.554261 -2.202389 0.000645
5.509445 -2.302675 -0.003953
5.464694 -2.404048 -0.010428
5.414957 -2.503631 -0.016607
5.378361 -2.614606 -0.031024
5.332203 -2.685557 -0.034465
5.256791 -2.769244 -0.033821
5.181892 -2.853184 -0.035070
5.106900 -2.937431 -0.038060
5.031681 -3.022459 -0.042897
4.946127 -3.052616 -0.030664
4.878433 -3.148010 -0.043333
4.767666 -3.187284 -0.030676
4.673976 -3.248185 -0.030202
4.607352 -3.299968 -0.033661
4.503613 -3.343719 -0.028522
4.410563 -3.407189 -0.033625
4.303158 -3.441269 -0.027909
4.216542 -3.449858 -0.017856
4.115569 -3.495382 -0.020039
4.010682 -3.530777 -0.019736
3.908456 -3.577446 -0.025495
3.823694 -3.581447 -0.018698
3.715155 -3.603286 -0.017598
3.313674 -3.133161 0.180428
3.246809 -3.028415 0.221364
3.185156 -2.970392 0.243838
3.106524 -2.919816 0.262592
2.857475 -3.646242 -0.016953
2.950957 -2.878618 0.273914
2.892247 -2.869654 0.274490
2.623637 -2.863463 0.256213
2.534832 -2.866637 0.245613
2.387530 -2.941617 0.201280
2.353728 -2.859531 0.225004
2.234672 -2.853277 0.209346
2.130308 -2.855783 0.191404
1.629245 -3.285934 -0.037052
1.549137 -3.198822 -0.026115
1.441568 -3.146596 -0.033099
0.946112 -2.720641 -0.041608
0.894791 -2.610893 -0.030718
0.848423 -2.500003 -0.019952
0.778090 -2.370652 -0.014463
0.747336 -2.254723 -0.002039
0.679445 -2.125478 -0.000731
0.638803 -2.016052 0.003619
0.612819 -1.901867 0.011609
5.826366 -1.072120 -0.003227
5.787867 -1.178613 0.007295
5.804721 -1.288124 -0.004993
5.795416 -1.396243 -0.008968
5.754280 -1.498931 -0.002217
5.544655 -1.962074 0.015289
5.525559 -2.068531 0.003934
5.462276 -2.155046 0.009802
5.429019 -2.256871 0.000909
5.372314 -2.346250 0.000729
5.325052 -2.441984 -0.005539
5.302674 -2.524315 -0.017882
5.242617 -2.613936 -0.021594
5.182745 -2.704722 -0.027325
5.102665 -2.778111 -0.024262
5.027020 -2.855120 -0.025110
4.982820 -2.926771 -0.034202
4.879605 -2.973128 -0.021752
4.808595 -3.057079 -0.030460
4.711232 -3.107028 -0.023896
4.637531 -3.141890 -0.019074
4.554154 -3.211112 -0.024810
4.454215 -3.252756 -0.019531
4.360207 -3.304389 -0.020488
4.286057 -3.335653 -0.019024
4.186107 -3.374182 -0.017213
4.086506 -3.413322 -0.017333
3.605538 -3.620590 -0.047915
3.494466 -3.621680 -0.042039
3.384281 -3.623912 -0.038355
3.301633 -3.614216 -0.032275
3.246524 -3.036676 0.194067
3.184928 -2.968078 0.221355
3.105966 -2.923164 0.238464
2.871271 -3.549761 -0.010941
2.788872 -2.874085 0.243627
2.704999 -2.874990 0.236478
2.538086 -3.044732 0.156868
2.539033 -2.854506 0.226923
2.388054 -2.939235 0.177096
2.325151 -2.867621 0.193552
1.834534 -3.234299 -0.014042
1.724086 -3.199985 -0.023700
1.375613 -3.044631 -0.050971
1.279839 -2.936431 -0.043161
1.209371 -2.845174 -0.036063
1.147324 -2.747958 -0.026945
1.054623 -2.675334 -0.034140
1.020443 -2.525169 -0.008318
0.968168 -2.425396 -0.001497
0.571716 -1.762114 -0.016695
0.598723 -1.637001 0.006765
0.544292 -1.502715 0.001031
0.545231 -1.358475 0.012650
0.506344 -1.247789 0.005801
0.519709 -1.104142 0.016835
5.696039 -1.069126 0.016870
5.679655 -1.171479 0.019290
5.702230 -1.276999 0.004666
5.693458 -1.380827 0.000728
5.669057 -1.482277 0.001387
5.667206 -1.588561 -0.008768
5.644811 -1.691125 -0.012327
5.612626 -1.791073 -0.013528
5.570959 -1.887550 -0.012367
3.978711 -3.427289 -0.039193
3.902351 -3.449970 -0.038913
3.796975 -3.465386 -0.033849
3.695246 -3.496877 -0.037154
3.591078 -3.518518 -0.038051
3.511781 -3.527180 -0.036743
3.405136 -3.524941 -0.030912
3.298799 -3.500681 -0.017936
3.193937 -3.514941 -0.022168
3.162649 -3.002637 0.183921
2.950939 -2.874320 0.230398
2.860038 -2.925272 0.205376
2.781229 -2.903425 0.208547
2.700665 -2.888370 0.207624
2.591160 -2.956756 0.170404
2.537409 -2.857470 0.201951
2.057280 -3.282621 -0.023356
2.225758 -2.867230 0.152792
1.614376 -3.112867 -0.050112
1.520966 -3.050935 -0.051466
1.455868 -2.956843 -0.038006
1.376272 -2.880138 -0.035075
1.273057 -2.787214 -0.035689
1.213272 -2.692810 -0.026509
0.938238 -2.313046 -0.018527
0.887169 -2.184180 -0.009160
0.829036 -2.089699 -0.010898
0.794790 -1.955130 0.000147
0.755494 -1.852767 0.002149
0.722975 -1.719643 0.008683
0.730020 -1.605899 0.024463
0.666281 -1.480411 0.014234
0.666481 -1.370144 0.023357
5.609828 -1.066976 0.022021
5.588161 -1.165395 0.026871
5.594794 -1.265413 0.018592
5.581160 -1.363954 0.016929
5.578979 -1.464743 0.008862
5.561850 -1.563521 0.005289
5.535462 -1.660261 0.003946
5.514926 -1.758965 -0.001584
5.439174 -1.838209 0.015333
5.450361 -1.922722 -0.002911
5.422907 -2.020660 -0.010243
5.376287 -2.110361 -0.010626
5.344819 -2.208549 -0.019871
5.267208 -2.280190 -0.008710
5.222748 -2.371551 -0.015214
5.211133 -2.456895 -0.032609
5.132802 -2.525922 -0.025188
5.109231 -2.640368 -0.049105
5.024091 -2.703392 -0.041300
4.959226 -2.784986 -0.046675
4.906185 -2.842444 -0.049435
4.813640 -2.894123 -0.040768
4.745891 -2.975275 -0.049915
4.658293 -3.031632 -0.047494
4.578162 -3.051490 -0.035656
4.504090 -3.127470 -0.046203
4.397449 -3.148258 -0.031628
4.340468 -3.205551 -0.041740
4.232667 -3.217505 -0.026633
4.143732 -3.268955 -0.031523
4.043221 -3.291265 -0.024982
3.972847 -3.321445 -0.027178
3.878142 -3.361368 -0.031337
3.776515 -3.375897 -0.026190
3.674700 -3.385422 -0.020677
3.601156 -3.407886 -0.024135
3.500054 -3.419932 -0.022649
3.398616 -3.428123 -0.021230
3.105312 -2.923434 0.192059
2.911667 -3.446891 -0.029067
2.950958 -2.871979 0.208516
2.712620 -3.392754 -0.017943
2.781449 -2.900879 0.186014
2.694899 -2.906609 0.176159
2.382919 -2.948241 0.122151
1.970700 -3.216720 -0.045348
1.888189 -3.147810 -0.036299
1.809351 -3.075724 -0.027149
1.701326 -3.043789 -0.039670
1.597236 -2.960219 -0.036284
1.532040 -2.873551 -0.024855
1.170111 -2.586429 -0.042581
1.177490 -2.449215 -0.005716
1.086279 -2.351010 -0.010953
1.055336 -2.246817 0.002155
1.002585 -2.126622 0.009373
0.661806 -1.233773 -0.000451
0.675466 -1.098301 0.010852
5.447398 -1.635341 0.013412
5.417712 -1.727051 0.012403
5.389005 -1.819151 0.009312
5.365700 -1.887806 0.006682
5.329886 -1.977699 0.003863
5.280436 -2.061132 0.005826
5.250976 -2.155253 -0.003522
5.189557 -2.231613 0.001087
5.151584 -2.322737 -0.007801
5.106622 -2.380437 -0.007162
5.052688 -2.461904 -0.010988
5.015463 -2.558816 -0.026229
4.969100 -2.651235 -0.038949
4.905483 -2.693880 -0.032729
4.840593 -2.770458 -0.037972
4.754738 -2.823749 -0.031431
4.680025 -2.889537 -0.033786
4.603816 -2.911468 -0.022006
4.527762 -2.974807 -0.026117
4.437588 -3.016402 -0.020735
4.372644 -3.051174 -0.019713
4.294423 -3.113990 -0.027763
4.197211 -3.138968 -0.019250
4.105610 -3.174039 -0.017368
4.035716 -3.196757 -0.015428
3.943441 -3.229161 -0.015287
3.849822 -3.257544 -0.014986
3.773844 -3.255112 -0.005367
3.295789 -3.393488 -0.032917
3.195626 -3.396845 -0.032899
3.121200 -3.381052 -0.026189
3.022595 -3.365673 -0.021141
2.920723 -3.377902 -0.029602
2.946801 -2.895817 0.175244
2.865676 -2.893656 0.171503
2.618116 -2.874394 0.157041
2.546282 -2.832002 0.165298
2.232957 -3.219159 -0.032363
2.136348 -3.184592 -0.034639
2.048887 -3.131711 -0.030088
1.936543 -3.070965 -0.029392
1.866996 -2.992252 -0.015709
1.451313 -2.803606 -0.055035
1.410002 -2.697839 -0.034567
1.357741 -2.605758 -0.023007
1.272495 -2.508471 -0.021917
1.256025 -2.394248 0.002593
1.194976 -2.313154 0.002874
0.949086 -1.922586 -0.001713
0.887004 -1.807529 -0.005774
0.861822 -1.679940 0.002910
0.843497 -1.578266 0.008529
0.802824 -1.454906 0.005973
0.814519 -1.348984 0.019561
0.795289 -1.222328 0.020658
0.814759 -1.093696 0.034162
5.508500 -1.064017 0.007392
5.487223 -1.158224 0.012666
5.499319 -1.254540 0.001885
5.470230 -1.346791 0.007294
5.468724 -1.442925 -0.001001
5.442129 -1.534681 0.000069
5.032995 -2.326495 0.004396
4.973049 -2.398288 0.005224
4.922256 -2.477778 -0.000866
4.875893 -2.530781 -0.001843
4.841098 -2.628922 -0.021623
4.768158 -2.691003 -0.019874
4.692610 -2.749546 -0.017861
4.639934 -2.798161 -0.020181
4.541156 -2.824362 -0.003459
4.477580 -2.898458 -0.014737
4.413730 -2.930503 -0.011633
3.681896 -3.291289 -0.040150
3.585610 -3.307320 -0.038981
3.487595 -3.308238 -0.032817
3.390839 -3.316076 -0.031454
3.317402 -3.296542 -0.020366
3.221262 -3.306329 -0.022845
3.125869 -3.285105 -0.013389
3.032792 -3.254215 -0.001347
2.642437 -3.256192 -0.025504
2.596717 -3.155316 0.012624
2.608336 -2.901848 0.120239
2.539135 -2.849214 0.133274
2.270316 -3.136798 -0.023255
2.186871 -3.084894 -0.016568
1.774984 -2.945263 -0.049640
1.702329 -2.873721 -0.042453
1.633130 -2.799484 -0.035238
1.545670 -2.709066 -0.029728
1.472284 -2.640111 -0.029318
1.442891 -2.533533 -0.006364
1.156626 -2.188669 -0.010481
1.122789 -2.093695 -0.001595
1.062900 -1.984338 -0.001159
1.047696 -1.883288 0.011793
0.992745 -1.771708 0.009615
1.007361 -1.664451 0.030953
0.930976 -1.557418 0.015109
5.391021 -1.061435 0.031094
5.375364 -1.151037 0.034289
5.398447 -1.243734 0.018632
5.369951 -1.331773 0.024316
5.369047 -1.423685 0.015973
5.333002 -1.508878 0.021947
5.339898 -1.604595 0.006523
5.316661 -1.693473 0.003238
5.274395 -1.775809 0.007328
5.257369 -1.842862 0.002307
5.208905 -1.921584 0.006715
5.180921 -2.009671 -0.000673
5.144340 -2.094400 -0.005585
5.099218 -2.174824 -0.007848
5.063282 -2.234013 -0.009564
4.323189 -2.962358 -0.031489
4.246246 -3.018268 -0.037508
4.151011 -3.036729 -0.026226
4.093452 -3.080881 -0.034068
3.997169 -3.091568 -0.022316
3.912549 -3.132632 -0.027075
3.845541 -3.153565 -0.026981
3.750153 -3.156866 -0.016812
3.661485 -3.186573 -0.020715
3.568848 -3.196674 -0.017208
3.500927 -3.215562 -0.020861
3.407651 -3.218766 -0.017157
2.938798 -3.240655 -0.026608
2.945412 -2.899925 0.126084
2.892915 -2.854566 0.143171
2.765866 -2.958732 0.087336
2.693298 -2.907514 0.102705
2.108187 -3.024838 -0.036209
2.016312 -2.989172 -0.040992
1.940645 -2.927190 -0.033904
1.864898 -2.866549 -0.029084
1.773171 -2.787806 -0.023710
1.397062 -2.443605 -0.023772
1.350963 -2.327221 -0.006896
1.278993 -2.258716 -0.013751
1.257991 -2.131403 0.009695
1.212043 -2.047983 0.011784
0.927799 -1.431564 -0.001464
0.940117 -1.330945 0.012600
0.894758 -1.213039 0.002262
0.914266 -1.089658 0.016199
5.204714 -1.749593 0.014346
5.158952 -1.802444 0.024017
5.112362 -1.877108 0.028612
5.090995 -1.963544 0.018693
5.065650 -2.049721 0.008823
5.004365 -2.115651 0.016484
4.992417 -2.186551 0.002447
4.930265 -2.251080 0.007941
4.898447 -2.338398 -0.005902
4.842123 -2.407812 -0.007264
4.798018 -2.458360 -0.008257
4.747290 -2.534183 -0.016491
4.703491 -2.619851 -0.031968
4.627605 -2.671751 -0.027350
4.574124 -2.714206 -0.027296
4.497680 -2.763783 -0.024628
4.427857 -2.822746 -0.029033
4.363616 -2.848733 -0.023251
4.284297 -2.892496 -0.022208
4.200829 -2.927937 -0.018493
4.127476 -2.930489 -0.004488
4.054807 -2.987466 -0.014994
3.969786 -3.016665 -0.012930
3.901533 -3.024533 -0.005587
3.313230 -3.185296 -0.025941
3.221631 -3.205553 -0.033581
3.154620 -3.153979 -0.009422
3.064499 -3.151032 -0.009240
2.973184 -3.154518 -0.013739
2.890225 -3.101718 0.006386
2.608108 -2.899692 0.071391
2.533149 -2.862089 0.077727
2.339296 -3.040266 -0.028996
2.259675 -2.991395 -0.022199
2.182637 -2.939341 -0.015316
2.066078 -2.908484 -0.027157
1.721199 -2.700580 -0.035626
1.648210 -2.639128 -0.035479
1.585414 -2.567384 -0.030614
1.538997 -2.451349 -0.008583
1.492807 -2.369264 0.000877
1.183113 -1.930008 -0.002519
1.159855 -1.838041 0.006161
1.107210 -1.732355 0.003566
1.086723 -1.640405 0.009464
1.069453 -1.524235 0.018002
1.047190 -1.409971 0.021564
5.291090 -1.058660 0.023550
5.233326 -1.141610 0.046951
5.288229 -1.231510 0.015876
5.255308 -1.314231 0.024462
5.270629 -1.404234 0.008459
5.240737 -1.486552 0.012394
5.227956 -1.572703 0.006400
5.211059 -1.658502 0.000654
3.813566 -3.041412 -0.027407
3.725394 -3.053984 -0.021919
3.645028 -3.103430 -0.036216
3.572143 -3.073141 -0.015171
3.485709 -3.089699 -0.016376
3.398507 -3.103021 -0.017678
3.331771 -3.089602 -0.008544
3.244374 -3.110698 -0.016488
2.863752 -2.895359 0.074593
2.787256 -2.869021 0.080397
2.694633 -2.899860 0.056603
2.612275 -2.886004 0.052921
2.467708 -2.968497 -0.004650
2.002191 -2.835282 -0.040691
1.926932 -2.781705 -0.038370
1.860721 -2.716828 -0.031109
1.769901 -2.646070 -0.030561
1.728880 -2.556672 -0.011132
1.467143 -2.273359 -0.007803
1.412157 -2.173593 -0.000216
1.373732 -2.091253 0.006640
1.318805 -1.992789 0.009089
1.297604 -1.903441 0.020395
1.054104 -1.314562 0.005713
1.046971 -1.199646 0.010989
1.045356 -1.084845 0.015956
5.133080 -1.461200 0.039653
5.146750 -1.549825 0.020886
5.125832 -1.630606 0.017671
5.091462 -1.706886 0.019726
5.071702 -1.766191 0.017091
5.031480 -1.839422 0.019499
5.002248 -1.917674 0.014367
4.969496 -1.994883 0.009353
4.924203 -2.065275 0.009692
4.909304 -2.130640 -0.002351
4.853848 -2.194863 0.000932
4.811922 -2.269084 -0.005721
4.776392 -2.322254 -0.009469
4.712914 -2.379311 -0.005465
4.665489 -2.451551 -0.014027
4.607322 -2.514291 -0.017210
4.572708 -2.572434 -0.027749
4.505489 -2.626686 -0.027792
4.438943 -2.682038 -0.030169
4.387709 -2.722156 -0.032127
4.300089 -2.745102 -0.018365
4.227732 -2.790900 -0.019868
4.177211 -2.833066 -0.026381
4.091953 -2.854056 -0.017007
4.016402 -2.894838 -0.020215
3.951693 -2.905361 -0.013044
3.870106 -2.929644 -0.010510
3.787713 -2.950294 -0.007821
3.728926 -2.977243 -0.012744
3.647917 -3.006273 -0.017153
3.157047 -3.080583 -0.028239
3.071743 -3.057125 -0.018006
2.986344 -3.045345 -0.015180
2.901698 -3.029752 -0.012155
2.862070 -2.901623 0.046847
2.381299 -2.944218 -0.034934
2.303212 -2.902078 -0.030575
2.229769 -2.852117 -0.023600
2.087873 -2.748031 -0.011951
1.699864 -2.459281 -0.013873
1.636620 -2.396957 -0.014019
1.578687 -2.301757 -0.003817
1.551884 -2.213076 0.013190
1.266097 -1.795228 0.002594
1.222967 -1.716207 -0.000955
1.206729 -1.604872 0.010391
1.190968 -1.495081 0.019022
1.174181 -1.408793 0.021973
1.172996 -1.298248 0.032319
1.145295 -1.191246 0.027888
5.176098 -1.055731 0.027507
5.181943 -1.137580 0.021046
5.173675 -1.218942 0.019906
5.167486 -1.300629 0.016076
5.167715 -1.384019 0.007304
4.696352 -2.254186 0.017403
4.662673 -2.332711 0.003078
4.606170 -2.391758 0.002273
4.547804 -2.419082 0.012394
4.494118 -2.480668 0.006792
4.443722 -2.548059 -0.003783
4.397229 -2.588824 -0.006180
3.558468 -2.990374 -0.026746
3.474897 -3.001256 -0.025459
3.410254 -2.986537 -0.014026
3.325947 -2.964517 0.000848
3.243787 -2.995796 -0.012840
3.181990 -2.971880 -0.000350
2.782209 -2.885883 0.022447
2.700687 -2.876121 0.018253
2.609179 -2.892215 -0.001301
2.519255 -2.893893 -0.015419
2.434442 -2.876802 -0.021592
2.606740 -2.232150 0.305609
2.018816 -2.693548 -0.033991
1.935700 -2.623281 -0.028730
1.890311 -2.543716 -0.011183
1.823819 -2.489474 -0.011428
1.471989 -2.033804 0.006112
1.415746 -1.966741 0.000340
1.395849 -1.857747 0.017511
1.153913 -1.080753 0.010819
5.069449 -1.286108 0.041047
5.090778 -1.369191 0.021589
5.057560 -1.442869 0.028719
5.046498 -1.521297 0.022643
5.021892 -1.596304 0.022080
5.005664 -1.653331 0.019374
4.984941 -1.730199 0.013736
4.941627 -1.797704 0.019039
4.923419 -1.876898 0.008430
4.883305 -1.945711 0.008662
4.868415 -2.006424 -0.001402
4.826708 -2.075126 -0.003346
4.773706 -2.135986 0.000164
4.734173 -2.206789 -0.006669
4.326113 -2.630524 -0.028537
4.258877 -2.677853 -0.030449
4.204694 -2.707320 -0.029305
4.126693 -2.735215 -0.022629
4.052212 -2.768497 -0.020986
3.995055 -2.790207 -0.019046
3.916560 -2.812447 -0.014259
3.842161 -2.845305 -0.017081
3.779888 -2.849377 -0.009088
3.703494 -2.876050 -0.011471
3.626735 -2.904066 -0.016160
3.564175 -2.899641 -0.007324
3.099517 -2.965287 -0.023542
3.019099 -2.944569 -0.015428
2.936932 -2.940850 -0.017815
2.858953 -2.912835 -0.009232
2.780332 -2.891664 -0.005863
2.367732 -2.818047 -0.033129
2.297552 -2.770998 -0.026081
2.209200 -2.715032 -0.021143
2.138671 -2.670369 -0.019146
1.793036 -2.399756 -0.014975
1.722255 -2.322280 -0.012289
1.684967 -2.244925 0.000134
1.647214 -2.169840 0.009929
1.384224 -1.770394 0.005339
1.325082 -1.679981 -0.003179
1.315430 -1.572680 0.010940
1.275277 -1.474545 0.006971
1.274728 -1.388956 0.017435
1.274203 -1.283742 0.027984
5.082886 -1.053240 0.025109
5.073208 -1.130280 0.026655
5.086048 -1.209165 0.014791
4.702239 -2.083755 0.021961
4.685000 -2.142833 0.009728
4.633127 -2.200123 0.011115
4.578790 -2.254864 0.012740
4.546567 -2.304072 0.006593
4.480587 -2.346772 0.014270
4.443340 -2.421159 -0.002519
4.384999 -2.441998 0.008524
4.332446 -2.500681 0.000508
4.268025 -2.544189 0.001117
4.229196 -2.591908 -0.009031
3.484813 -2.915961 -0.034199
3.402768 -2.903829 -0.022204
3.322584 -2.897364 -0.015016
3.263214 -2.912704 -0.021457
3.184361 -2.879151 -0.002910
3.104957 -2.888191 -0.008613
2.708352 -2.846926 -0.016887
2.631457 -2.823945 -0.015773
2.551887 -2.807220 -0.019909
2.476907 -2.777325 -0.018462
2.072864 -2.618047 -0.040429
2.013034 -2.559681 -0.033014
1.983388 -2.467887 -0.004286
1.901597 -2.407629 -0.007022
1.618454 -2.065311 0.004937
2.607267 -1.405198 0.605147
1.570568 -1.999634 0.004069
1.524766 -1.909236 0.008803
1.497761 -1.810526 0.021137
1.278189 -1.179040 0.012453
1.282328 -1.076239 0.019878
4.993307 -1.274304 0.033193
4.979218 -1.347507 0.032488
4.972284 -1.422348 0.026212
4.967021 -1.498560 0.017237
4.938462 -1.568668 0.019585
4.908543 -1.617885 0.025202
4.884546 -1.688749 0.022230
4.857198 -1.758520 0.019521
4.840490 -1.834097 0.008601
4.797733 -1.896945 0.011756
4.775425 -1.949555 0.006957
4.744737 -2.020082 -0.000573
4.163237 -2.634661 -0.035637
4.081335 -2.647361 -0.020290
4.036914 -2.689181 -0.029889
3.958358 -2.704216 -0.019495
3.879943 -2.715538 -0.008962
3.832774 -2.755299 -0.020430
3.756289 -2.769885 -0.014899
3.680795 -2.785773 -0.011898
3.623519 -2.793793 -0.008604
3.548177 -2.808123 -0.007743
3.029799 -2.847548 -0.014352
2.971739 -2.842057 -0.014470
2.898652 -2.810787 -0.002965
2.823018 -2.796460 -0.002405
2.414223 -2.720716 -0.028684
2.343105 -2.684866 -0.027004
2.278828 -2.637272 -0.019830
2.217072 -2.587110 -0.012544
1.877629 -2.318038 -0.006172
1.816236 -2.266734 -0.009529
1.768473 -2.178110 0.003669
1.478238 -1.731434 0.005017
1.455602 -1.634199 0.014427
1.427808 -1.539565 0.018222
1.404250 -1.464171 0.018654
1.420397 -1.360911 0.040343
4.969918 -1.050538 0.037390
4.986188 -1.124315 0.025102
4.983734 -1.197999 0.021380
4.631654 -2.031908 0.021948
4.607824 -2.082384 0.014985
4.558606 -2.136539 0.016474
4.510760 -2.191679 0.015381
4.476814 -2.235101 0.011900
4.420894 -2.282542 0.014184
4.376223 -2.342641 0.005328
4.330111 -2.373497 0.008257
4.274380 -2.421673 0.005619
4.231455 -2.456711 0.003423
4.160766 -2.482886 0.012830
3.472022 -2.818760 -0.031205
3.412954 -2.804708 -0.019051
3.337590 -2.814196 -0.020219
3.261599 -2.804983 -0.012654
3.205424 -2.787549 -0.002247
2.746334 -2.783253 -0.029064
2.678411 -2.742690 -0.016882
2.607712 -2.713704 -0.012973
2.534554 -2.691040 -0.014501
2.157581 -2.534065 -0.030132
2.110486 -2.467337 -0.014340
2.042459 -2.398617 -0.006400
1.745351 -2.097335 -0.003048
1.717887 -2.022996 0.009623
1.679619 -1.934799 0.019890
1.627770 -1.854966 0.019054
1.410051 -1.264246 0.021108
1.384123 -1.169653 0.015584
1.419578 -1.071622 0.039110
4.899069 -1.331742 0.030427
4.877805 -1.399782 0.032689
4.873356 -1.471988 0.023526
4.841165 -1.536649 0.029000
4.841195 -1.593111 0.017597
4.804045 -1.655420 0.023309
4.778128 -1.721833 0.020593
4.762797 -1.794008 0.009371
4.721888 -1.853697 0.012714
4.705197 -1.906491 0.004926
4.659283 -1.962782 0.008820
4.102023 -2.527368 -0.015641
4.052722 -2.551956 -0.014340
3.994682 -2.600650 -0.024248
3.921978 -2.618940 -0.016442
3.866060 -2.627234 -0.008522
3.806031 -2.677280 -0.023357
3.747564 -2.675948 -0.011963
3.678523 -2.701457 -0.014741
3.604932 -2.708625 -0.008363
3.130318 -2.787093 -0.026891
3.058759 -2.753320 -0.009876
2.984642 -2.751401 -0.012759
2.912372 -2.736063 -0.009639
2.472910 -2.641651 -0.026310
2.414468 -2.590574 -0.013467
2.353885 -2.546186 -0.006248
2.002658 -2.328325 -0.015058
1.952126 -2.271969 -0.010345
1.899260 -2.193054 0.000422
1.870586 -2.120301 0.016178
1.629429 -1.769827 0.017928
1.571110 -1.693042 0.008313
1.545324 -1.602437 0.015104
1.539196 -1.526136 0.026626
1.506486 -1.438629 0.024565
4.883697 -1.048322 0.039405
4.904935 -1.118751 0.023889
4.897589 -1.188522 0.023127
4.877561 -1.256492 0.028102
4.404226 -2.163385 0.023811
4.365149 -2.222563 0.014401
4.266216 -2.293828 0.020153
3.548244 -2.704075 -0.022830
3.478738 -2.730017 -0.030625
3.402457 -2.698494 -0.006190
3.350013 -2.716592 -0.013618
3.277984 -2.708192 -0.005903
2.845373 -2.697511 -0.018663
2.790762 -2.690450 -0.021305
2.723367 -2.661605 -0.014640
2.659352 -2.625348 -0.005026
2.298149 -2.494571 -0.020051
2.230424 -2.431172 -0.009276
2.184189 -2.371919 0.003969
1.832873 -2.055863 -0.000432
1.796523 -1.970236 0.012973
1.783116 -1.893936 0.031441
1.522826 -1.340402 0.022990
1.493491 -1.252282 0.017330
1.498855 -1.159690 0.028073
1.523937 -1.067960 0.046756
4.780669 -1.445759 0.033478
4.764160 -1.511203 0.030296
4.750506 -1.560088 0.027592
4.724291 -1.622452 0.027614
4.690615 -1.681369 0.030909
4.676817 -1.749779 0.019405
4.641808 -1.788781 0.026183
4.631213 -1.861210 0.008950
4.574815 -1.906195 0.022074
4.559659 -1.957676 0.011380
4.515671 -2.010107 0.012947
4.477213 -2.066944 0.008608
4.455102 -2.116186 -0.001405
4.319635 -2.249698 -0.002919
4.216807 -2.343249 -0.008682
4.170640 -2.368216 -0.004941
4.103924 -2.392283 0.004932
4.071517 -2.438795 -0.008965
4.000376 -2.453089 0.004410
3.962132 -2.492071 -0.005998
3.895958 -2.513871 -0.000960
3.832827 -2.541974 -0.001819
3.786278 -2.565838 -0.005303
3.719231 -2.583741 -0.002506
3.659080 -2.627478 -0.017491
3.206708 -2.691221 -0.018447
3.136253 -2.686213 -0.016067
3.085665 -2.659882 -0.001857
3.015509 -2.659210 -0.005031
2.593467 -2.595145 -0.024650
2.529391 -2.562728 -0.020474
2.473909 -2.514225 -0.007312
2.033951 -2.191523 0.006428
1.737395 -1.816818 0.009573
1.714310 -1.729456 0.022601
1.683820 -1.665841 0.023409
4.793337 -1.046126 0.047614
4.819400 -1.113016 0.028680
4.792377 -1.177242 0.040154
4.792878 -1.243633 0.033337
4.790046 -1.310283 0.026843
4.784484 -1.377150 0.020293
3.601071 -2.610494 -0.022197
3.534335 -2.629203 -0.024604
3.482330 -2.632358 -0.020729
3.412369 -2.626384 -0.010814
3.344826 -2.641056 -0.015387
2.948538 -2.635075 -0.019143
2.883486 -2.608666 -0.009860
2.812366 -2.608198 -0.018507
2.752852 -2.566393 -0.002765
2.428366 -2.450432 -0.008516
2.359233 -2.397931 -0.000656
2.310312 -2.347878 0.009826
2.007667 -2.119745 0.002432
1.973620 -2.058066 0.012892
1.924163 -1.987852 0.017838
1.673152 -1.575632 0.015563
1.657573 -1.489668 0.024956
1.631588 -1.407218 0.025360
1.614375 -1.322563 0.028338
1.600996 -1.237290 0.030907
4.645245 -1.589831 0.035196
4.635735 -1.655774 0.023130
4.591774 -1.706087 0.033118
4.580051 -1.754386 0.024663
4.553671 -1.813834 0.019350
4.511966 -1.863983 0.023656
4.489900 -1.907643 0.018877
4.451999 -1.960236 0.017458
4.415612 -2.014382 0.013032
4.391424 -2.058321 0.005771
4.336028 -2.095820 0.014387
4.311607 -2.140781 0.004601
4.256500 -2.177432 0.010567
4.203130 -2.215060 0.013690
4.173090 -2.256130 0.004659
4.110712 -2.281107 0.014695
4.077422 -2.319270 0.006175
4.018161 -2.347518 0.010490
3.974641 -2.369738 0.011776
3.920033 -2.406119 0.007253
3.870439 -2.415350 0.015428
3.818788 -2.460721 0.002059
3.752829 -2.471222 0.010851
3.291713 -2.597280 -0.009090
3.224988 -2.596503 -0.007139
3.158730 -2.587604 -0.001784
3.110116 -2.572224 0.006601
2.692447 -2.531204 -0.015865
2.632551 -2.498663 -0.008828
2.595939 -2.456960 0.007168
2.263869 -2.295579 -0.002409
2.210753 -2.253765 -0.000785
2.179503 -2.187871 0.018942
1.904377 -1.918036 0.011180
1.862081 -1.845082 0.015804
1.844833 -1.777947 0.028808
1.621632 -1.148721 0.027621
1.626307 -1.063958 0.035303
4.723077 -1.169573 0.039267
4.728619 -1.233721 0.029259
4.701827 -1.293189 0.038339
4.706558 -1.358533 0.025409
4.689207 -1.419556 0.025134
4.664338 -1.478153 0.028252
4.674962 -1.532144 0.009743
3.705095 -2.482708 -0.008704
3.644239 -2.506592 -0.011952
3.590168 -2.490385 0.007194
3.531291 -2.523096 -0.004849
3.467369 -2.533751 -0.003974
3.044046 -2.567290 -0.016288
2.980134 -2.550131 -0.010176
2.918425 -2.525365 -0.000754
2.522728 -2.416933 -0.010855
2.492947 -2.368506 0.008541
2.419914 -2.332156 0.007107
2.125936 -2.123598 0.004460
1.818519 -1.697858 0.016541
1.787199 -1.621658 0.020530
1.769183 -1.540862 0.030415
1.750376 -1.461410 0.036928
4.709096 -1.043646 0.034449
4.710136 -1.105606 0.030619
4.472912 -1.764578 0.036334
4.437485 -1.814117 0.037661
4.428892 -1.863859 0.023134
4.381284 -1.904953 0.031379
4.360921 -1.947554 0.023732
4.324774 -1.997816 0.019416
4.282825 -2.021782 0.028454
4.252975 -2.079090 0.015030
4.200628 -2.113469 0.021195
4.168159 -2.146732 0.018055
4.113255 -2.176549 0.024739
4.072466 -2.198554 0.028711
4.034201 -2.251979 0.013388
3.986148 -2.262348 0.024287
3.936533 -2.299565 0.019173
3.414491 -2.501062 -0.000193
3.352637 -2.520768 -0.008416
3.304120 -2.502972 0.005807
3.241339 -2.498081 0.010847
2.860635 -2.487973 -0.007073
2.826369 -2.434653 0.021538
2.742034 -2.439756 0.003390
2.387131 -2.264170 0.011189
2.352801 -2.204305 0.031358
2.011491 -1.942149 0.008373
1.988262 -1.860881 0.028604
1.748902 -1.394348 0.026551
1.722321 -1.317732 0.023262
1.708943 -1.238120 0.025695
1.719065 -1.156303 0.039970
4.624684 -1.339082 0.036751
4.608253 -1.396696 0.036559
4.593683 -1.454873 0.033438
4.586358 -1.500012 0.027418
4.553680 -1.551887 0.034266
4.540924 -1.611793 0.025085
4.514789 -1.649393 0.029273
4.493147 -1.706000 0.023546
3.889871 -2.309817 0.005721
3.831526 -2.329229 0.010991
3.785208 -2.377309 -0.006457
3.733998 -2.372432 0.009226
3.678081 -2.397873 0.005493
3.631720 -2.402669 0.011713
3.584208 -2.400658 0.021633
3.179938 -2.465640 0.010552
3.133896 -2.465666 0.009538
3.071962 -2.467328 0.005612
2.707364 -2.396540 0.000986
2.653216 -2.364993 0.008215
2.582640 -2.333158 0.009486
2.916566 -1.610879 0.535738
2.290827 -2.180788 -0.001692
2.928104 -1.377522 0.669487
2.247005 -2.111972 0.015992
1.965321 -1.800223 0.017036
1.946045 -1.721740 0.033949
1.904680 -1.656052 0.031857
1.732908 -1.075717 0.031872
4.620925 -1.041660 0.049975
4.631662 -1.100439 0.039651
4.630087 -1.159241 0.035998
4.621481 -1.217445 0.035491
4.600469 -1.273369 0.041925
3.527077 -2.422976 -0.005905
3.464394 -2.414859 0.007997
3.418221 -2.407302 0.018219
3.359257 -2.412820 0.019492
3.014979 -2.432001 0.003240
2.957968 -2.409256 0.012821
2.899043 -2.397934 0.012802
2.541375 -2.279239 0.008141
2.483453 -2.257518 0.002807
2.182520 -2.002168 0.019388
2.131577 -1.945988 0.021036
1.895044 -1.592362 0.023185
1.887101 -1.513989 0.039546
1.850607 -1.446388 0.033412
4.476751 -1.520260 0.049118
4.469638 -1.578877 0.036345
4.440218 -1.612112 0.044197
4.428525 -1.670148 0.031639
4.393236 -1.715751 0.036196
4.363771 -1.747573 0.041224
4.356599 -1.811864 0.019128
4.308756 -1.830134 0.038115
4.292593 -1.890385 0.019925
4.255251 -1.934555 0.018837
4.222464 -1.963230 0.021551
4.188235 -2.010871 0.014276
4.149728 -2.033191 0.020862
4.117733 -2.085067 0.007398
4.074266 -2.100515 0.017787
4.026951 -2.133769 0.018494
3.998225 -2.168952 0.009249
3.940581 -2.186231 0.020531
3.902233 -2.206245 0.021840
3.850276 -2.231061 0.023585
3.812331 -2.251707 0.022200
3.762177 -2.281061 0.017606
3.313694 -2.395232 0.013018
3.255466 -2.405305 0.008115
3.197361 -2.388996 0.020101
2.845912 -2.364901 0.004842
2.784311 -2.361969 -0.004741
2.751727 -2.321375 0.015298
2.447634 -2.200605 0.002014
2.398155 -2.166795 0.003237
2.365192 -2.112326 0.020887
2.108128 -1.887011 0.013591
2.078888 -1.816494 0.027961
2.037277 -1.755422 0.029192
1.855001 -1.366615 0.030952
1.839338 -1.293739 0.033621
1.817399 -1.221609 0.029521
1.822923 -1.145959 0.041053
4.544567 -1.205907 0.047567
4.533669 -1.260367 0.047500
4.534497 -1.317438 0.037262
4.514380 -1.370026 0.040649
4.505249 -1.410974 0.037739
4.494374 -1.466415 0.031355
3.712051 -2.271178 0.016258
3.664841 -2.309176 0.002010
3.617304 -2.300344 0.018619
3.561673 -2.311007 0.022155
3.524446 -2.339272 0.008726
3.140097 -2.374067 0.008146
3.097911 -2.363411 0.013841
3.041548 -2.353922 0.016590
2.686928 -2.285572 0.001729
2.652883 -2.255493 0.012258
3.009312 -1.489402 0.610641
2.324213 -2.047123 0.017791
2.267925 -2.021872 0.005750
2.035407 -1.688456 0.031558
2.004328 -1.623375 0.035636
1.836812 -1.070866 0.034137
4.533995 -1.039352 0.048445
4.535053 -1.093955 0.044699
4.533744 -1.148703 0.041025
4.199591 -1.865812 0.040108
4.169837 -1.912337 0.032428
4.137756 -1.938098 0.035474
4.101018 -1.978609 0.031729
4.078855 -2.015878 0.021391
4.021110 -2.031364 0.038961
3.462519 -2.316989 0.012554
3.421845 -2.328346 0.009350
3.365325 -2.325004 0.017347
3.323167 -2.318048 0.025490
2.984710 -2.345586 -0.004663
2.933872 -2.312908 0.012116
2.880296 -2.295976 0.015543
2.611800 -2.209008 0.008936
2.549414 -2.175208 0.010121
2.264060 -1.944359 0.022560
2.212311 -1.895664 0.020613
1.989818 -1.550888 0.028464
1.969977 -1.482558 0.035384
1.939734 -1.417903 0.032012
4.413003 -1.437005 0.053430
4.396430 -1.487013 0.050587
4.386117 -1.540177 0.040888
4.370808 -1.577117 0.038619
4.360264 -1.632067 0.025617
4.310708 -1.665292 0.044526
4.290852 -1.699696 0.042822
4.277542 -1.755154 0.026873
4.243207 -1.779816 0.036172
4.228768 -1.836994 0.017240
3.987501 -2.054128 0.019432
3.949917 -2.095429 0.009690
3.909574 -2.108057 0.017939
3.866457 -2.141998 0.012226
3.820886 -2.142805 0.028014
3.777527 -2.176772 0.019467
3.733960 -2.177974 0.032146
3.700755 -2.203134 0.024159
3.267664 -2.309254 0.013617
3.213517 -2.289416 0.029405
3.158640 -2.304049 0.017635
2.845134 -2.266814 0.008479
2.795490 -2.241719 0.015623
2.513826 -2.125414 0.007369
2.478283 -2.079529 0.022018
2.439574 -2.039896 0.029877
2.201675 -1.831569 0.024444
2.170839 -1.768839 0.035789
1.963444 -1.338483 0.044255
1.935042 -1.273990 0.036724
1.923489 -1.205587 0.038848
4.454709 -1.192261 0.053063
4.448954 -1.243786 0.049670
4.454697 -1.298248 0.035638
4.431028 -1.346320 0.042872
4.440392 -1.390068 0.025736
3.651699 -2.226454 -0.000451
3.605371 -2.213464 0.020353
3.554551 -2.228407 0.020332
3.514030 -2.229221 0.027457
3.460903 -2.230823 0.034967
3.120625 -2.270521 0.020550
3.067416 -2.266916 0.019607
2.727360 -2.225368 -0.011225
2.706574 -2.172003 0.020420
2.421139 -1.977058 0.038183
2.361499 -1.943517 0.029077
2.135695 -1.709520 0.019659
2.115657 -1.642742 0.034158
2.084408 -1.598121 0.030958
1.934265 -1.134673 0.033448
1.933731 -1.066382 0.038160
4.448345 -1.037171 0.051445
4.440170 -1.087692 0.054866
4.457453 -1.140198 0.036927
4.193525 -1.741784 0.043646
4.169751 -1.787846 0.035130
4.138513 -1.811410 0.041323
4.123087 -1.849134 0.029871
4.080743 -1.879281 0.036556
4.055932 -1.908790 0.032774
4.020133 -1.945708 0.029154
3.981358 -1.958737 0.040282
3.958899 -2.014317 0.015685
3.910836 -2.012871 0.038212
3.875589 -2.028445 0.043013
3.422705 -2.241411 0.011494
3.368365 -2.224978 0.030392
3.330566 -2.236821 0.024321
3.015073 -2.255190 0.002320
2.981402 -2.222733 0.022912
2.912757 -2.226934 0.008625
2.664251 -2.136366 0.011261
2.623948 -2.100165 0.022497
2.294017 -1.842100 0.028334
2.087859 -1.522488 0.038564
2.055947 -1.464208 0.035071
4.328448 -1.406221 0.063079
4.334404 -1.461181 0.041959
4.309188 -1.490992 0.050447
4.289878 -1.536555 0.048014
4.280736 -1.587931 0.034583
4.251808 -1.614612 0.043514
4.242065 -1.667442 0.027038
4.214646 -1.694569 0.032603
3.831014 -2.052372 0.024585
3.796836 -2.068758 0.026308
3.756628 -2.101568 0.017312
3.711862 -2.094414 0.037689
3.677965 -2.110267 0.036617
3.633252 -2.133458 0.032073
3.278103 -2.219492 0.020464
3.239998 -2.205356 0.032894
3.189184 -2.216452 0.024010
2.882203 -2.190357 0.009658
2.837015 -2.163053 0.020345
2.982263 -1.438147 0.594305
2.572354 -2.058454 0.010610
2.549594 -2.000707 0.039817
2.912203 -1.452564 0.555119
2.273082 -1.774528 0.030468
2.252250 -1.726204 0.041674
2.044904 -1.397919 0.025050
2.045465 -1.330240 0.041845
2.031242 -1.267404 0.044251
4.370914 -1.179566 0.059714
4.374553 -1.229175 0.048995
4.358414 -1.275445 0.052911
4.353507 -1.324289 0.045853
4.358673 -1.364091 0.031857
3.596194 -2.141289 0.015417
3.548445 -2.156065 0.015213
3.507118 -2.143993 0.033545
3.460884 -2.163356 0.026461
3.141286 -2.179317 0.032090
3.091311 -2.181151 0.027264
2.791955 -2.136829 0.007932
2.757625 -2.089651 0.033535
2.978479 -1.474612 0.558827
2.223026 -1.668778 0.029690
2.208410 -1.604534 0.048061
2.032001 -1.188939 0.037122
2.042528 -1.124298 0.052807
2.032967 -1.061967 0.050377
4.364181 -1.035122 0.058889
4.360740 -1.082359 0.058913
4.382196 -1.131884 0.036703
4.136793 -1.698230 0.041627
4.111883 -1.724074 0.044219
4.074975 -1.754900 0.050591
4.074182 -1.802670 0.023651
4.033081 -1.813051 0.041998
4.007621 -1.855687 0.030455
3.974524 -1.872609 0.038021
3.934471 -1.898960 0.042026
3.918746 -1.937718 0.023933
3.880853 -1.946808 0.036098
3.420675 -2.147327 0.025491
3.371135 -2.140497 0.037473
3.336428 -2.156820 0.027271
3.057612 -2.155087 0.025017
3.009223 -2.148572 0.024211
2.716372 -2.060549 0.021558
2.676670 -2.030827 0.029330
2.469437 -1.863396 0.049969
2.428372 -1.819532 0.054526
2.185608 -1.546010 0.035923
2.169449 -1.485857 0.046711
4.258206 -1.380565 0.066097
4.272912 -1.435624 0.036707
4.244648 -1.461834 0.049426
4.234517 -1.508581 0.039414
4.206615 -1.546819 0.044584
4.183084 -1.573574 0.050141
4.178414 -1.625662 0.029313
4.152455 -1.650894 0.035176
3.839515 -1.970912 0.018009
3.803678 -1.980587 0.026847
3.763481 -2.005785 0.024748
3.730803 -2.019924 0.026724
3.695940 -2.028940 0.032553
3.656513 -2.057048 0.023767
3.286805 -2.131595 0.031807
3.251368 -2.127115 0.037005
2.960015 -2.142761 0.000438
2.919759 -2.106512 0.022355
2.648096 -1.983499 0.032542
2.607284 -1.958665 0.033041
2.373293 -1.787537 0.021443
2.354477 -1.740247 0.036582
2.148499 -1.427997 0.030537
2.133965 -1.368765 0.037187
4.301299 -1.214861 0.052152
4.290167 -1.259053 0.052592
4.281497 -1.303834 0.049222
4.282657 -1.339947 0.038634
3.615780 -2.049404 0.022575
3.573397 -2.069863 0.017863
3.539941 -2.080595 0.017536
3.503026 -2.077551 0.028724
3.204543 -2.115527 0.027345
3.170993 -2.095088 0.044386
3.123692 -2.106950 0.031503
2.877851 -2.079958 0.014027
2.837548 -2.053030 0.025218
2.331347 -1.682476 0.032720
2.131670 -1.306396 0.031383
2.131614 -1.245526 0.044710
2.125411 -1.186841 0.050105
4.290540 -1.033278 0.062935
4.291582 -1.077651 0.059277
4.299419 -1.122968 0.047983
4.287996 -1.166729 0.052055
3.977320 -1.756794 0.051554
3.458361 -2.091076 0.005933
3.419250 -2.068410 0.032701
3.385158 -2.069203 0.037075
3.081204 -2.076623 0.034190
3.048051 -2.069075 0.036735
2.813182 -2.019843 0.024796
2.762093 -1.993579 0.028773
2.542772 -1.867169 0.025974
2.504046 -1.823986 0.034249
2.319017 -1.619711 0.036438
2.290663 -1.569569 0.040358
2.260947 -1.520209 0.040358
2.152551 -1.113526 0.062255
2.156844 -1.056563 0.070569
4.173086 -1.429684 0.059850
4.167929 -1.475184 0.045678
4.143087 -1.499212 0.055148
4.130620 -1.542105 0.045123
4.118190 -1.573067 0.039503
4.087804 -1.605588 0.045491
4.079737 -1.640377 0.032459
4.049788 -1.673152 0.035113
4.035608 -1.704650 0.026156
4.002764 -1.734958 0.029390
3.964439 -1.791425 0.016916
3.925078 -1.814633 0.024807
3.904434 -1.842312 0.017193
3.872076 -1.855398 0.025780
3.837763 -1.884082 0.022680
3.811461 -1.905129 0.019906
3.775590 -1.910639 0.032917
3.738376 -1.934709 0.030666
3.704143 -1.940562 0.040486
3.679047 -1.964643 0.030693
3.339332 -2.064251 0.026993
3.305719 -2.062039 0.031925
3.261320 -2.058914 0.037184
3.005173 -2.052489 0.024676
2.966807 -2.023028 0.043240
2.745429 -1.951182 0.036620
2.693885 -1.928798 0.033134
2.888112 -1.583354 0.387427
2.904091 -1.490476 0.465372
2.258374 -1.457973 0.043736
4.214664 -1.241127 0.063621
4.219087 -1.286041 0.048421
4.208094 -1.316337 0.049515
4.196465 -1.357645 0.046627
4.187032 -1.400100 0.039826
3.636838 -1.978636 0.014574
3.599161 -1.972397 0.033098
3.574460 -2.000752 0.016122
3.529124 -2.002691 0.027520
3.228358 -2.035502 0.039678
3.184564 -2.045600 0.029800
2.929288 -1.994897 0.039606
2.665142 -1.890498 0.030072
2.470051 -1.729731 0.035483
2.439108 -1.683951 0.043682
2.250920 -1.400192 0.039413
2.233286 -1.347703 0.042315
2.222200 -1.293467 0.048607
4.244905 -1.074139 0.043093
4.214135 -1.113941 0.067630
4.220268 -1.156438 0.055922
4.224045 -1.199562 0.044676
3.491050 -1.986248 0.032437
3.454145 -2.017050 0.012393
3.426062 -1.985200 0.047723
3.153833 -2.019504 0.032978
3.112232 -2.009349 0.039253
3.093284 -1.444630 0.559812
2.893663 -1.965397 0.036292
2.853284 -1.951451 0.035960
2.643623 -1.844658 0.035110
2.599931 -1.813345 0.035482
2.407981 -1.638442 0.029212
2.409300 -1.585157 0.060089
2.212210 -1.227743 0.036021
2.223622 -1.170911 0.056845
4.221404 -1.031166 0.048455
4.078707 -1.511009 0.043123
4.060000 -1.535791 0.045522
4.041706 -1.573117 0.039608
4.030996 -1.603757 0.030216
4.005928 -1.623888 0.037194
3.989495 -1.664402 0.023823
3.962508 -1.682415 0.031379
3.941089 -1.705187 0.030873
3.908293 -1.731155 0.034698
3.885038 -1.751852 0.034718
3.868972 -1.781287 0.022772
3.827880 -1.796594 0.035619
3.807034 -1.820964 0.028261
3.785029 -1.844502 0.021280
3.746822 -1.842573 0.042824
3.720641 -1.880091 0.024098
3.384475 -1.990883 0.029873
3.353403 -1.994820 0.030478
3.310971 -1.986055 0.043478
3.070621 -1.999829 0.023440
3.032278 -1.977942 0.038136
2.822709 -1.915412 0.037061
2.583484 -1.766550 0.040846
2.374036 -1.532007 0.041874
4.151984 -1.341136 0.032830
4.127449 -1.364610 0.046648
4.113514 -1.402538 0.044019
4.101517 -1.441659 0.037515
4.078016 -1.463771 0.047585
3.679888 -1.869712 0.032226
3.651660 -1.881510 0.034254
3.620072 -1.911179 0.020368
3.586076 -1.909036 0.035250
3.269763 -1.994263 0.018371
3.248896 -1.961145 0.051952
3.005550 -1.955340 0.034705
2.796378 -1.874912 0.042570
2.753578 -1.867461 0.030339
2.532381 -1.685033 0.046734
2.369539 -1.474530 0.046871
2.344274 -1.429533 0.046163
2.321074 -1.383284 0.045175
2.285173 -1.050901 0.088521
4.157641 -1.186666 0.051734
4.151765 -1.225748 0.048431
4.136288 -1.262542 0.053396
4.137881 -1.293803 0.042294
3.559993 -1.927032 0.007499
3.523823 -1.914395 0.031560
3.487814 -1.934438 0.022660
3.456780 -1.934607 0.030540
3.208885 -1.954120 0.039730
3.169285 -1.950953 0.041578
2.966844 -1.940868 0.019632
2.935421 -1.907416 0.043142
3.061428 -1.470871 0.497409
2.733411 -1.821650 0.040310
2.507294 -1.638879 0.040739
2.325013 -1.327146 0.049521
2.303582 -1.270264 0.047978
4.146000 -1.039081 0.064144
4.163613 -1.068617 0.044104
4.158704 -1.107368 0.044793
4.156386 -1.146378 0.041188
3.916038 -1.626183 0.044926
3.892497 -1.657191 0.040232
3.871764 -1.677633 0.039954
3.847490 -1.694189 0.044207
3.789810 -1.730060 0.053426
3.422422 -1.916556 0.036725
3.385345 -1.931724 0.028600
3.141996 -1.925194 0.046247
2.896206 -1.897405 0.020362
2.709044 -1.785929 0.038424
2.670788 -1.755032 0.042584
2.485030 -1.592030 0.034789
2.317321 -1.215370 0.055783
4.038010 -1.399501 0.056177
4.018863 -1.431805 0.057998
4.016947 -1.462977 0.043276
3.984518 -1.487506 0.058489
3.986806 -1.522785 0.035554
3.965185 -1.554394 0.034233
3.941948 -1.572682 0.041533
3.936641 -1.605444 0.023520
3.819333 -1.720647 0.022285
3.777025 -1.761264 0.015242
3.745684 -1.767129 0.029057
3.718787 -1.778533 0.034421
3.691145 -1.807232 0.023341
3.657462 -1.805584 0.042115
3.641840 -1.838429 0.018626
3.352840 -1.910305 0.036169
3.325388 -1.925179 0.024175
3.101333 -1.932745 0.014069
3.067683 -1.901252 0.041593
2.872126 -1.852698 0.034688
2.834586 -1.841546 0.029974
2.955946 -1.453975 0.444700
2.655716 -1.711679 0.049197
2.440284 -1.502626 0.032287
2.319812 -1.155035 0.051600
4.070354 -1.272510 0.057252
4.075517 -1.313226 0.037300
4.052428 -1.334534 0.051792
4.046969 -1.372439 0.040674
3.597483 -1.810897 0.045777
3.578615 -1.838035 0.026995
3.542609 -1.849479 0.029761
3.517475 -1.863510 0.024499
3.285710 -1.909880 0.024152
3.256982 -1.890825 0.046294
3.041101 -1.887941 0.030538
3.006976 -1.869634 0.041700
2.809535 -1.806002 0.032397
2.627904 -1.671067 0.043805
2.455284 -1.449542 0.054639
2.423306 -1.402393 0.049640
4.098871 -1.137620 0.043486
4.075322 -1.170704 0.061849
4.089283 -1.210539 0.037088
4.069409 -1.234016 0.051235
3.486646 -1.859569 0.018724
3.455069 -1.849032 0.039500
3.219498 -1.895863 0.021624
3.202071 -1.871198 0.048456
2.975609 -1.844188 0.039789
2.790818 -1.763260 0.043640
2.585073 -1.595699 0.050573
2.406636 -1.357752 0.034716
4.087088 -1.036610 0.049155
4.072505 -1.062794 0.063190
4.079577 -1.098757 0.051145
3.917157 -1.507394 0.047764
3.901694 -1.529103 0.046602
3.882702 -1.559569 0.041112
3.850837 -1.567034 0.062292
3.847115 -1.599700 0.039941
3.825478 -1.615964 0.044062
3.804490 -1.645867 0.035268
3.781382 -1.660282 0.039876
3.760181 -1.676712 0.040425
3.742982 -1.698531 0.032457
3.707239 -1.694335 0.059668
3.425594 -1.843262 0.033942
3.390386 -1.850871 0.033879
3.362144 -1.844178 0.046860
3.156084 -1.872622 0.024458
3.130615 -1.857082 0.039181
2.940544 -1.832042 0.021089
2.418342 -1.303715 0.048716
2.409662 -1.249680 0.059318
4.001074 -1.351660 0.037105
3.963339 -1.363133 0.070227
3.969671 -1.404854 0.041402
3.951314 -1.424694 0.048246
3.942082 -1.449639 0.042171
3.930255 -1.483868 0.031554
3.692008 -1.719120 0.025896
3.660854 -1.718992 0.044961
3.637476 -1.730701 0.046753
3.617267 -1.748409 0.039786
3.589617 -1.751409 0.050923
3.335711 -1.849311 0.025497
3.307078 -1.825489 0.056444
3.106789 -1.834755 0.041132
2.935013 -1.772469 0.062324
2.888105 -1.770820 0.044325
2.972208 -1.437476 0.423188
2.761243 -1.678460 0.067330
2.718571 -1.662647 0.054030
2.573600 -1.501639 0.069393
2.529151 -1.468271 0.051715
2.401993 -1.195784 0.047881
2.389391 -1.152576 0.044794
4.006854 -1.217163 0.065923
4.010224 -1.253188 0.049689
3.993733 -1.283606 0.055840
3.989901 -1.309349 0.048861
3.556384 -1.761815 0.036079
3.530312 -1.766002 0.043213
3.506675 -1.776092 0.041888
3.272373 -1.825213 0.040175
3.246608 -1.829174 0.036790
3.061626 -1.834032 0.013303
3.041736 -1.804935 0.041745
2.866981 -1.734870 0.052038
2.692843 -1.625475 0.049301
2.529194 -1.417455 0.063199
4.013949 -1.124991 0.062538
4.014055 -1.158553 0.054963
4.016423 -1.193151 0.042879
3.478521 -1.772447 0.036844
3.451582 -1.769952 0.049232
3.422984 -1.793974 0.030241
3.221353 -1.800192 0.051563
3.022816 -1.776652 0.049040
2.844376 -1.705138 0.051383
2.675631 -1.593375 0.044387
2.515100 -1.376374 0.053240
2.494454 -1.330040 0.055982
4.024748 -1.034176 0.042009
4.006408 -1.066381 0.061139
4.013755 -1.091447 0.048994
3.858719 -1.454636 0.061274
3.848793 -1.487624 0.046413
3.825286 -1.500109 0.058973
3.815292 -1.523537 0.049276
3.790851 -1.534194 0.062334
3.784497 -1.561896 0.043942
3.765644 -1.589827 0.034805
3.736089 -1.581361 0.066668
3.720461 -1.612904 0.049104
3.700787 -1.627424 0.049745
3.678555 -1.624479 0.068816
3.400626 -1.770742 0.043837
3.374675 -1.765172 0.057032
3.187265 -1.806493 0.022812
3.163757 -1.789186 0.042122
2.992943 -1.759529 0.039252
2.662499 -1.547598 0.052737
2.636561 -1.515644 0.056222
2.498997 -1.283313 0.062703
3.926342 -1.309582 0.059875
3.904306 -1.334230 0.071407
3.911330 -1.364112 0.046366
3.880975 -1.383855 0.067094
3.885257 -1.414000 0.042724
3.866997 -1.430935 0.050074
3.660505 -1.655001 0.030258
3.636566 -1.647529 0.054408
3.610041 -1.649323 0.069747
3.590576 -1.679288 0.048745
3.570055 -1.691847 0.046425
3.341801 -1.764576 0.044749
3.317204 -1.760486 0.053927
3.131799 -1.778207 0.031569
3.100266 -1.431940 0.445261
2.969409 -1.727768 0.047290
2.937247 -1.720933 0.041361
2.808818 -1.638208 0.059656
2.941677 -1.423952 0.367607
2.773170 -1.619048 0.054414
2.628738 -1.470073 0.064622
2.514201 -1.227515 0.082695
3.926336 -1.195565 0.090082
3.957754 -1.236218 0.036758
3.934565 -1.253684 0.057190
3.925144 -1.283409 0.054555
3.542118 -1.688331 0.045533
3.522862 -1.683066 0.061709
3.499660 -1.709116 0.041898
3.293287 -1.763458 0.033146
3.111183 -1.753194 0.038979
2.920286 -1.681231 0.058848
2.757591 -1.587337 0.054248
2.629662 -1.421491 0.081857
2.503981 -1.180956 0.067485
3.939476 -1.144207 0.070263
3.938485 -1.174797 0.062552
3.475050 -1.686592 0.060292
3.453849 -1.694809 0.059062
3.427842 -1.714895 0.043679
3.268304 -1.737336 0.048820
3.245298 -1.734190 0.054140
3.083689 -1.729689 0.042448
3.051089 -1.731529 0.031230
2.895797 -1.660252 0.049810
2.914207 -1.375113 0.368684
2.742965 -1.545240 0.063392
2.614929 -1.385224 0.072635
2.503934 -1.086349 0.069927
3.935233 -1.061006 0.072366
3.935128 -1.083169 0.069323
3.929855 -1.112278 0.070629
3.790269 -1.432671 0.069190
3.785264 -1.456868 0.054140
3.776406 -1.478739 0.044121
3.753750 -1.488700 0.057568
3.743402 -1.509734 0.047922
3.729712 -1.527987 0.043148
3.703573 -1.532815 0.061980
3.693228 -1.554925 0.048504
3.666821 -1.557818 0.067692
3.650906 -1.573352 0.063939
3.404182 -1.683184 0.072310
3.379759 -1.710488 0.044198
3.214666 -1.730628 0.038729
3.039554 -1.688092 0.062356
3.085035 -1.444136 0.388041
2.877940 -1.629453 0.054413
2.715836 -1.517774 0.045685
2.601820 -1.340434 0.067832
2.573166 -1.303790 0.056724
3.939406 -1.031206 0.049726
3.855970 -1.302450 0.067239
3.850418 -1.331995 0.055540
3.831833 -1.346799 0.067727
3.838533 -1.384561 0.033115
3.812717 -1.394526 0.054997
3.800781 -1.412912 0.053825
3.627049 -1.577678 0.057724
3.606495 -1.586035 0.063747
3.592758 -1.605248 0.051267
3.574492 -1.602766 0.066847
3.554746 -1.627294 0.050228
3.353680 -1.692120 0.055040
3.331214 -1.689054 0.064182
3.193178 -1.709012 0.046401
3.171911 -1.699899 0.056949
3.015666 -1.665660 0.062129
2.865761 -1.592811 0.068364
2.568145 -1.264876 0.051059
2.543463 -1.225362 0.039138
3.870655 -1.231217 0.067050
3.868469 -1.260632 0.055033
3.861404 -1.280964 0.052819
3.531629 -1.629930 0.040639
3.513707 -1.625365 0.057056
3.490501 -1.644082 0.045776
3.308912 -1.685656 0.052616
3.144182 -1.686229 0.051509
2.990799 -1.648614 0.053031
2.837923 -1.568831 0.055255
3.008012 -1.297001 0.490146
2.699246 -1.434035 0.064391
2.537734 -1.134154 0.042618
3.870054 -1.158645 0.077811
3.873252 -1.180601 0.065370
3.870118 -1.208613 0.057904
3.467155 -1.622877 0.065314
3.449071 -1.634119 0.059032
3.285838 -1.664876 0.064665
3.265315 -1.672669 0.055648
3.118138 -1.668134 0.050957
2.981646 -1.615202 0.071692
2.834186 -1.527197 0.078897
2.704395 -1.395200 0.082810
3.872866 -1.076415 0.075455
3.874563 -1.103754 0.067387
3.878112 -1.131878 0.054887
3.711398 -1.440202 0.065893
3.680998 -1.467112 0.070169
3.668436 -1.483247 0.065428
3.426770 -1.632758 0.050297
3.404721 -1.629983 0.063330
3.244122 -1.656905 0.058948
3.100933 -1.647334 0.055275
2.960892 -1.594107 0.067593
2.812342 -1.499525 0.070536
2.689887 -1.355337 0.078693
2.655062 -1.327660 0.057881
2.630487 -1.165161 0.114435
2.582033 -1.036679 0.078404
3.866628 -1.028961 0.070157
3.870202 -1.055680 0.062136
3.785527 -1.320309 0.062236
3.781709 -1.341214 0.051040
3.763467 -1.353553 0.063917
3.760826 -1.375826 0.048288
3.733735 -1.381127 0.076158
3.737510 -1.408958 0.046038
3.724825 -1.424784 0.045397
3.700160 -1.457302 0.039647
3.651808 -1.484711 0.059430
3.634262 -1.494836 0.064729
3.628205 -1.519430 0.041411
3.607724 -1.525858 0.051928
3.594348 -1.542014 0.043444
3.571664 -1.544103 0.059322
3.559827 -1.550246 0.060736
3.384326 -1.632621 0.046333
3.368703 -1.623757 0.064578
3.217024 -1.646787 0.053188
3.084906 -1.626214 0.059937
3.049999 -1.625701 0.047924
2.950808 -1.555488 0.091809
2.787686 -1.475530 0.052791
2.904940 -1.069599 0.500257
2.629395 -1.080001 0.117980
3.803200 -1.227884 0.078784
3.803484 -1.255681 0.061859
3.805142 -1.277869 0.045259
3.785902 -1.290578 0.062604
3.541849 -1.558953 0.041798
3.517986 -1.556066 0.063022
3.505371 -1.574877 0.045814
3.347496 -1.618678 0.057718
3.327806 -1.619232 0.062078
3.197156 -1.638877 0.042950
3.170722 -1.636285 0.044105
2.908679 -1.548601 0.050775
2.783624 -1.433255 0.072416
2.683534 -1.275923 0.088245
2.656060 -1.245178 0.071265
3.816721 -1.191566 0.057604
3.817828 -1.212146 0.045498
3.481487 -1.569774 0.047045
3.464324 -1.561893 0.069028
3.306974 -1.609521 0.060432
3.153628 -1.614527 0.053266
3.052342 -1.575642 0.079730
2.904756 -1.518492 0.065746
2.755918 -1.404886 0.049907
3.817272 -1.120123 0.064614
3.807341 -1.143475 0.071629
3.822472 -1.166242 0.039184
3.446952 -1.569655 0.046405
3.427708 -1.571839 0.053659
3.410124 -1.578652 0.052084
3.281003 -1.605678 0.049404
3.146086 -1.581604 0.081893
3.024114 -1.561092 0.066396
2.758212 -1.370691 0.064679
2.672370 -1.198251 0.078409
2.667446 -1.161195 0.088610
3.815576 -1.051382 0.062189
3.806065 -1.069018 0.074378
3.807652 -1.093492 0.066230
3.690606 -1.341428 0.084365
3.697200 -1.368791 0.048493
3.676377 -1.375706 0.067725
3.673873 -1.397527 0.047305
3.661178 -1.402678 0.056931
3.648515 -1.415926 0.056759
3.633269 -1.426523 0.061735
3.622142 -1.432390 0.067052
3.611566 -1.457268 0.047557
3.597910 -1.460016 0.058231
3.579561 -1.466089 0.068775
3.391662 -1.559328 0.069208
3.267318 -1.584907 0.062944
3.243017 -1.591715 0.053570
3.122638 -1.573294 0.067860
3.005143 -1.541999 0.062557
2.916349 -1.469102 0.098952
2.864432 -1.466502 0.053958
2.742248 -1.335793 0.055948
2.660245 -1.118392 0.073350
2.649802 -1.076412 0.068605
3.796679 -1.026481 0.074279
3.725840 -1.259921 0.085806
3.737036 -1.285516 0.048891
3.712986 -1.292608 0.077568
3.714652 -1.314224 0.055933
3.705176 -1.329478 0.054820
3.565892 -1.477989 0.044203
3.550397 -1.466233 0.075339
3.538315 -1.490941 0.051699
3.527544 -1.496316 0.053453
3.507194 -1.496686 0.070057
3.372697 -1.558360 0.057334
3.354823 -1.560282 0.061181
3.225003 -1.573086 0.062810
3.100522 -1.560998 0.058670
2.990133 -1.517018 0.068592
3.018467 -1.317375 0.376561
2.854091 -1.431998 0.064799
2.750329 -1.295524 0.080445
3.738036 -1.202601 0.086372
3.738143 -1.220922 0.074143
3.734918 -1.244632 0.062173
3.490718 -1.503284 0.051403
3.478392 -1.504764 0.058696
3.339324 -1.542510 0.074363
3.322494 -1.546054 0.073640
3.213914 -1.554396 0.072274
3.089164 -1.535501 0.073937
2.962809 -1.504210 0.045714
2.837581 -1.405912 0.056518
2.744525 -1.258689 0.081011
2.691731 -1.037642 0.098592
3.754834 -1.148241 0.067472
3.745647 -1.163301 0.075227
3.747944 -1.187604 0.057759
3.458066 -1.502196 0.055521
3.444858 -1.500225 0.068125
3.434040 -1.503474 0.070175
3.304244 -1.539598 0.067532
3.191085 -1.548913 0.057700
3.069215 -1.521855 0.065192
2.961771 -1.471701 0.071274
2.816591 -1.376807 0.043323
2.727996 -1.221368 0.062139
3.760243 -1.086110 0.059716
3.746250 -1.106431 0.077566
3.752578 -1.124375 0.059630
3.417271 -1.506886 0.052741
3.400949 -1.493260 0.085902
3.291722 -1.529033 0.066635
3.176182 -1.529188 0.067825
3.060489 -1.496371 0.080953
2.943435 -1.448038 0.068016
2.812731 -1.342767 0.054169
3.746855 -1.046132 0.070055
3.738113 -1.061684 0.082856
3.669116 -1.278752 0.067505
3.656067 -1.289544 0.076678
3.645856 -1.295499 0.085878
3.643681 -1.313436 0.069488
3.636242 -1.328032 0.063666
3.626114 -1.340672 0.063060
3.617575 -1.354754 0.057551
3.610211 -1.362743 0.057393
3.594866 -1.370499 0.067551
3.587024 -1.377848 0.067822
3.576890 -1.390657 0.062973
3.568502 -1.397467 0.063633
3.559314 -1.411824 0.053908
3.547036 -1.413792 0.065061
3.532119 -1.420744 0.071169
3.386140 -1.500616 0.058986
3.269062 -1.521659 0.061212
3.162460 -1.509297 0.078297
3.036615 -1.482185 0.067614
2.926771 -1.423809 0.064718
2.803089 -1.308164 0.055353
2.724621 -1.111268 0.071536
3.737280 -1.024165 0.067656
3.678385 -1.212404 0.089595
3.687392 -1.233660 0.056647
3.673408 -1.244417 0.070423
3.661469 -1.255759 0.079362
3.520713 -1.422992 0.056912
3.505562 -1.428855 0.063560
3.500456 -1.440658 0.049675
3.485444 -1.436165 0.071703
3.369796 -1.482441 0.077501
3.355563 -1.489828 0.071046
3.257461 -1.502196 0.075979
3.148300 -1.497148 0.074068
2.921271 -1.396333 0.076174
2.735291 -1.071637 0.080324
2.727945 -1.035023 0.074359
3.683603 -1.160180 0.095723
3.680203 -1.180085 0.088378
3.692860 -1.201223 0.050118
3.471237 -1.432106 0.068800
3.458557 -1.452434 0.045307
3.445357 -1.437261 0.083342
3.338889 -1.487329 0.059790
3.241616 -1.498520 0.060913
3.220971 -1.498453 0.061100
3.136054 -1.479495 0.080004
3.026234 -1.453070 0.064004
2.816224 -1.267836 0.070747
3.689320 -1.130533 0.079584
3.696318 -1.147800 0.056574
3.432707 -1.446061 0.054600
3.419973 -1.441876 0.072578
3.325193 -1.470587 0.074022
3.216889 -1.475980 0.081485
3.106019 -1.472660 0.056351
3.017367 -1.425946 0.080630
2.915995 -1.362769 0.072868
2.890741 -1.345251 0.064604
3.691008 -1.095436 0.069267
3.691554 -1.110434 0.061631
3.407661 -1.437931 0.065540
3.309770 -1.469296 0.058176
3.299189 -1.463869 0.072552
3.192511 -1.469975 0.067041
3.096762 -1.451686 0.067673
2.997926 -1.409629 0.067390
2.845293 -1.228618 0.111449
2.825323 -1.201539 0.102303
3.685612 -1.041353 0.072127
3.682224 -1.060112 0.074861
3.686485 -1.074862 0.061733
3.390233 -1.432906 0.063856
3.380035 -1.432414 0.072075
3.283717 -1.456632 0.067281
3.178674 -1.461292 0.057632
3.093908 -1.430136 0.084090
2.990894 -1.384790 0.079324
2.886756 -1.308388 0.061430
2.761335 -1.067220 0.036991
3.686188 -1.021905 0.048989
3.368430 -1.427222 0.065626
3.357869 -1.423920 0.079272
3.268886 -1.451190 0.056985
2.970296 -1.364577 0.066066
2.885141 -1.279369 0.072998
2.833804 -1.162634 0.103463
2.825433 -1.132385 0.108343
3.349285 -1.410251 0.088568
3.258639 -1.433203 0.072577
3.168476 -1.433231 0.064310
3.077785 -1.406450 0.071292
2.956524 -1.344302 0.057781
2.880624 -1.248882 0.079458
3.331697 -1.412986 0.067287
3.244905 -1.426807 0.062695
3.162541 -1.415567 0.075722
3.073013 -1.384048 0.088342
2.857033 -1.220061 0.045454
3.055209 -1.060735 0.571044
2.841624 -1.096662 0.114114
3.323578 -1.396708 0.082405
3.231886 -1.410936 0.073699
3.147419 -1.402881 0.072017
3.056530 -1.368430 0.080043
2.963475 -1.309550 0.075550
3.306894 -1.399952 0.056253
3.301216 -1.390648 0.080966
3.223832 -1.397246 0.079621
3.127898 -1.392709 0.058081
2.943783 -1.286537 0.057038
3.207813 -1.389350 0.070264
3.120706 -1.373919 0.069987
3.052692 -1.340200 0.083133
2.908286 -1.179411 0.114421
2.884296 -1.155388 0.088804
3.283224 -1.381028 0.056409
3.275219 -1.380436 0.060483
3.200809 -1.377392 0.071295
3.034686 -1.323430 0.069830
2.950680 -1.252880 0.070147
3.269897 -1.365800 0.071386
3.112400 -1.348925 0.067971
3.029424 -1.303632 0.076986
2.940845 -1.225728 0.066750
3.183252 -1.360233 0.053315
3.110884 -1.332005 0.080121
2.935394 -1.201665 0.063052
3.260616 -1.344183 0.073794
3.182732 -1.341044 0.075671
3.028044 -1.274497 0.080594
2.909302 -1.028988 0.120285
3.256139 -1.328169 0.090474
3.174683 -1.326605 0.082435
3.097435 -1.308031 0.068329
3.016358 -1.255265 0.072225
2.958921 -1.167524 0.107539
2.933835 -1.145213 0.075871
3.248899 -1.317917 0.091460
3.158577 -1.319198 0.063036
3.089078 -1.293578 0.065016
3.010380 -1.231990 0.079403
3.228829 -1.319469 0.055597
2.948570 -1.114069 0.088975
3.226171 -1.303559 0.072641
3.173450 -1.286193 0.108935
3.092660 -1.266388 0.079626
3.007003 -1.203647 0.067577
2.954000 -1.086229 0.099981
3.145430 -1.282697 0.063325
3.080472 -1.250453 0.071142
3.005095 -1.181486 0.074513
3.217800 -1.284540 0.065758
3.075144 -1.232018 0.078369
2.970038 -1.055544 0.107793
2.963745 -1.027683 0.100238
3.219050 -1.268067 0.088390
3.147392 -1.258686 0.072844
3.018038 -1.151690 0.099470
3.205595 -1.262198 0.068552
3.137654 -1.245226 0.069476
3.077902 -1.205414 0.088186
3.006116 -1.126496 0.074587
3.065723 -1.186906 0.074185
3.197338 -1.243519 0.056961
3.135967 -1.222653 0.068832
3.023742 -1.101436 0.099516
3.007975 -1.078017 0.076396
3.197131 -1.230326 0.069121
3.129568 -1.207966 0.070572
3.073838 -1.161523 0.089352
3.061094 -1.141088 0.064327
3.020303 -1.025206 0.087575
3.193906 -1.209568 0.068649
3.126568 -1.184906 0.064818
3.196764 -1.196453 0.086190
3.071236 -1.115347 0.079611
3.133718 -1.162250 0.080657
3.068480 -1.093489 0.075420
3.195099 -1.176382 0.085869
3.123504 -1.146418 0.066227
3.066021 -1.069078 0.065747
3.072577 -1.046571 0.082338
3.062374 -1.022477 0.052395
3.190858 -1.157194 0.075209
3.127393 -1.122852 0.071381
3.192728 -1.145822 0.087244
3.135515 -1.101488 0.082032
3.182578 -1.125595 0.060584
3.128451 -1.081434 0.067162
3.173912 -1.112470 0.045780
3.131005 -1.064685 0.078882
3.129952 -1.042530 0.068991
3.182745 -1.092928 0.061889
3.133786 -1.020927 0.063913
3.188497 -1.073191 0.067490
3.195305 -1.054010 0.073147
3.191882 -1.037764 0.063218
3.202730 -1.017858 0.068715
