ply
format ascii 1.0
element vertex 3590
property float x
property float y
property float z
end_header
-4.521990 -8.186267 2.903287
-4.937581 -8.205037 2.942371
-5.435418 -8.139176 2.972276
-5.922743 -8.214478 3.043002
-6.408193 -8.238981 3.105561
-6.819539 -8.116455 3.128176
-7.349521 -8.131278 3.203825
-7.900908 -8.128611 3.283545
-8.488943 -8.123159 3.373395
-9.127360 -8.122812 3.477795
-6.278995 -4.904375 2.336770
-6.592625 -4.687433 2.350788
-6.809425 17.915575 5.375121
-6.027451 18.027641 5.368795
-5.198561 17.896755 5.305981
-3.554242 13.152601 4.009211
-3.009446 13.289756 4.039422
-1.265625 -8.261648 2.745843
-1.612131 -8.261230 2.737997
-1.960271 -8.262615 2.734601
-2.310689 -8.259897 2.734053
-2.665194 -8.258832 2.737989
-3.025156 -8.258647 2.746290
-3.384511 -8.231282 2.751294
-3.756592 -8.225819 2.766748
-4.139577 -8.224524 2.787991
-6.287041 -4.914542 2.260801
-1.921466 -0.633694 0.713804
-7.747099 18.219681 5.289641
-6.803754 17.916670 5.165428
-4.546350 12.563192 3.736575
-5.182628 17.852409 5.089289
-4.463329 18.169060 5.154748
-3.074352 13.787426 4.017521
-2.561915 14.531469 4.209725
-1.995269 15.345745 4.427134
-1.262750 -8.251217 2.650255
-1.608495 -8.245135 2.640827
-1.955404 -8.241022 2.635709
-2.304894 -8.238391 2.634783
-2.655446 -8.220882 2.633778
-3.015075 -8.226692 2.642856
-3.376051 -8.210682 2.650196
-3.747321 -8.205750 2.664668
-4.137243 -8.226317 2.690443
-4.522382 -8.202025 2.708750
-4.941302 -8.226659 2.745462
-5.443205 -8.166142 2.773458
-5.932235 -8.242264 2.837849
-6.422469 -8.272133 2.896078
-6.835508 -8.149346 2.916068
-7.367678 -8.164632 2.984904
-7.921368 -8.162343 3.057453
-8.508190 -8.153172 3.137950
-9.153194 -8.157512 3.234544
-10.685042 -8.051545 3.462163
-11.539779 -8.057110 3.610654
-7.743061 18.225508 5.075768
-6.793996 17.904690 4.953568
-5.129125 14.740169 4.133862
-5.178699 17.861082 4.887851
-3.355155 12.104876 3.452231
-3.085886 13.902970 3.891055
-2.533577 14.287048 3.986899
-1.900405 13.695166 3.848097
0.382891 13.548365 3.899934
-1.262555 -8.449513 2.608388
-1.617833 -8.465899 2.604416
-1.973965 -8.461179 2.598812
-2.330311 -8.440822 2.592998
-2.694385 -8.449958 2.598400
-3.059820 -8.437421 2.602180
-3.437014 -8.446939 2.615526
-3.753125 -8.233358 2.575821
-4.128767 -8.211106 2.588994
-4.526279 -8.218889 2.614384
-4.931733 -8.212582 2.640868
-5.435673 -8.157832 2.668520
-5.941792 -8.264443 2.737914
-6.414869 -8.265536 2.785099
-6.837484 -8.157155 2.807800
-7.366945 -8.168395 2.871905
-7.924893 -8.171108 2.942219
-8.501103 -8.149627 3.014782
-9.142640 -8.150898 3.105421
-6.268972 -4.902121 2.098326
-7.044858 -5.084601 2.249753
-11.540292 -8.061238 3.466184
-3.374100 12.231079 3.345761
-2.881235 12.458634 3.395739
-2.623003 15.265305 4.058236
-1.864267 13.109676 3.557945
-1.979291 -8.545488 2.524733
-2.339143 -8.524733 2.518601
-2.711815 -8.561515 2.529987
-3.081906 -8.548203 2.533016
-3.460765 -8.545826 2.542520
-3.751785 -8.238317 2.481294
-4.123816 -8.205569 2.490811
-4.516801 -8.203103 2.511987
-4.926480 -8.207843 2.539514
-5.427643 -8.148527 2.564079
-5.953670 -8.290635 2.639027
-6.819263 -8.135934 2.691958
-7.351601 -8.152914 2.754001
-7.923956 -8.174469 2.825798
-8.523675 -8.178975 2.902175
-9.147075 -8.159563 2.981893
-6.304111 -4.938244 2.031465
-10.704268 -8.075436 3.193757
-11.571275 -8.089014 3.330725
-11.817342 -5.176923 2.994130
-7.750029 18.278622 4.660419
-6.787870 17.922966 4.543485
-5.965216 17.884901 4.507925
-3.745748 11.533736 3.059642
-1.258789 -8.595306 2.454816
-1.618602 -8.583155 2.443551
-5.924940 -8.246625 2.522489
-6.397707 -8.249146 2.564554
-6.826484 -8.151229 2.586757
-7.363283 -8.172970 2.646596
-7.922215 -8.176839 2.709608
-8.503427 -8.160781 2.775849
-9.154603 -8.171375 2.859664
-6.449133 -4.974868 1.978799
-10.696925 -8.073021 3.055408
-11.555874 -8.080759 3.182890
-7.745615 18.283222 4.448572
-6.777831 17.909777 4.334795
-5.948196 17.843288 4.296020
-5.157895 17.846264 4.279757
-3.271680 11.708394 2.961053
-3.039423 13.664071 3.376102
-1.871034 13.394879 3.330147
-1.256442 -8.632930 2.368534
-1.618123 -8.626379 2.358491
-1.982014 -8.632634 2.354545
-2.345484 -8.611541 2.347903
-2.716669 -8.620008 2.351058
-3.091715 -8.617678 2.355246
-3.467539 -8.592862 2.357972
-3.798128 -8.403994 2.327878
-4.132304 -8.245263 2.307637
-4.522801 -8.232347 2.323534
-5.027238 -8.213305 2.348451
-5.436738 -8.177829 2.368580
-6.500625 -5.025696 1.913898
-8.436530 17.843756 4.183233
-7.571003 17.815172 4.140045
-6.758545 17.866991 4.121273
-5.942499 17.843668 4.094512
-3.941995 12.443297 2.985361
-3.041517 13.711178 3.235013
-2.937641 18.725409 4.253751
-1.867682 13.412756 3.187234
-1.253809 -8.646639 2.276850
-1.614833 -8.617215 2.261989
-1.978873 -8.629285 2.258919
-2.344537 -8.625258 2.255616
-2.713221 -8.616816 2.254552
-3.089386 -8.620241 2.259171
-3.466817 -8.601104 2.262390
-3.816608 -8.472108 2.245895
-4.122440 -8.226007 2.207744
-4.520835 -8.234803 2.226872
-5.013244 -8.190068 2.244212
-5.432512 -8.175700 2.267301
-5.946208 -8.294641 2.324778
-6.839239 -8.179379 2.376124
-7.370905 -8.192338 2.426778
-7.916687 -8.179049 2.478077
-8.525770 -8.194131 2.544246
-9.240589 -8.096799 2.609338
-10.710181 -8.091798 2.787714
-11.544452 -8.079244 2.894702
-9.285672 17.779104 4.003006
-8.324003 17.582352 3.922557
-7.475165 17.565121 3.885693
-6.662841 17.580118 3.862412
-4.771073 13.493884 3.057696
-5.036624 17.355503 3.787423
-4.274915 17.319309 3.774263
-3.037920 13.716904 3.085623
-2.793026 17.264267 3.769430
-1.865478 13.452222 3.048705
-1.251489 -8.688169 2.190810
-1.614553 -8.664454 2.177254
-1.981635 -8.687830 2.175978
-2.348159 -8.672156 2.169971
-2.717774 -8.657873 2.167241
-3.095636 -8.661053 2.171001
-3.480725 -8.663821 2.177824
-3.812426 -8.468121 2.148437
-4.121949 -8.232681 2.113914
-4.511954 -8.220303 2.127147
-5.015964 -8.202276 2.148244
-5.430484 -8.177749 2.167385
-5.935822 -8.282244 2.218005
-6.828135 -8.168277 2.265423
-7.370036 -8.195835 2.315826
-7.927371 -8.196402 2.366815
-8.680080 -8.370012 2.466611
-9.400275 -8.260789 2.526004
-6.539730 -5.067354 1.764938
-10.677526 -8.067889 2.645309
-11.575398 -8.106979 2.759686
-2.822750 17.636696 3.648838
-1.864993 13.524609 2.915877
-2.715005 -8.658368 2.071889
-3.092897 -8.661748 2.074863
-3.475011 -8.653463 2.078619
-3.814879 -8.485250 2.055432
-4.111341 -8.211236 2.015015
-4.513571 -8.231473 2.033058
-5.010863 -8.197851 2.049178
-5.425272 -8.173678 2.066638
-6.436410 -8.331139 2.155378
-6.832800 -8.179855 2.160170
-7.365025 -8.193851 2.204083
-7.904170 -8.172722 2.246598
-8.841791 -8.554296 2.386247
-9.547315 -8.412247 2.435242
-6.577225 -5.105089 1.694054
-11.532317 -8.077106 2.608993
-9.240042 17.705297 3.568081
-8.368133 17.719355 3.536381
-7.521063 17.724934 3.510055
-6.694904 17.719139 3.488240
-5.884866 17.692648 3.469052
-3.931386 12.449380 2.572297
-4.332922 17.703938 3.458992
-3.565570 17.642475 3.450930
-1.246052 -8.699483 2.004480
-1.609873 -8.681389 1.992210
-1.977085 -8.699152 1.988891
-2.344065 -8.683577 1.982361
-9.310757 17.873213 3.386576
-8.429418 17.884373 3.357653
-7.567448 17.870275 3.331106
-6.733372 17.860598 3.311371
-5.914314 17.824142 3.293162
-4.650416 15.695918 2.949286
-4.348156 17.820257 3.284076
-2.857954 12.492470 2.443473
-2.828371 17.815351 3.295595
-1.860746 13.607901 2.637357
-1.243094 -8.680571 1.907581
-1.607916 -8.697063 1.901138
-1.974678 -8.703305 1.895452
-2.341036 -8.682021 1.887717
-2.713054 -8.679173 1.885503
-3.088023 -8.665704 1.884075
-3.470319 -8.657725 1.886133
-3.815458 -8.505682 1.867095
-4.124371 -8.263429 1.835571
-4.526709 -8.278108 1.849280
-5.016693 -8.223039 1.858273
-5.432243 -8.198795 1.872313
-6.390470 -8.269036 1.931960
-6.833914 -8.191153 1.947855
-7.377533 -8.219584 1.987555
-7.914523 -8.194036 2.022545
-8.858455 -8.581649 2.144137
-9.594767 -8.468104 2.190994
-10.345832 -8.482178 2.258629
-11.602790 -8.139261 2.340518
-2.292610 -0.029154 0.616159
-9.303670 17.870703 3.175959
-8.411367 17.854397 3.146506
-7.546675 17.828508 3.121640
-6.717731 17.828863 3.106331
-5.907412 17.819578 3.094930
-4.349196 14.363759 2.580741
-4.334445 17.775055 3.083476
-3.575023 17.793835 3.091078
-2.820622 17.792480 3.100448
-1.865354 13.780461 2.517012
-1.331304 -8.682704 1.812153
-1.604414 -8.682887 1.805444
-1.968403 -8.666162 1.795905
-2.337885 -8.679490 1.793287
-1.718168 -3.832114 1.050542
-3.085884 -8.668962 1.789323
-3.471288 -8.672220 1.792228
-3.808374 -8.492281 1.769463
-4.114764 -8.244652 1.738523
-4.514123 -8.254377 1.749765
-5.007842 -8.210554 1.758938
-5.428290 -8.197083 1.772947
-6.411445 -8.307354 1.833436
-6.833423 -8.195271 1.841794
-7.352937 -8.191672 1.872355
-7.940662 -8.230110 1.915168
-8.898389 -8.630546 2.029545
-6.318788 -5.293052 1.455045
-10.382419 -8.519963 2.132166
-11.119789 -8.458156 2.188062
-11.560631 -8.110039 2.192567
-8.403444 17.849266 2.940142
-7.677868 18.210880 2.972174
-6.701435 17.794912 2.902324
-5.891027 17.779335 2.892545
-5.101863 17.773640 2.888828
-4.333667 17.802031 2.894317
-3.569195 17.792057 2.899023
-2.481297 14.215383 2.417872
-1.874258 14.038743 2.405286
-1.328950 -8.702234 1.722021
-1.602363 -8.696591 1.714366
-1.967995 -8.691399 1.706378
-2.335377 -8.681611 1.699878
-2.708384 -8.684702 1.697361
-3.087315 -8.688236 1.697082
-3.564420 -8.667141 1.696249
-3.809664 -8.505652 1.676258
-4.110662 -8.241161 1.644396
-4.598362 -8.221307 1.652203
-5.005945 -8.212860 1.662374
-5.429237 -8.204754 1.675329
-5.875759 -8.205559 1.692573
-6.341890 -8.202536 1.712497
-6.829023 -8.193736 1.735096
-7.348606 -8.190516 1.762503
-7.910691 -8.198119 1.796104
-8.980959 -8.545750 1.902282
-6.316130 -5.292924 1.376105
-10.422402 -8.560909 2.005522
-11.215011 -8.542885 2.064477
-11.586038 -8.133464 2.056402
-16.194950 -7.922105 2.454509
-4.104291 -8.231306 1.549794
-4.598219 -8.227909 1.558112
-5.008560 -8.224778 1.567340
-5.427039 -8.206375 1.577009
-5.873709 -8.207431 1.592012
-6.330677 -8.189892 1.607389
-6.830574 -8.200780 1.629983
-7.354145 -8.202401 1.654912
-7.905807 -8.196541 1.682793
-8.988375 -8.558155 1.780863
-6.308735 -5.287928 1.296645
-10.418641 -8.561452 1.871364
-11.202887 -8.536478 1.922960
-11.587427 -8.138161 1.916518
-8.402630 17.875937 2.533799
-7.705288 18.320375 2.573613
-6.701582 17.831884 2.510315
-5.888049 17.810493 2.504905
-5.096268 17.798893 2.504550
-4.324956 17.815788 2.511281
-3.559118 17.799822 2.517972
-2.477574 14.271058 2.120578
-1.870041 14.128929 2.116709
-1.323612 -8.709411 1.537406
-1.688695 -8.704685 1.527679
-1.963134 -8.698582 1.521269
-2.330788 -8.688851 1.514120
-2.707114 -8.709158 1.512404
-3.083267 -8.695683 1.508447
-3.559165 -8.669060 1.504961
-3.811377 -8.529615 1.489465
-2.676703 1.019594 0.618187
-8.387897 17.853888 2.327258
-7.689485 18.292587 2.364695
-6.688636 17.808462 2.310107
-5.874573 17.780878 2.306636
-5.078989 17.745987 2.305938
-4.311929 17.773762 2.315181
-2.485940 14.409720 1.983307
-1.871153 14.238558 1.978420
-1.320533 -8.691108 1.442889
-1.685910 -8.703995 1.435054
-1.961382 -8.709417 1.429774
-2.327906 -8.688063 1.421011
-2.704192 -8.708532 1.418496
-3.171227 -8.674741 1.411177
-3.557703 -8.674193 1.410124
-3.897469 -8.501040 1.391969
-4.114102 -8.274539 1.368907
-4.596817 -8.238420 1.369960
-5.017530 -8.256620 1.378115
-5.442760 -8.248278 1.385381
-5.885474 -8.238775 1.394698
-6.350053 -8.230738 1.406549
-6.851871 -8.241180 1.423148
-7.370359 -8.232982 1.440490
-7.930936 -8.235755 1.462372
-8.981120 -8.558812 1.534954
-6.296733 -5.280760 1.139180
-10.429813 -8.579796 1.606406
-11.206618 -8.547409 1.645001
-11.591512 -8.148560 1.637579
-1.981843 0.689344 0.545031
-8.376698 17.840498 2.122484
-7.678874 18.279268 2.158204
-6.668143 17.760633 2.108603
-5.865064 17.766119 2.110832
-5.071341 17.736490 2.112942
-4.305686 17.769777 2.123970
-1.872144 14.346923 1.838026
-1.317238 -8.660295 1.347702
-1.684475 -8.725447 1.344899
-2.049593 -8.699021 1.334294
-2.326468 -8.697946 1.329201
-2.698032 -8.689631 1.323018
-3.165404 -8.661873 1.315675
-3.559083 -8.689584 1.316405
-3.894120 -8.499543 1.297329
-4.104778 -8.256362 1.274170
-4.584321 -8.215405 1.273265
-5.001650 -8.228985 1.278984
-5.423046 -8.216168 1.283883
-5.861506 -8.202435 1.290595
-6.330915 -8.205484 1.301082
-6.828453 -8.212087 1.314238
-7.352800 -8.214263 1.329489
-7.927571 -8.236009 1.349689
-8.966280 -8.546858 1.411077
-6.291812 -5.278274 1.061019
-10.418754 -8.573563 1.472182
-11.217793 -8.560786 1.507236
-11.612453 -8.168513 1.500234
-2.147437 0.759686 0.544070
-8.445753 18.025482 1.934610
-7.667537 18.263849 1.952255
-6.671281 17.788876 1.914757
-5.859501 17.766180 1.916954
-5.063282 17.725054 1.920379
-4.299108 17.763826 1.933066
-1.873294 14.459668 1.696020
-1.314484 -8.657439 1.255919
-1.681572 -8.722706 1.252300
-2.045976 -8.690543 1.241161
-2.412636 -8.671214 1.232520
-2.788886 -8.687901 1.228374
-3.167250 -8.682029 1.223543
-3.555547 -8.687199 1.221004
-3.894023 -8.508130 1.203802
-4.183260 -8.211775 1.177817
-4.578196 -8.207613 1.178625
-4.995192 -8.221466 1.182462
-5.427022 -8.229639 1.187365
-5.863167 -8.210730 1.191547
-6.345419 -8.233554 1.201239
-6.834229 -8.225230 1.210132
-7.348600 -8.213228 1.220847
-7.938216 -8.253297 1.238842
-8.978243 -8.564223 1.290637
-6.265985 -5.254286 0.980984
-10.406716 -8.566407 1.338346
-11.187902 -8.539217 1.365647
-11.609351 -8.169688 1.360448
-6.264024 -5.254817 0.903857
-8.421594 17.994421 1.523709
-7.654444 18.259760 1.544040
-6.648046 17.750080 1.520551
-5.846871 17.760496 1.529859
-5.054658 17.736031 1.539047
-4.293067 17.792030 1.555096
-1.865756 14.488410 1.393054
-1.309360 -8.672272 1.074491
-1.674920 -8.702706 1.066785
-2.039051 -8.676327 1.056134
-2.407602 -8.674530 1.048163
-2.777462 -8.656734 1.040092
-3.158442 -8.668367 1.034939
-3.547702 -8.679547 1.030702
-3.887626 -8.505994 1.015451
-4.182797 -8.225772 0.994439
-4.580566 -8.227066 0.992652
-4.990891 -8.224834 0.991658
-5.430957 -8.248855 0.993423
-5.867972 -8.229912 0.993572
-6.335395 -8.227775 0.996029
-6.817418 -8.210414 0.998825
-4.859355 -5.026233 0.793790
-7.920477 -8.240367 1.013200
-8.999614 -8.596182 1.048770
-10.414057 -8.581172 1.074159
-11.187261 -8.546375 1.089037
-11.609034 -8.176628 1.081897
-10.137918 17.807011 1.300740
-8.407238 17.973186 1.318954
-7.635069 18.221607 1.338705
-6.638987 17.738861 1.324906
-5.838295 17.749033 1.336396
-5.051586 17.747135 1.348895
-4.283434 17.768581 1.364166
-1.861440 14.491640 1.240849
-1.306773 -8.678288 0.983672
-1.673257 -8.720422 0.976185
-2.039886 -8.711395 0.966493
-2.409040 -8.703609 0.957702
-2.781188 -8.691483 0.949478
-3.160956 -8.691454 0.942724
-3.544928 -8.679856 0.936121
-3.883090 -8.500738 0.921305
-4.196189 -8.269815 0.904703
-4.589037 -8.254314 0.900479
-4.995580 -8.241181 0.897191
-5.420132 -8.233776 0.895046
-5.856489 -8.215247 0.893202
-6.338911 -8.238423 0.894478
-6.811369 -8.206398 0.893880
-4.818241 -4.973217 0.725438
-7.914140 -8.236967 0.901070
-8.985344 -8.584817 0.925972
-6.246339 -5.241697 0.749168
-10.424762 -8.595078 0.942399
-11.247575 -8.601627 0.953829
-11.616305 -8.185908 0.943115
-10.136664 17.816193 1.091904
-9.216630 17.807911 1.100013
-8.381118 17.922720 1.113853
-7.507238 17.878119 1.123196
-6.634521 17.742468 1.130288
-5.826223 17.724253 1.142893
-5.044339 17.739202 1.157978
-4.282590 17.795031 1.175950
-1.855351 14.458201 1.087171
-1.303968 -8.671638 0.892215
-1.669459 -8.702161 0.883594
-2.037668 -8.716495 0.874815
-2.404515 -8.691307 0.864832
-2.778277 -8.690795 0.856638
-3.157987 -8.690798 0.849078
-3.546562 -8.696180 0.842350
-3.887178 -8.522355 0.828543
-4.179018 -8.230748 0.810599
-4.567944 -8.210473 0.804854
-4.984976 -8.224706 0.801122
-5.416934 -8.233400 0.797745
-5.859026 -8.225067 0.794297
-6.326283 -8.223402 0.791770
-6.814632 -8.215892 0.789705
-4.825245 -4.985499 0.661133
-7.907123 -8.232730 0.789141
-8.989968 -8.594157 0.804472
-6.238694 -5.236357 0.672316
-10.417313 -8.592151 0.809705
-11.240101 -8.599127 0.814659
-11.571802 -8.154658 0.802517
-10.115988 17.786823 0.882141
-9.199618 17.783106 0.894572
-8.306140 17.750877 0.907053
-7.451285 17.736481 0.920715
-6.624241 17.727222 0.935273
-5.816615 17.708752 0.950364
-1.301450 -8.681592 0.801640
-1.666304 -8.694579 0.791885
-2.033001 -8.697350 0.782239
-2.403186 -8.701211 0.773108
-2.773041 -8.677619 0.763480
-3.154803 -8.689194 0.755513
-3.538629 -8.677701 0.747189
-3.878488 -8.504110 0.734137
-4.179649 -8.240100 0.718964
-4.573404 -8.230488 0.712249
-4.981377 -8.223254 0.705976
-5.410567 -8.226893 0.700381
-5.852346 -8.218771 0.694807
-6.325521 -8.227241 0.690061
-6.814084 -8.219855 0.685252
-4.870009 -5.049114 0.597939
-7.906784 -8.236630 0.677659
-8.981855 -8.589526 0.682484
-6.206030 -5.205225 0.595053
-10.438901 -8.616165 0.677913
-11.235900 -8.599411 0.675789
-11.581460 -8.165797 0.664171
-10.095391 17.769201 0.465079
-9.177505 17.759727 0.485819
-8.298207 17.759453 0.506317
-7.435259 17.722980 0.526525
-6.617497 17.741478 0.546824
-5.815286 17.745710 0.567073
-1.296736 -8.722035 0.620438
-1.662560 -8.723194 0.609885
-2.031002 -8.731727 0.599633
-2.401750 -8.729667 0.589365
-2.770632 -8.694496 0.578786
-3.155639 -8.717334 0.569076
-3.542123 -8.711244 0.559052
-3.881605 -8.531619 0.547368
-4.169866 -8.228687 0.535016
-4.574294 -8.246409 0.525710
-4.982839 -8.238967 0.516120
-5.404485 -8.226711 0.506399
-5.857821 -8.239137 0.496639
-6.328608 -8.242265 0.486611
-6.811035 -8.224944 0.476278
-4.878598 -5.066421 0.466681
-7.903873 -8.241707 0.454637
-8.990851 -8.607945 0.439102
-6.167695 -5.170711 0.443319
-10.449042 -8.633564 0.412602
-11.246630 -8.616303 0.398222
-11.606663 -8.192710 0.386629
-10.082292 17.754795 0.257029
-9.172297 17.760962 0.281818
-8.290859 17.755329 0.305981
-7.430115 17.724314 0.329695
-6.607148 17.725931 0.352608
-4.330603 12.106605 0.403295
-1.294620 -8.758434 0.529385
-1.659249 -8.712825 0.518343
-2.027232 -8.721372 0.507712
-2.399180 -8.730986 0.497056
-2.771277 -8.712934 0.486259
-3.150488 -8.707157 0.475437
-3.536516 -8.701198 0.464502
-3.882716 -8.544014 0.453597
-4.173534 -8.246346 0.443238
-4.565192 -8.231342 0.432323
-4.980467 -8.240153 0.421020
-5.402136 -8.227959 0.409470
-5.855392 -8.240277 0.397330
-6.307542 -8.213747 0.385026
-6.815215 -8.235789 0.371675
-4.884024 -5.076626 0.400742
-7.901360 -8.242953 0.343121
-8.996032 -8.617917 0.317095
-6.178235 -5.184085 0.367693
-10.450469 -8.638886 0.279714
-11.252618 -8.625291 0.259119
-11.603745 -8.194010 0.247597
-9.142160 17.706932 0.078997
-4.285172 11.947593 0.274794
-3.755251 11.944066 0.291094
-3.238222 11.957822 0.306751
-2.723917 11.943847 0.322432
-2.216589 11.931800 0.337777
-1.714971 11.939499 0.352684
-1.291460 -8.729497 0.437780
-1.656557 -8.713098 0.426987
-2.023944 -8.715767 0.415998
-2.394002 -8.713953 0.404859
-2.767489 -8.707500 0.393547
-3.151663 -8.724586 0.381770
-3.527565 -8.678893 0.370316
-3.888850 -8.572179 0.359375
-4.168847 -8.241187 0.351393
-4.569201 -8.247920 0.338812
-4.977680 -8.240446 0.325924
-5.399304 -8.228270 0.312545
-5.846704 -8.230441 0.298231
-6.317023 -8.233916 0.283092
-6.828728 -8.260236 0.266488
-4.882092 -5.076819 0.334804
-6.163928 -5.171817 0.292540
-4.282484 11.951536 0.145370
-3.749922 11.936563 0.163296
-3.229211 11.927209 0.180395
-2.715451 11.907282 0.197128
-2.208630 11.883391 0.213383
-1.711489 11.943593 0.227466
-1.288661 -8.722925 0.346476
-1.650802 -8.659876 0.336411
-2.018847 -8.691924 0.324690
-2.773102 -8.752892 0.299994
-2.855767 -7.818088 0.309183
-4.887414 -5.089738 0.202247
-6.149738 -5.162153 0.142358
-11.495104 -4.416622 -0.123812
-10.030773 17.698761 -0.572248
-8.229766 17.659657 -0.490496
-4.273102 11.944137 -0.113173
-3.747123 11.957771 -0.093681
-3.220592 11.919945 -0.072970
-2.705650 11.888337 -0.053696
-1.701651 11.889588 -0.020865
-4.887791 -5.093091 0.135877
-5.979448 -4.988568 0.080410
-6.348227 -4.937960 0.061079
-6.703355 -4.849528 0.042906
-7.000643 -4.692156 0.029045
-8.222896 17.656658 -0.689936
-3.742186 11.952104 -0.221722
-3.217911 11.925736 -0.200205
-2.698991 11.865319 -0.178217
-1.698260 11.895576 -0.146013
-3.075136 -5.634219 0.141649
-3.317571 -5.569962 0.133241
-3.624866 -5.490784 0.121789
-3.886104 -5.449247 0.110433
-4.119762 -5.344153 0.102481
-4.549610 -4.634258 0.105161
-4.808850 -4.573129 0.092187
-5.107185 -4.542341 0.075381
-5.457227 -4.545105 0.053841
-5.899675 -4.513568 0.026979
-6.316389 -4.513350 0.000135
-6.781927 -4.518597 -0.030613
-7.308650 -4.530729 -0.066207
-7.416924 7.673752 -0.313456
-8.924631 14.013942 -0.728200
-8.147854 13.962520 -0.681534
-7.442201 13.988660 -0.644612
-4.955120 17.580748 -0.733579
-3.336273 12.632571 -0.374214
-1.799927 14.217811 -0.414544
-1.117033 -5.544354 0.160287
-1.348793 -5.532079 0.153919
-1.581217 -5.532744 0.146257
-1.811195 -5.499691 0.139967
-2.039154 -5.456978 0.133717
-2.285751 -5.507334 0.121130
-2.495597 -5.375998 0.119272
-2.735978 -5.371067 0.108784
-2.948083 -5.266622 0.104268
-3.171007 -5.197071 0.096854
-3.430957 -5.208910 0.082845
-3.631160 -5.076255 0.078663
-3.827071 -4.941160 0.074263
-4.054803 -4.863587 0.064712
-4.207201 -4.663224 0.064801
-4.473727 -4.533200 0.053969
-5.457093 -4.547191 -0.012117
-6.001729 4.517352 -0.143803
-4.769224 13.894452 -0.659923
-4.171097 13.973669 -0.638225
-3.556928 13.935454 -0.609381
-2.955146 13.899766 -0.582919
-1.780109 13.875433 -0.539419
-4.771836 -4.531631 -0.026354
-5.110278 -4.550536 -0.052105
-5.566256 0.581446 -0.018927
-5.467307 0.753819 -0.010809
-5.429652 0.933753 -0.010002
-5.445804 1.127966 -0.015822
-5.360527 1.248411 -0.009704
-3.297431 0.760423 0.219308
-2.730135 0.815133 0.275365
-4.375328 4.500758 -0.079570
-4.257230 4.744203 -0.087291
-1.115745 -5.256787 0.065512
-1.335060 -5.233015 0.060582
-1.554067 -5.222763 0.053910
-1.766283 -5.150527 0.051458
-1.985243 -5.144483 0.043027
-2.203538 -5.123012 0.035061
-2.418529 -5.080263 0.028107
-2.630111 -5.022738 0.021684
-2.842726 -4.967026 0.014352
-3.059518 -4.918401 0.005553
-3.263455 -4.833342 -0.000649
-3.460920 -4.734252 -0.006210
-3.703602 -4.719303 -0.021135
-3.954886 -4.702015 -0.037226
-4.138974 -4.564470 -0.041554
-4.803836 -4.200122 -0.070985
-5.112178 0.061420 -0.007290
-5.012885 0.508556 0.000376
-5.009549 0.842142 -0.005272
-4.967001 0.959617 -0.003026
-4.971157 1.309855 -0.013365
-4.814357 1.565112 -0.004508
-2.981864 0.873849 0.226448
-4.841314 1.957572 -0.023681
-4.728427 2.519749 -0.039578
-4.524994 3.077884 -0.052137
-4.450270 3.273636 -0.057669
-1.984316 0.954687 0.323822
-4.201575 3.582367 -0.056256
-1.116277 -4.978478 0.034152
-1.323745 -4.949040 0.030293
-1.532204 -4.957002 0.022386
-1.737441 -4.920625 0.017649
-1.943082 -4.892926 0.011371
-2.142702 -4.833407 0.007302
-2.333000 -4.742624 0.005555
-2.538719 -4.716891 -0.003215
-2.744229 -4.681811 -0.011968
-2.980670 -4.718986 -0.029223
-3.162358 -4.605317 -0.031718
-3.352935 -4.515902 -0.037504
-3.509082 -4.362103 -0.036710
-3.653226 -4.198111 -0.035055
-3.806970 -4.059061 -0.036739
-3.956856 -3.919231 -0.038826
-5.046461 -1.964778 -0.035664
-4.745338 0.358627 -0.004353
-4.649102 0.610976 0.003930
-4.665827 0.728625 -0.000736
-4.573028 0.860616 0.007756
-4.614431 1.027395 -0.002326
-4.582345 1.298802 -0.007740
-4.568944 1.460539 -0.012579
-4.432284 1.568072 -0.000792
-2.419567 0.814682 0.273861
-2.365121 0.834691 0.278846
-4.266595 2.345005 -0.024239
-4.123666 2.655735 -0.029497
-3.615877 4.136605 -0.101256
-3.456862 4.267022 -0.100368
-3.332095 4.475298 -0.110039
-3.140484 4.557932 -0.104037
-1.683136 11.969996 -0.780789
-1.116981 -4.700069 0.008576
-1.313591 -4.694252 0.003036
-1.512254 -4.714301 -0.005909
-1.701229 -4.627092 -0.004923
-1.899225 -4.629833 -0.013813
-2.036670 -4.564892 -0.014088
-2.217649 -4.484335 -0.015631
-2.401329 -4.424592 -0.020093
-2.572725 -4.329331 -0.021343
-2.752533 -4.265339 -0.026789
-2.929416 -4.193688 -0.032150
-3.063181 -4.030331 -0.027156
-3.221564 -3.930013 -0.030254
-3.354441 -3.788228 -0.028631
-4.381334 0.049923 0.011032
-4.457036 0.190126 -0.000537
-4.437120 0.293040 0.001139
-4.346000 0.420727 0.011970
-4.415174 0.570158 -0.000562
-4.399153 0.673401 -0.000768
-4.359653 0.807058 0.000997
-4.331148 0.943478 0.000528
-4.285483 1.038376 0.003304
-4.311446 1.196448 -0.006451
-2.961838 0.773201 0.190811
-3.186964 0.894917 0.155587
-4.130101 1.540954 0.000807
-4.158778 1.719573 -0.012760
-2.605847 0.956707 0.226076
-4.042586 1.992393 -0.015228
-1.897889 0.820495 0.317311
-1.798931 0.726381 0.335561
-3.811279 3.060521 -0.071324
-3.558734 3.290971 -0.066925
-2.911461 3.922300 -0.073846
-2.718528 4.047839 -0.073026
-1.449276 0.786283 0.360336
-2.577666 4.198979 -0.079626
-2.258141 4.453328 -0.087835
-2.068734 4.486652 -0.081255
-1.678050 11.938932 -0.904123
-1.073449 -4.322454 0.000728
-1.253785 -4.295500 -0.001790
-1.435473 -4.318465 -0.010564
-1.604970 -4.200138 -0.004526
-1.777974 -4.161386 -0.007982
-1.948479 -4.115170 -0.011344
-3.895483 -3.227174 -0.076666
-4.219136 -2.802689 -0.078539
-4.306348 -0.518915 0.018471
-4.385352 -0.358912 0.009436
-4.327200 -0.217993 0.018580
-4.225266 0.047435 0.000105
-4.202827 0.175457 0.002577
-4.212373 0.272972 0.000006
-4.196983 0.401118 0.000264
-4.152612 0.491897 0.005051
-4.155548 0.622947 0.001357
-4.124026 0.747872 0.002294
-4.079431 0.835546 0.005851
-4.060437 0.963960 0.003682
-4.030126 1.090092 0.002592
-4.059904 1.207461 -0.007219
-2.995669 0.787889 0.164281
-3.196903 1.004047 0.124585
-3.857435 1.547533 0.001761
-3.817509 1.638222 0.001261
-2.497000 0.865121 0.228113
-3.741792 1.745598 0.003900
-2.247281 0.860336 0.260584
-3.842470 2.405997 -0.059808
-3.780255 2.556877 -0.065317
-1.953974 0.811552 0.299965
-3.654168 2.592409 -0.053916
-1.858994 0.745775 0.316706
-3.546780 2.699201 -0.051658
-1.766488 0.751413 0.326338
-3.198449 2.992567 -0.044106
-3.077288 3.085671 -0.042153
-2.960478 3.188959 -0.042461
-2.671279 3.388448 -0.040108
-1.497930 0.861556 0.339109
-1.459584 0.841314 0.344253
-1.629689 4.045988 -0.054475
-1.674690 11.947312 -1.032038
-2.113630 -4.056612 -0.058233
-2.413517 -3.851124 -0.053633
-2.577554 -3.805168 -0.059982
-1.517175 -0.832939 0.345477
-2.845523 -3.576061 -0.055697
-2.944759 -3.408410 -0.046324
-3.212807 -3.228879 -0.052320
-3.328779 -3.114483 -0.052380
-3.459804 -3.023586 -0.057016
-3.856152 -2.319860 -0.041625
-3.988348 0.043707 0.005501
-3.989420 0.163141 0.004426
-3.976442 0.251906 0.005421
-3.973599 0.371698 0.003816
-3.975869 0.462960 0.001442
-3.906662 0.571378 0.009579
-3.901536 0.661333 0.007554
-3.862928 0.773861 0.009552
-3.819271 0.884158 0.011772
-3.318069 0.768696 0.094529
-3.798631 1.099152 0.004445
-3.151594 0.982047 0.108243
-3.671924 1.406810 0.004729
-2.574862 0.853459 0.200796
-2.732653 0.971023 0.169929
-3.580195 2.126522 -0.039530
-3.480168 2.218374 -0.035218
-3.429057 2.359874 -0.042443
-3.323943 2.448789 -0.038732
-3.168074 2.474859 -0.023447
-3.069242 2.566384 -0.022236
-1.708483 0.954677 0.299412
-2.754745 2.827290 -0.019665
-2.629680 2.882097 -0.014603
-2.529463 2.989252 -0.018818
-2.433895 3.119952 -0.027077
-2.308246 3.188310 -0.025936
-2.155133 3.295584 -0.028681
-2.002161 3.280629 -0.016701
-1.078303 -3.934856 -0.041272
-1.242942 -3.931307 -0.045782
-1.404157 -3.873945 -0.044143
-1.564985 -3.849765 -0.047662
-1.677895 -3.778820 -0.043774
-1.831631 -3.731444 -0.045549
-1.975855 -3.648986 -0.043238
-2.136971 -3.644838 -0.052646
-2.250359 -3.478456 -0.039653
-2.388963 -3.412441 -0.041605
-2.508561 -3.303276 -0.037744
-2.640382 -3.231813 -0.040185
-2.758121 -3.134578 -0.039236
-2.836040 -2.972493 -0.028084
-2.961382 -2.902873 -0.032582
-3.057690 -2.789582 -0.030212
-3.175323 -2.710379 -0.034470
-3.318810 -2.662042 -0.045502
-3.354372 -2.485012 -0.032306
-4.042793 -1.062675 -0.025141
-4.012990 -0.884228 -0.013483
-4.044031 -0.762339 -0.014262
-3.915056 -0.454934 0.013872
-3.973828 -0.313551 0.006590
-3.914415 -0.189905 0.017290
-3.995214 -0.045809 0.004633
-3.821105 0.041063 0.003862
-3.822387 0.153499 0.002747
-3.821276 0.238050 0.001824
-3.779183 0.346094 0.007063
-3.782379 0.431265 0.004506
-3.743088 0.537509 0.008136
-3.660520 0.603421 0.019863
-3.691191 0.724945 0.009975
-3.669287 0.805325 0.010081
-3.646090 0.915113 0.008522
-3.123844 0.770644 0.101488
-3.595831 1.106673 0.005791
-3.558457 1.214065 0.004817
-2.535299 0.752796 0.196462
-3.490846 1.305994 0.008958
-3.414455 1.358551 0.016772
-2.125903 0.670576 0.264883
-3.451567 1.849641 -0.030164
-2.127977 0.817935 0.251442
-3.339586 1.876011 -0.017001
-1.971493 0.763066 0.278173
-3.226738 2.106073 -0.024864
-3.174914 2.233803 -0.031820
-1.944933 0.892244 0.268067
-3.038716 2.267814 -0.018762
-2.754477 2.511220 -0.015020
-1.701567 0.943309 0.289711
-1.647716 0.915662 0.298587
-1.567628 0.786497 0.322946
-2.441739 2.724765 -0.011301
-2.183829 2.846889 -0.005825
-1.295072 0.878670 0.330677
-1.428316 3.673347 -0.078807
-1.048681 -3.511842 -0.023406
-1.196006 -3.538841 -0.031410
-1.343236 -3.518618 -0.033697
-1.481651 -3.416759 -0.025139
-1.627706 -3.424069 -0.032959
-1.766665 -3.379231 -0.034074
-1.900059 -3.316900 -0.033335
-2.021790 -3.221303 -0.028197
-2.115774 -3.170007 -0.027825
-2.243698 -3.115379 -0.030079
-2.345205 -2.996302 -0.022630
-2.473917 -2.953120 -0.028081
-3.529681 -2.221425 -0.064412
-3.580000 -2.084604 -0.058634
-3.706845 -1.845093 -0.056171
-3.713482 -1.066069 -0.004815
-3.708232 -0.939955 0.002247
-3.658804 -0.803927 0.016324
-3.538041 0.036646 0.026967
-3.551306 0.137873 0.023691
-3.626304 0.220641 0.008814
-3.642171 0.328056 0.003815
-3.640378 0.408015 0.002128
-3.596553 0.507168 0.007003
-3.587957 0.586064 0.005687
-3.536324 0.680830 0.010938
-3.515967 0.756397 0.010973
-3.473345 0.851870 0.013420
-3.441683 0.923151 0.014779
-3.428250 1.030978 0.010278
-3.318316 1.064662 0.026525
-3.347967 1.196373 0.011952
-2.642914 0.916369 0.148959
-2.527446 0.906186 0.168224
-2.295264 0.770224 0.216740
-3.311894 1.558218 -0.012871
-2.177619 0.806326 0.231490
-3.243293 1.793989 -0.025555
-3.178514 1.891843 -0.026478
-1.990207 0.797476 0.259762
-3.069078 1.946599 -0.017174
-3.004753 2.046509 -0.019876
-2.913377 2.117887 -0.016407
-2.817390 2.135780 -0.006479
-2.635757 2.273073 -0.002334
-2.547926 2.348260 -0.002558
-1.604596 0.776412 0.310920
-2.439151 2.449263 -0.004932
-1.452649 0.773192 0.326038
-2.080561 2.944633 -0.044624
-1.415198 0.859206 0.316334
-1.946354 2.943951 -0.034716
-1.832809 3.021671 -0.038894
-1.715236 3.100983 -0.043892
-1.551741 3.123554 -0.038628
-1.426162 3.203995 -0.045284
-1.056396 -3.223503 -0.017850
-1.191053 -3.198497 -0.017953
-1.324971 -3.196144 -0.022299
-1.419013 -3.115910 -0.014093
-1.547171 -3.086052 -0.015561
-1.676152 -3.067620 -0.019613
-1.799385 -3.020743 -0.019962
-2.559292 -2.822477 -0.053234
-2.667261 -2.744488 -0.053809
-2.762233 -2.647655 -0.051398
-2.917210 -2.586699 -0.061246
-2.974805 -2.444129 -0.050721
-3.056405 -2.341733 -0.048767
-3.105818 -2.206450 -0.039725
-3.179478 -2.104652 -0.038425
-3.227357 -1.980771 -0.032018
-3.307310 -1.890738 -0.034399
-3.352350 -1.772446 -0.029701
-3.331348 -1.609388 -0.011712
-3.421351 -1.498469 -0.016301
-3.655930 -0.412634 0.001468
-3.672604 -0.280369 0.000837
-3.681249 -0.174115 0.000422
-3.663476 -0.040630 0.004177
-3.394514 0.034384 0.028998
-3.430947 0.130924 0.021082
-3.407886 0.201139 0.024513
-3.387923 0.270665 0.026987
-3.475897 0.381067 0.007185
-3.472129 0.456018 0.005519
-3.442805 0.551211 0.007506
-3.438220 0.627006 0.005063
-3.390274 0.716298 0.009632
-3.336255 0.775740 0.016374
-3.292811 0.863279 0.019017
-3.276684 0.962507 0.015258
-3.230998 1.021984 0.019083
-3.232186 1.133551 0.010149
-2.500113 0.790134 0.165419
-3.163645 1.208504 0.015658
-2.614721 0.964128 0.130438
-3.102635 1.503287 -0.002328
-2.046521 0.799365 0.238568
-3.020147 1.708060 -0.011653
-2.901214 1.892430 -0.016070
-2.686717 1.968840 0.003419
-1.832667 0.890202 0.257690
-2.602904 2.031798 0.005719
-1.781936 0.899607 0.262854
-2.506981 2.076528 0.011301
-1.532850 0.801261 0.305191
-1.627320 1.029464 0.261269
-1.898806 2.658722 -0.018208
-1.793765 2.717747 -0.020265
-1.428784 2.885640 -0.027163
-1.032605 -2.957882 -0.009114
-1.918776 -2.969464 -0.053229
-2.029035 -2.890292 -0.049162
-2.137773 -2.817840 -0.046883
-2.237715 -2.730548 -0.042466
-2.343624 -2.665692 -0.042796
-2.443472 -2.591621 -0.042025
-2.466574 -2.442200 -0.023131
-2.555297 -2.363823 -0.022001
-2.663545 -2.266442 -0.021482
-2.759477 -2.204082 -0.025163
-2.845824 -2.128802 -0.026740
-2.902210 -2.019530 -0.020869
-3.457310 -1.387409 -0.042370
-3.485873 -1.242551 -0.036000
-3.463579 -1.108614 -0.022524
-3.429174 -0.976608 -0.007766
-3.478120 -0.855963 -0.009720
-3.447641 -0.736757 0.001960
-3.462851 -0.609787 0.004593
-3.449793 -0.504069 0.010846
-3.391119 -0.369127 0.025867
-3.391770 -0.273105 0.027709
-3.447941 -0.158152 0.018310
-3.475652 -0.037667 0.013436
-3.285690 0.032662 0.026931
-3.282127 0.122340 0.026841
-3.270973 0.188914 0.028087
-3.262865 0.255526 0.028340
-3.231800 0.341038 0.032310
-3.240706 0.410544 0.028159
-3.336916 0.525806 0.004191
-3.294527 0.587676 0.009782
-3.281212 0.681512 0.007484
-3.239239 0.741424 0.012191
-3.181413 0.818512 0.018402
-3.171558 0.889594 0.015261
-2.611070 0.660734 0.138622
-3.092466 0.954063 0.025250
-3.106651 1.065366 0.013359
-3.062781 1.121002 0.016419
-3.115856 1.266112 -0.006786
-2.463966 0.925483 0.141654
-2.149430 0.767826 0.212214
-2.261523 0.892154 0.179642
-2.112175 0.805545 0.214176
-2.842284 1.646632 -0.003605
-2.081452 0.923347 0.204839
-1.989784 0.886194 0.223545
-2.097887 1.161337 0.170873
-2.618027 1.841193 0.003725
-1.815962 0.849998 0.253511
-1.635829 0.738918 0.293381
-2.459459 2.201713 -0.028660
-1.637318 0.875863 0.272302
-2.344468 2.214731 -0.017302
-1.582916 0.860738 0.280748
-2.270731 2.304634 -0.023437
-2.166500 2.334406 -0.017485
-1.419257 0.842455 0.299455
-1.743180 2.505929 -0.010296
-1.649899 2.592812 -0.019151
-1.331301 0.979291 0.282177
-1.537027 2.585835 -0.011208
-1.404101 2.634268 -0.012907
-1.155513 -2.940678 -0.041309
-1.277187 -2.905500 -0.039408
-1.398792 -2.899187 -0.043356
-1.515027 -2.847593 -0.040194
-1.635990 -2.842140 -0.046031
-1.720540 -2.803371 -0.044744
-1.827871 -2.738179 -0.041169
-1.935455 -2.685078 -0.040495
-2.036064 -2.616686 -0.037605
-2.142580 -2.571246 -0.039810
-2.214784 -2.447392 -0.027094
-2.288426 -2.342813 -0.018380
-2.363209 -2.251318 -0.012610
-2.964458 -1.923025 -0.046757
-3.021868 -1.824036 -0.043468
-3.087690 -1.699397 -0.039455
-3.093897 -1.565394 -0.025770
-3.120061 -1.454437 -0.018640
-3.192717 -1.379498 -0.023857
-3.192955 -1.228631 -0.010131
-3.257318 -1.149752 -0.015197
-3.206201 -1.012128 0.004980
-3.194228 0.031210 0.023389
-3.179399 0.116409 0.025777
-3.174179 0.180270 0.025857
-3.155096 0.242481 0.028579
-3.139353 0.304472 0.030216
-3.128579 0.388542 0.029590
-3.112932 0.450157 0.030350
-3.067703 0.525489 0.036241
-3.173516 0.623781 0.008789
-3.110041 0.695640 0.017500
-3.072952 0.751512 0.021294
-3.040970 0.832216 0.021772
-2.981664 0.972618 0.021706
-2.949657 1.054862 0.020186
-2.228280 0.709356 0.190657
-2.981548 1.291871 -0.010282
-2.056229 0.879872 0.200454
-1.921078 0.964555 0.209500
-2.441936 1.768148 0.014239
-2.452287 1.949586 -0.015294
-1.580506 0.834374 0.275005
-2.197564 2.098521 -0.008191
-1.563272 0.942966 0.258367
-1.475281 0.985754 0.259283
-1.806973 2.244654 0.004419
-1.616421 1.653153 0.127050
-1.408780 2.420939 -0.001857
-1.039616 -2.746375 -0.034516
-1.154601 -2.768751 -0.041658
-1.239591 -2.706463 -0.033118
-1.350781 -2.673274 -0.031529
-1.461326 -2.652507 -0.033049
-1.570442 -2.626803 -0.034468
-1.682385 -2.618536 -0.040070
-1.768392 -2.499550 -0.024966
-1.840427 -2.456769 -0.022997
-1.931959 -2.392580 -0.019477
-2.446692 -2.183368 -0.039731
-2.483271 -2.044257 -0.022891
-2.573351 -1.994344 -0.027525
-2.637131 -1.908939 -0.024059
-2.714606 -1.843371 -0.026215
-2.777774 -1.762235 -0.024847
-2.780363 -1.622597 -0.006975
-2.870325 -1.541261 -0.011696
-2.928081 -1.463244 -0.012357
-3.210001 -0.883232 -0.011101
-3.235349 -0.792141 -0.010148
-3.231693 -0.667936 -0.002119
-3.215811 -0.568281 0.006195
-3.250971 -0.460823 0.003277
-3.218893 -0.341040 0.013962
-3.235534 -0.254316 0.012441
-3.256528 -0.145166 0.009542
-3.175119 -0.032928 0.027690
-3.108597 0.029851 0.020426
-3.072266 0.089970 0.028134
-3.083272 0.172153 0.024314
-3.064501 0.231517 0.027168
-3.054872 0.291548 0.027565
-3.050358 0.373208 0.025583
-3.024110 0.429821 0.028951
-3.001616 0.486578 0.031102
-2.987467 0.566421 0.029671
-3.020270 0.641809 0.017739
-3.014637 0.728855 0.012808
-2.965950 0.776647 0.019451
-2.912413 0.843019 0.025094
-2.896284 0.927437 0.020699
-2.802760 0.945617 0.037860
-2.834169 1.060048 0.019705
-2.933491 1.149114 -0.009433
-2.767097 1.090391 0.029444
-2.887136 1.198354 -0.005955
-2.291717 0.840706 0.149240
-2.826409 1.263593 -0.002119
-2.246625 0.880786 0.152708
-2.785075 1.343805 -0.004462
-2.154344 0.859800 0.172155
-1.936599 0.796199 0.218786
-2.591490 1.494447 0.008856
-2.460902 1.609973 0.012522
-1.737878 0.783782 0.252199
-1.669827 0.723558 0.271874
-2.379288 1.799578 -0.005820
-1.721158 0.871010 0.240285
-2.201668 1.903091 0.000253
-2.110982 1.925570 0.007315
-1.944731 1.995615 0.012934
-1.685030 2.161954 0.004778
-1.377607 0.951017 0.262800
-1.019065 -2.573807 -0.030530
-1.127813 -2.488301 -0.016639
-1.231301 -2.466541 -0.015798
-1.335803 -2.479687 -0.022601
-1.411331 -2.451404 -0.020773
-1.606130 -2.371906 -0.017081
-2.010814 -2.304294 -0.038244
-2.099546 -2.249400 -0.037503
-2.175467 -2.170403 -0.031942
-2.238474 -2.073733 -0.022642
-2.300901 -1.985493 -0.015526
-2.363989 -1.905334 -0.010641
-2.422236 -1.823154 -0.005551
-2.503424 -1.775902 -0.010042
-2.553621 -1.689666 -0.004684
-2.959862 -1.366697 -0.031915
-2.949101 -1.243381 -0.016018
-2.996661 -1.137852 -0.014240
-3.022484 -1.047886 -0.010692
-3.003275 -0.912772 0.005220
-3.045373 -0.836510 0.002569
-3.050245 -0.721966 0.009766
-2.959431 0.027528 0.034374
-2.946061 0.084022 0.037033
-2.917764 0.157375 0.042517
-2.985422 0.221946 0.024905
-2.981790 0.280370 0.023951
-2.972162 0.357874 0.023225
-2.935556 0.409539 0.029392
-2.913715 0.463518 0.031629
-2.900641 0.539711 0.030079
-2.863601 0.588049 0.035272
-2.919409 0.691716 0.014989
-2.872015 0.736565 0.021883
-2.851090 0.813839 0.019639
-2.840461 0.875307 0.016074
-2.768463 0.926224 0.026188
-2.743821 0.980085 0.025477
-2.649833 1.011417 0.041123
-2.034911 0.859761 0.179574
-2.512741 1.413121 0.012154
-2.456101 1.442655 0.017337
-1.865094 0.857260 0.209072
-2.375492 1.641993 -0.002113
-2.233583 1.739240 0.001863
-2.154296 1.773705 0.006429
-1.986003 1.816589 0.019412
-1.913748 1.861542 0.018905
-1.843043 1.914312 0.015970
-1.464590 0.954778 0.243826
-1.372929 0.782604 0.286776
-1.591617 2.174400 -0.015052
-1.502289 2.204923 -0.015350
-0.910477 -0.911372 0.278570
-1.030659 -2.340116 -0.011121
-1.120023 -0.820054 0.297323
-1.104196 -2.340111 -0.012810
-1.201490 -2.308067 -0.009234
-1.694094 -2.307280 -0.037001
-1.785617 -2.265861 -0.036320
-1.865787 -2.193502 -0.029423
-1.926491 -2.148025 -0.026568
-2.004644 -2.086203 -0.022979
-2.062475 -1.985461 -0.010631
-2.128778 -1.913820 -0.005479
-2.193498 -1.845096 -0.001445
-2.627595 -1.600798 -0.027504
-2.672212 -1.516134 -0.022863
-2.729006 -1.445859 -0.023238
-2.797323 -1.244182 -0.009989
-2.805169 -1.144138 0.000336
-3.037560 -0.627985 -0.003444
-3.047901 -0.522444 0.000258
-3.069695 -0.421361 -0.000046
-3.038270 -0.331936 0.010657
-3.062889 -0.233477 0.007583
-2.992196 -0.127098 0.026147
-2.990214 -0.030042 0.027203
-2.891248 0.026445 0.031346
-2.855409 0.079745 0.039759
-2.861331 0.152336 0.037005
-2.854727 0.206116 0.037262
-2.834852 0.257852 0.040491
-2.903280 0.325258 0.021002
-2.869235 0.394364 0.026064
-2.847955 0.446285 0.028371
-2.835588 0.500372 0.028012
-2.799416 0.566101 0.032081
-2.772130 0.614560 0.034789
-2.793918 0.703258 0.022203
-2.772302 0.755392 0.022381
-2.755056 0.831205 0.018763
-2.713947 0.873498 0.023429
-2.647665 0.921069 0.032552
-2.613380 0.964843 0.034652
-2.558217 1.015841 0.039781
-2.629772 1.091500 0.015008
-2.590314 1.134190 0.017291
-2.498591 1.156860 0.032360
-2.108359 0.874780 0.149760
-2.473601 1.235736 0.025470
-2.452105 1.322446 0.016023
-1.909254 0.836684 0.192556
-1.826063 0.776659 0.217129
-1.816492 0.871102 0.202463
-2.251885 1.578096 0.006359
-1.726767 0.880621 0.214780
-2.184714 1.623045 0.008255
-1.958951 1.711000 0.021910
-1.877067 1.773010 0.019050
-1.506513 0.947510 0.229998
-1.741987 1.950863 -0.004067
-1.658745 1.970371 -0.000779
-1.497428 2.038922 -0.003339
-1.060484 -0.685340 0.317940
-1.295655 -2.277781 -0.031722
-1.455462 -2.212973 -0.026187
-1.543923 -2.176378 -0.024133
-1.714438 -2.097540 -0.020903
-1.793227 -2.044613 -0.017173
-1.942280 -1.934794 -0.010518
-2.248106 -1.765637 -0.017801
-2.363108 -1.628168 -0.011023
-2.445472 -1.560712 -0.013266
-2.501119 -1.495316 -0.012306
-2.533778 -1.407785 -0.004524
-2.573828 -1.331739 -0.000620
-2.817989 -1.052720 -0.013844
-2.860518 -0.957829 -0.012793
-2.884076 -0.877415 -0.010021
-2.855259 -0.753025 0.007837
-2.891491 -0.683099 0.005102
-2.888410 -0.578483 0.013324
-2.918253 -0.486879 0.011733
-2.817528 0.025280 0.031174
-2.781845 0.076271 0.039950
-2.789453 0.128557 0.037074
-2.776087 0.196595 0.038794
-2.767726 0.247582 0.039218
-2.763070 0.299223 0.038288
-2.739564 0.347051 0.041988
-2.771456 0.426212 0.029411
-2.754388 0.476308 0.030464
-2.746309 0.529253 0.028686
-2.724651 0.596675 0.028661
-2.675292 0.633641 0.037467
-2.700722 0.722168 0.022896
-2.683111 0.773722 0.021759
-2.630342 0.826912 0.028190
-2.609264 0.897666 0.024586
-2.561743 0.930995 0.031034
-2.499015 0.973325 0.039164
-2.546047 1.099613 0.011283
-2.473021 1.135280 0.021162
-2.436721 1.176546 0.022109
-1.981211 0.878983 0.159382
-2.333349 1.280354 0.024989
-2.329510 1.419262 0.001310
-1.806362 0.839701 0.197845
-2.255485 1.449928 0.008560
-1.764316 0.857701 0.201537
-2.053671 1.558542 0.019394
-1.606125 0.935140 0.209413
-1.915503 1.619718 0.025746
-1.804135 1.809414 -0.001790
-1.465749 0.995876 0.212472
-1.370287 0.744557 0.277602
-1.555973 1.805668 0.022593
-1.474385 1.905395 0.005983
-1.393903 1.914570 0.009045
-0.906124 -0.853833 0.270347
-1.015200 -2.175143 -0.024927
-1.106224 -2.181871 -0.028368
-1.153944 -0.737715 0.297088
-1.174165 -2.122219 -0.016871
-1.263596 -2.132394 -0.022561
-1.350765 -2.104697 -0.020446
-1.431977 -2.044987 -0.011651
-1.495230 -2.030248 -0.012488
-1.574162 -1.986700 -0.008619
-1.649971 -1.939727 -0.004564
-1.967516 -1.831223 -0.015087
-2.045481 -1.799245 -0.018556
-2.092278 -1.709342 -0.006956
-2.144814 -1.638035 -0.000642
-2.217924 -1.602856 -0.005171
-2.282552 -1.520489 -0.000472
-2.619288 -1.236834 -0.017223
-2.660007 -1.166346 -0.015787
-2.651399 -1.061965 0.000017
-2.699687 -0.978262 -0.000232
-2.694777 -0.886588 0.011485
-2.890886 -0.401608 0.002843
-2.895864 -0.307144 0.005621
-2.902503 -0.214095 0.006793
-2.876505 -0.119275 0.015336
-2.891430 -0.028547 0.012083
-2.714660 0.023677 0.040465
-2.696083 0.072228 0.045006
-2.761225 0.126330 0.026381
-2.738773 0.175150 0.031209
-2.717576 0.239915 0.034700
-2.707604 0.288951 0.035262
-2.690095 0.336282 0.037540
-2.670914 0.382732 0.039933
-2.705787 0.461944 0.025492
-2.666163 0.502723 0.032750
-2.667370 0.556866 0.027984
-2.618287 0.610051 0.035680
-2.609993 0.661372 0.032698
-2.649647 0.698509 0.018968
-2.612812 0.738350 0.023775
-2.579783 0.779195 0.027143
-2.565616 0.850602 0.021789
-2.496232 0.887939 0.033153
-2.463442 0.927032 0.035261
-2.486288 1.030151 0.015099
-2.377511 1.031179 0.038673
-2.366401 1.112442 0.027896
-1.938273 0.799254 0.168433
-2.246744 1.161983 0.043583
-1.943605 0.894329 0.150394
-2.282452 1.334198 0.005379
-1.778319 0.877876 0.183405
-1.725981 0.880403 0.191596
-1.948456 1.483154 0.030957
-1.594973 0.912678 0.204289
-1.853696 1.668047 0.003035
-1.457263 0.843323 0.236976
-1.708829 1.713264 0.009337
-1.635489 1.731614 0.012422
-1.465099 1.741192 0.024553
-1.253602 0.792263 0.266900
-1.063621 -0.856192 0.262471
-1.004459 -2.004469 -0.008405
-1.088499 -2.006255 -0.010355
-1.172197 -1.975516 -0.005421
-1.312814 -1.921366 0.001511
-1.393238 -1.914137 -0.001275
-1.335432 -0.903391 0.239677
-1.718877 -1.879672 -0.019588
-1.785877 -1.821725 -0.013546
-1.857164 -1.782101 -0.012901
-1.887909 -1.701140 0.001071
-1.955530 -1.662424 0.000570
-1.569009 -0.837162 0.229140
-2.000022 -1.581363 0.011473
-2.377641 -1.388682 -0.014641
-1.728214 -0.624092 0.244336
-2.402592 -1.302257 -0.004435
-2.450830 -1.243410 -0.004306
-2.508921 -1.168798 -0.004594
-2.724649 -0.797204 -0.005668
-2.736342 -0.720999 -0.000842
-2.725549 -0.618357 0.011222
-2.703356 -0.535391 0.023586
-2.731140 -0.453549 0.022049
-2.738811 -0.366597 0.025019
-2.658217 0.022782 0.038840
-2.645437 0.069832 0.041950
-2.636437 0.116509 0.043622
-2.603338 0.160181 0.051786
-2.601935 0.206582 0.050581
-2.641260 0.276651 0.036533
-2.624192 0.321908 0.038886
-2.616466 0.369065 0.038164
-2.596086 0.412862 0.040763
-2.618170 0.486880 0.029053
-2.609426 0.535672 0.027208
-2.572631 0.573700 0.033439
-2.543679 0.631412 0.035148
-2.529074 0.678031 0.033775
-2.562771 0.713221 0.021085
-2.535503 0.755216 0.022969
-2.493651 0.807471 0.026713
-2.444404 0.834497 0.035083
-2.422442 0.898299 0.031168
-2.309142 0.874106 0.061366
-2.424209 0.982474 0.017921
-2.272390 0.903251 0.065200
-2.353847 0.990168 0.032718
-2.274028 1.006496 0.047700
-2.237693 1.037551 0.050138
-2.200965 1.090504 0.048263
-1.850583 0.823523 0.168878
-2.102525 1.305860 0.025027
-1.763303 0.857183 0.178284
-1.699607 0.821157 0.196914
-1.575949 0.850860 0.209778
-1.893149 1.532323 0.008995
-1.830816 1.568276 0.009133
-1.685382 1.585314 0.022705
-1.374121 0.790626 0.248680
-0.993449 -1.879580 0.000365
-1.072293 -1.882023 -0.001425
-1.151118 -1.863545 0.001152
-1.468102 -1.875892 -0.018371
-1.595422 -1.809777 -0.012692
-1.662977 -1.762300 -0.007775
-1.788158 -1.659314 0.002584
-2.056237 -1.529534 -0.006036
-2.137236 -1.483046 -0.009602
-2.174577 -1.407187 -0.000670
-2.234979 -1.365813 -0.003562
-2.264618 -1.288051 0.005610
-2.532355 -1.000361 -0.004206
-2.554034 -0.907609 0.003549
-2.561458 -0.830400 0.011720
-2.558204 -0.731688 0.024298
-2.765258 -0.284389 0.003243
-2.743086 -0.194789 0.012524
-2.750201 -0.110693 0.012296
-2.753471 -0.026392 0.012036
-2.561408 0.021280 0.050265
-2.543169 0.065020 0.055145
-2.591667 0.112982 0.039978
-2.575468 0.157108 0.043506
-2.585198 0.204217 0.038974
-2.532545 0.241440 0.052648
-2.522138 0.284514 0.053408
-2.569431 0.309971 0.038304
-2.556744 0.354061 0.039163
-2.547613 0.399069 0.038563
-2.526208 0.440373 0.041347
-2.508593 0.482502 0.042615
-2.556840 0.516442 0.026050
-2.531113 0.557052 0.029204
-2.504227 0.596550 0.032399
-2.459051 0.643672 0.039197
-2.434151 0.682553 0.041027
-2.481495 0.725899 0.023064
-2.449104 0.762351 0.026653
-2.392976 0.801484 0.035453
-2.376743 0.846998 0.032726
-2.331542 0.891397 0.036796
-2.143288 0.927687 0.074308
-2.119041 0.984555 0.069018
-2.102897 1.053385 0.059059
-2.008566 1.011042 0.086814
-2.106447 1.176370 0.033427
-1.693828 0.794616 0.192692
-2.019161 1.303712 0.022405
-1.869246 1.444725 0.014270
-1.790691 1.476346 0.017778
-1.453416 0.862626 0.212514
-1.667355 1.532977 0.019168
-1.600040 1.544472 0.023629
-1.413855 0.935120 0.198463
-1.371177 0.931360 0.203541
-1.048137 -0.767638 0.266152
-1.001492 -1.779230 0.005233
-1.059035 -1.752611 0.011377
-1.177941 -0.791636 0.257692
-1.283576 -1.812305 -0.011697
-1.360081 -1.812037 -0.015879
-1.425470 -1.735743 -0.000597
-1.500180 -1.734174 -0.005977
-1.548175 -1.695159 -0.000245
-1.605335 -1.628245 0.011088
-1.934256 -1.498092 0.000515
-1.981757 -1.438435 0.006594
-1.632266 -0.772934 0.212736
-2.028509 -1.381960 0.011310
-2.297648 -1.219381 -0.007180
-2.350683 -1.148464 -0.005604
-2.419044 -1.024349 -0.000019
-2.605645 -0.661985 0.001525
-2.591413 -0.583617 0.013321
-2.631737 -0.511079 0.008623
-2.626057 -0.423694 0.016897
-2.637867 -0.343557 0.018576
-2.510910 0.020481 0.049644
-2.498357 0.062901 0.052995
-2.500885 0.105837 0.051363
-2.485040 0.147115 0.055001
-2.529725 0.196320 0.039608
-2.504939 0.236640 0.045247
-2.483928 0.276615 0.049389
-2.483195 0.320674 0.046836
-2.529558 0.347270 0.031219
-2.494032 0.383805 0.039030
-2.483734 0.426839 0.038506
-2.461372 0.465793 0.041482
-2.427070 0.499512 0.048032
-2.469124 0.532107 0.032604
-2.443157 0.569713 0.035853
-2.435578 0.615553 0.032591
-2.385166 0.656621 0.041303
-2.355101 0.690249 0.044899
-2.359041 0.761870 0.033513
-2.316674 0.787619 0.040626
-2.296237 0.846165 0.036401
-2.242623 0.879856 0.043966
-2.202581 0.903744 0.049391
-2.177772 0.980943 0.040761
-2.142544 1.008996 0.043253
-2.084522 1.033437 0.051020
-2.012040 1.131478 0.044983
-1.941776 1.135001 0.057718
-1.933961 1.260530 0.030027
-1.823717 1.318503 0.034300
-1.774317 1.398796 0.021578
-1.713463 1.419714 0.024592
-1.455799 0.870371 0.199881
-1.418038 0.879082 0.201957
-1.579665 1.475484 0.026009
-1.132157 -1.730197 -0.003857
-1.204277 -1.720097 -0.003557
-1.256660 -1.691434 0.001903
-1.327481 -1.686850 -0.000672
-1.233978 -0.699905 0.270747
-1.393214 -1.645397 0.006182
-1.438073 -1.599183 0.015165
-1.416282 -0.908676 0.199569
-1.664151 -1.581612 -0.002324
-1.723868 -1.542145 0.000544
-1.831232 -1.446358 0.009742
-1.863276 -1.398349 0.016559
-2.082700 -1.310719 -0.001159
-2.139104 -1.273294 -0.004010
-2.172700 -1.208123 0.002837
-2.202587 -1.142386 0.009807
-1.870803 -0.673532 0.174204
-2.443792 -0.856290 0.002017
-2.443122 -0.761210 0.015742
-2.464113 -0.700890 0.017987
-2.489093 -0.626154 0.020037
-2.624609 -0.259815 0.009533
-2.629214 -0.181034 0.011101
-2.630283 -0.102530 0.012601
-2.638944 -0.024608 0.010645
-2.454933 0.019602 0.051816
-2.459065 0.061042 0.050020
-2.450644 0.101880 0.051837
-2.440594 0.142207 0.053810
-2.474296 0.188427 0.041410
-2.399308 0.218159 0.063501
-2.445589 0.268687 0.046205
-2.455953 0.314164 0.040016
-2.410857 0.345736 0.051563
-2.446603 0.415015 0.034810
-2.414237 0.449105 0.041366
-2.406317 0.491499 0.039372
-2.376668 0.525109 0.044397
-2.427773 0.563072 0.024975
-2.395533 0.596483 0.030264
-2.357625 0.625898 0.037303
-2.326336 0.673924 0.039415
-2.316954 0.735488 0.032756
-2.298359 0.775474 0.031423
-2.256290 0.816845 0.035607
-2.217186 0.841221 0.041409
-2.169300 0.875379 0.047159
-2.135726 0.921350 0.046445
-2.107887 0.974009 0.042346
-2.077251 1.025825 0.038379
-2.016502 1.043529 0.047754
-2.002043 1.118857 0.033713
-1.932428 1.122134 0.046818
-1.887895 1.159228 0.046329
-1.803568 1.279676 0.030676
-1.761196 1.332213 0.023615
-1.542156 0.900599 0.169627
-1.688512 1.316660 0.038241
-1.498696 0.902244 0.175231
-1.412297 0.895021 0.187767
-1.378248 1.438308 0.037863
-1.246946 0.817241 0.224305
-0.991382 -1.678512 -0.006529
-1.064307 -1.636597 0.004524
-1.115884 -1.630097 0.005297
-1.183431 -1.593023 0.013665
-1.249485 -1.580874 0.014255
-1.298682 -1.572924 0.013867
-1.298584 -0.651973 0.271062
-1.562012 -1.538090 0.002071
-1.929283 -1.349036 -0.000076
-1.975407 -1.299663 0.003576
-2.009332 -1.235144 0.012310
-2.049238 -1.183213 0.016209
-2.232281 -1.057841 0.002369
-2.293862 -0.943853 0.008802
-2.022372 -0.703569 0.120032
-2.331963 -0.875119 0.010937
-2.485450 -0.541042 0.013691
-2.507796 -0.468604 0.014069
-2.527029 -0.395535 0.014307
-2.501635 -0.327315 0.026904
-2.525383 -0.257353 0.023515
-2.415523 0.018975 0.049735
-2.419665 0.059178 0.047887
-2.400399 0.097924 0.053374
-2.390559 0.136681 0.055399
-2.389974 0.176406 0.053993
-2.362899 0.198675 0.061728
-2.401883 0.259638 0.045624
-2.380299 0.295959 0.050093
-2.357341 0.331081 0.054715
-2.403032 0.386616 0.035462
-2.371654 0.419598 0.042175
-2.354735 0.471369 0.041966
-2.341012 0.509930 0.041710
-2.300711 0.536231 0.050638
-2.340767 0.570323 0.034192
-2.313482 0.603112 0.037857
-2.285255 0.634709 0.041578
-2.258140 0.682291 0.042073
-2.252689 0.744761 0.033353
-2.220193 0.773066 0.037383
-2.182696 0.814215 0.039957
-2.177654 0.882940 0.028087
-2.119753 0.906723 0.037918
-2.079194 0.925372 0.043951
-2.035897 0.959737 0.046765
-2.002598 1.005417 0.044059
-1.975440 1.084279 0.031466
-1.925071 1.087481 0.041132
-1.861143 1.091949 0.052705
-1.839067 1.190852 0.031506
-1.559863 0.759327 0.193733
-1.796425 1.234101 0.027569
-1.728137 1.226153 0.040860
-1.676620 1.250470 0.042029
-1.507089 1.389835 0.023713
-1.385561 1.488634 0.005803
-1.248229 0.831113 0.210718
-1.001986 -0.835770 0.219549
-0.986433 -1.555447 0.010297
-1.101751 -1.530342 0.016394
-1.165731 -1.522006 0.017054
-1.228930 -1.510763 0.017802
-1.359659 -1.533958 0.003311
-1.281019 -0.814083 0.218215
-1.421864 -1.513504 0.004426
-1.291801 -0.690881 0.252917
-1.482671 -1.490222 0.005674
-1.582925 -1.434977 0.010707
-1.770135 -1.354786 0.007277
-1.799710 -1.308779 0.014766
-1.901175 -1.210874 0.022069
-2.072680 -1.114201 0.009995
-2.121247 -1.077371 0.007215
-1.801460 -0.676553 0.167885
-2.171267 -1.019694 0.007668
-2.187847 -0.952508 0.017198
-2.335397 -0.803070 0.005278
-2.346987 -0.722114 0.014743
-2.351992 -0.657782 0.022639
-2.399892 -0.600925 0.016029
-2.499735 -0.165329 0.019654
-2.505706 -0.094019 0.019512
-2.514052 -0.022636 0.017471
-2.340882 0.017821 0.060456
-2.391267 0.057831 0.042821
-2.309728 0.090790 0.069783
-2.356899 0.132965 0.052450
-2.347414 0.157502 0.054673
-2.335185 0.194146 0.057031
-2.350020 0.235733 0.049655
-2.334610 0.271819 0.052365
-2.322314 0.361702 0.048946
-2.285576 0.376690 0.059447
-2.318171 0.442999 0.041884
-2.295292 0.476201 0.045281
-2.255844 0.515387 0.052668
-2.284056 0.587979 0.033853
-2.265836 0.624007 0.033994
-2.222854 0.645198 0.043474
-2.228378 0.712087 0.030644
-2.174568 0.723913 0.043951
-2.156490 0.776689 0.039169
-2.110847 0.808139 0.045384
-2.076861 0.848633 0.045966
-2.041975 0.869947 0.050302
-1.997264 0.898856 0.054925
-1.955646 0.930111 0.057587
-1.984988 0.985007 0.037756
-1.909607 0.955269 0.062050
-1.862605 0.977807 0.066703
-1.858217 1.088062 0.039271
-1.812466 1.117861 0.040254
-1.770443 1.155063 0.037838
-1.705229 1.146439 0.051411
-1.612695 1.284340 0.025746
-1.567116 1.330817 0.017941
-1.500182 1.306545 0.033043
-1.437153 1.222688 0.065048
-1.374577 1.328323 0.038590
-0.994842 -1.473297 0.017375
-1.042132 -1.464247 0.019945
-1.103738 -1.459167 0.020567
-1.214676 -0.744790 0.234300
-1.290769 -1.497440 0.001254
-1.333115 -1.454797 0.011433
-1.252105 -0.675528 0.252803
-1.393060 -1.441087 0.011009
-1.449862 -1.413735 0.014159
-1.329501 -0.756924 0.221517
-1.674654 -1.326365 0.012673
-1.724860 -1.292027 0.014767
-1.765870 -1.241073 0.022168
-1.941278 -1.164182 0.009620
-1.968721 -1.101884 0.019333
-2.002940 -1.052497 0.023679
-1.841115 -0.703453 0.141426
-2.175903 -0.865244 0.021612
-2.192645 -0.789397 0.031445
-2.237774 -0.753828 0.025087
-2.385160 -0.515914 0.015086
-2.416808 -0.452467 0.011863
-2.430117 -0.382576 0.014055
-2.397182 -0.302217 0.031149
-2.301383 0.017197 0.060453
-2.351732 0.055963 0.042241
-2.271449 0.075903 0.070030
-2.324502 0.116882 0.050200
-2.292142 0.150218 0.060195
-2.269494 0.183368 0.066437
-2.322322 0.230312 0.045304
-2.307207 0.265561 0.048059
-2.288746 0.338291 0.048215
-2.239496 0.453031 0.051983
-2.216086 0.483316 0.055640
-2.250806 0.556201 0.034207
-2.219371 0.583391 0.039979
-2.189963 0.625538 0.042237
-2.196223 0.691000 0.028963
-2.156662 0.711459 0.036911
-2.112359 0.726686 0.046838
-2.077260 0.763501 0.049355
-2.061390 0.817232 0.042332
-2.038156 0.866578 0.037553
-1.989918 0.891422 0.044147
-1.940254 0.893439 0.055943
-1.863493 0.859460 0.082701
-1.909761 0.955952 0.047650
-1.856794 0.949081 0.061413
-1.839456 1.035564 0.042265
-1.795879 1.064535 0.043205
-1.719613 1.034012 0.066360
-1.691008 1.117649 0.047438
-1.642740 1.105149 0.059121
-1.608898 1.233737 0.025811
-1.485942 1.202914 0.051296
-1.436999 1.223835 0.050179
-0.987402 -1.400993 0.023079
-1.149228 -1.413260 0.017134
-1.208205 -1.408508 0.016405
-1.268950 -1.428278 0.007051
-1.307129 -1.364696 0.024673
-1.252383 -0.679096 0.243804
-1.483501 -1.361675 0.010119
-1.537157 -1.335724 0.011943
-1.583917 -1.291643 0.019333
-1.631576 -1.256276 0.023219
-1.463094 -0.763433 0.193386
-1.786044 -1.187100 0.017733
-1.826127 -1.143773 0.022130
-1.878214 -1.096188 0.024396
-2.009432 -0.974194 0.025322
-2.065764 -0.934276 0.020507
-2.079343 -0.871531 0.030833
-2.252550 -0.681457 0.017743
-2.277095 -0.617183 0.020344
-2.308011 -0.557073 0.019183
-2.420483 -0.238020 0.012262
-2.391652 -0.165515 0.025754
-2.415245 -0.087861 0.019761
-2.406902 -0.020943 0.023417
-2.261872 0.016576 0.061285
-2.244473 0.050930 0.067157
-2.232117 0.073220 0.071156
-2.279901 0.112428 0.052625
-2.253325 0.145105 0.060890
-2.236320 0.177938 0.065323
-2.289241 0.223827 0.043510
-2.253297 0.253190 0.054204
-2.252999 0.290102 0.051266
-2.235711 0.322547 0.054338
-2.212078 0.352387 0.059510
-2.244862 0.402163 0.042592
-2.218854 0.444538 0.046200
-2.190942 0.472006 0.051864
-2.207355 0.520397 0.039405
-2.166589 0.554642 0.047371
-2.144675 0.584177 0.049474
-2.148427 0.644498 0.037608
-2.116621 0.683270 0.040037
-2.112157 0.726809 0.032716
-2.047940 0.739522 0.048827
-2.033121 0.792074 0.041496
-1.992363 0.804827 0.049794
-1.954240 0.835871 0.052592
-1.840787 0.927934 0.056925
-1.816782 0.979253 0.048280
-1.769949 0.998156 0.052914
-1.700793 0.951989 0.080151
-1.671397 1.049104 0.057019
-1.625083 1.036339 0.068948
-1.586673 1.102301 0.054846
-1.517596 1.054464 0.080003
-1.478546 1.177512 0.045815
-1.423316 1.166191 0.055766
-1.370829 1.230348 0.039933
-1.056596 -0.820258 0.196314
-1.078246 -0.776693 0.210586
-1.035395 -1.354817 0.021934
-1.091237 -1.377767 0.013841
-1.246791 -1.331970 0.023216
-1.360565 -1.336963 0.013703
-1.398510 -1.308552 0.019541
-1.450648 -1.286403 0.021433
-1.502780 -1.267275 0.021590
-1.672517 -1.209703 0.015315
-1.696110 -1.162184 0.025573
-1.731233 -1.112892 0.033785
-1.876936 -1.023190 0.029054
-1.888375 -0.951703 0.045254
-2.135721 -0.832015 0.008762
-2.134438 -0.762288 0.023475
-2.296638 -0.479223 0.018259
-2.326394 -0.420430 0.014977
-2.332924 -0.353746 0.019410
-2.314955 -0.282485 0.031708
-2.233048 0.016115 0.058938
-2.235337 0.107977 0.055997
-2.219794 0.140691 0.060410
-2.210075 0.162196 0.062921
-2.245483 0.215233 0.046499
-2.173243 0.223464 0.072517
-2.218189 0.268968 0.052323
-2.180972 0.294500 0.063509
-2.203449 0.386989 0.045297
-2.172691 0.412782 0.052874
-2.150801 0.441195 0.056616
-2.172852 0.503494 0.039802
-2.133808 0.523460 0.049800
-2.122316 0.557466 0.047865
-2.118289 0.610795 0.039565
-2.074685 0.639195 0.047987
-2.063075 0.674793 0.044378
-2.013615 0.696217 0.054837
-2.012910 0.757886 0.041210
-1.968922 0.782638 0.047929
-1.940305 0.804501 0.050494
-1.919270 0.870400 0.039323
-1.878926 0.898202 0.042187
-1.817976 0.878033 0.062558
-1.783996 0.910441 0.061404
-1.767134 0.994205 0.040835
-1.706785 0.987028 0.055442
-1.660947 0.976198 0.067704
-1.580814 1.122996 0.035150
-1.522901 1.070993 0.060718
-1.478759 1.133004 0.046257
-1.416968 1.039736 0.084932
-1.379465 1.207346 0.032297
-1.041486 -0.745699 0.211601
-1.033179 -0.860582 0.172872
-0.985166 -1.297241 0.025338
-1.038728 -1.311989 0.020600
-1.175762 -1.285552 0.026772
-1.284466 -1.292166 0.018788
-1.340088 -1.297051 0.013012
-1.371415 -1.237240 0.030353
-1.421880 -1.221654 0.030546
-1.538614 -1.199833 0.023476
-1.592046 -1.192021 0.018280
-1.630794 -1.146348 0.026607
-1.846373 -0.980499 0.033164
-1.929534 -0.903112 0.033595
-1.972979 -0.876205 0.029018
-2.036439 -0.849688 0.018059
-2.039266 -0.644658 0.061860
-2.182939 -0.653976 0.014645
-2.187281 -0.582597 0.025584
-2.201892 -0.519983 0.030531
-2.310496 -0.217560 0.023645
-2.308153 -0.154521 0.027756
-2.313904 -0.093258 0.027655
-2.311779 -0.019439 0.029456
-2.222339 0.049862 0.049680
-2.215493 0.072073 0.051812
-2.212170 0.105665 0.051998
-2.196770 0.137663 0.056528
-2.176646 0.157080 0.063225
-2.159039 0.187188 0.068083
-2.170005 0.256837 0.058416
-2.154045 0.286842 0.061547
-2.131766 0.314339 0.066922
-2.160874 0.359328 0.050925
-2.136092 0.386014 0.056571
-2.120095 0.415560 0.058270
-2.133775 0.471495 0.045012
-2.110100 0.498027 0.049007
-2.076972 0.584804 0.044662
-2.058730 0.614269 0.044854
-2.028287 0.649189 0.047387
-1.984006 0.717205 0.045814
-1.941767 0.741021 0.052608
-1.906921 0.754548 0.059243
-1.899505 0.830459 0.041517
-1.857490 0.853465 0.046370
-1.810800 0.850199 0.059153
-1.740136 0.928877 0.052745
-1.653581 0.962680 0.060379
-1.609690 1.004019 0.055323
-1.563716 1.014004 0.059979
-1.515848 1.051550 0.054920
-1.463017 0.963092 0.092586
-1.374684 1.059337 0.070178
-0.995651 -0.771825 0.192399
-0.984092 -1.204413 0.042325
-1.070267 -1.247196 0.027699
-1.228267 -1.269512 0.014893
-1.279262 -1.244584 0.020513
-1.314856 -1.214010 0.028551
-1.514846 -1.168994 0.022252
-1.557902 -1.136848 0.026743
-1.650600 -1.096246 0.024619
-1.711717 -1.076899 0.019258
-1.721003 -1.015064 0.036504
-1.733626 -0.942230 0.055873
-1.869726 -0.928632 0.027869
-1.910584 -0.900552 0.025106
-2.014014 -0.761264 0.031055
-2.081506 -0.737645 0.015801
-2.113915 -0.684030 0.016820
-2.204180 -0.453926 0.025392
-2.247927 -0.405731 0.015760
-2.222854 -0.333351 0.033070
-2.215768 0.015800 0.039870
-2.188103 0.048247 0.050460
-2.183457 0.102798 0.050685
-2.157220 0.220040 0.053951
-2.137424 0.248651 0.059175
-2.119522 0.265976 0.064440
-2.114443 0.342837 0.057665
-2.095334 0.370085 0.061269
-2.094415 0.452678 0.049242
-2.066759 0.475584 0.055394
-2.042975 0.499648 0.059580
-2.089890 0.539146 0.035800
-2.059792 0.560778 0.042140
-2.029042 0.580888 0.048611
-1.979352 0.654642 0.048888
-1.959509 0.696301 0.045286
-1.917940 0.703827 0.056176
-1.871967 0.783331 0.048731
-1.831851 0.805263 0.053664
-1.766085 0.865861 0.052821
-1.732455 0.896160 0.051550
-1.611083 0.980307 0.049840
-1.561691 1.009892 0.048665
-1.510586 1.002798 0.059457
-1.419577 1.008089 0.070457
-1.369577 0.984280 0.084961
-0.909616 -0.743817 0.187686
-1.010222 -0.700068 0.209231
-0.977511 -1.160692 0.043567
-1.047293 -0.757180 0.189892
-1.021337 -1.104657 0.064440
-1.078764 -0.763477 0.187956
-1.211545 -1.206417 0.023608
-1.247354 -1.178159 0.031832
-1.215104 -0.675869 0.215625
-1.360686 -1.180745 0.021915
-1.436155 -1.120534 0.035042
-1.569554 -1.063310 0.035524
-1.416536 -0.650558 0.200518
-1.613380 -1.043910 0.034415
-1.745559 -0.962340 0.033761
-1.778445 -0.926120 0.037187
-1.917866 -0.835566 0.026722
-1.991125 -0.806866 0.012994
-1.995231 -0.745005 0.026942
-2.102850 -0.603597 0.022598
-2.137820 -0.555201 0.019411
-2.131626 -0.498477 0.031272
-2.231584 -0.274676 0.021868
-2.238957 -0.204307 0.024339
-2.225471 -0.143612 0.033018
-2.257670 -0.088867 0.022179
-2.159972 0.014942 0.049920
-2.087005 0.033619 0.079733
-2.164303 0.047119 0.047663
-2.122960 0.096754 0.063132
-2.109354 0.115865 0.067852
-2.163383 0.188066 0.041448
-2.121249 0.201482 0.057480
-2.109262 0.296143 0.053011
-2.081522 0.320142 0.061018
-2.073114 0.350263 0.060309
-2.085717 0.401000 0.048094
-2.050090 0.419838 0.058608
-2.037731 0.448771 0.058335
-2.019476 0.523401 0.051045
-2.001930 0.563076 0.049082
-1.996405 0.612256 0.040213
-1.956476 0.623023 0.051152
-1.942046 0.667048 0.045252
-1.888481 0.736713 0.043874
-1.850988 0.744828 0.052754
-1.809054 0.762058 0.059849
-1.747644 0.840214 0.052641
-1.709560 0.841532 0.061629
-1.643776 0.921211 0.050375
-1.591360 0.913384 0.063736
-1.466418 0.975911 0.063189
-1.412719 0.983291 0.067966
-1.375219 1.011798 0.061970
-0.976202 -1.090447 0.055615
-1.111409 -1.172054 0.025667
-1.137286 -1.088809 0.056263
-1.166773 -0.779474 0.171285
-1.196789 -1.159608 0.027481
-1.254445 -0.826472 0.148488
-1.322757 -1.101283 0.040589
-1.368769 -1.093396 0.038971
-1.476472 -1.087428 0.027811
-1.526770 -1.087468 0.020325
-1.518042 -0.993306 0.054991
-1.649194 -1.008985 0.025677
-1.682742 -0.971792 0.031106
-1.716820 -0.938169 0.034504
-1.800278 -0.877067 0.033249
-1.847782 -0.844596 0.030211
-1.886437 -0.801597 0.031497
-1.971301 -0.664769 0.040443
-2.052008 -0.654910 0.015785
-2.133151 -0.435935 0.027367
-2.145626 -0.380077 0.030495
-2.159076 -0.313742 0.033264
-2.223836 -0.018083 0.023699
-2.109669 0.014167 0.058901
-2.081264 0.062927 0.070007
-2.074077 0.082042 0.072403
-2.065063 0.110498 0.074957
-2.056462 0.128897 0.077579
-2.079786 0.162385 0.065637
-2.077832 0.192468 0.064146
-2.103511 0.261691 0.046960
-2.102504 0.294123 0.043712
-2.064245 0.380501 0.047272
-2.029307 0.398978 0.058010
-2.011013 0.470128 0.052341
-1.987822 0.492442 0.056614
-1.963423 0.575499 0.047510
-1.937242 0.595145 0.052028
-1.901935 0.675179 0.043644
-1.861984 0.695569 0.050829
-1.825558 0.717957 0.055668
-1.777223 0.790570 0.047868
-1.737749 0.808416 0.052870
-1.663558 0.848000 0.058309
-1.623813 0.884226 0.054868
-1.589091 0.909352 0.053313
-1.555861 0.967681 0.038753
-1.495721 0.902035 0.073456
-1.461486 0.961550 0.056897
-1.412628 0.984289 0.055282
-1.017703 -1.128158 0.028839
-1.055253 -1.108123 0.036819
-1.101533 -1.113530 0.034404
-1.136701 -1.100862 0.038555
-1.201705 -1.011787 0.070457
-1.273296 -1.081751 0.038856
-1.289113 -1.026905 0.058657
-1.409220 -1.063448 0.032145
-1.436828 -1.033947 0.039595
-1.492047 -1.021966 0.035945
-1.577571 -0.992351 0.031977
-1.606916 -0.948573 0.041704
-1.690817 -0.834442 0.061521
-1.785331 -0.857302 0.030115
-1.915084 -0.765933 0.019552
-1.937535 -0.709482 0.027493
-2.044787 -0.580485 0.021029
-2.073900 -0.532486 0.020021
-2.081572 -0.473375 0.027974
-2.161654 -0.257091 0.025141
-2.160916 -0.200860 0.030133
-2.164915 -0.135652 0.032439
-2.075181 0.013630 0.062112
-2.053936 0.032390 0.071135
-2.057514 0.061306 0.068880
-2.040036 0.079003 0.075877
-2.012538 0.122633 0.085654
-2.046455 0.156560 0.068758
-2.044811 0.185620 0.067169
-2.023596 0.200501 0.074903
-2.095885 0.227720 0.041513
-2.043293 0.235034 0.063087
-2.043169 0.265490 0.059722
-2.070913 0.316653 0.041672
-2.062640 0.346470 0.040894
-2.013849 0.425528 0.047573
-1.987076 0.457138 0.052061
-1.951208 0.459648 0.065364
-1.972349 0.531420 0.042068
-1.934320 0.542657 0.053512
-1.909255 0.561577 0.058052
-1.912561 0.628942 0.039930
-1.873182 0.635797 0.051497
-1.850005 0.669781 0.049765
-1.799883 0.736252 0.045847
-1.758931 0.751283 0.053171
-1.692382 0.816463 0.049829
-1.660825 0.844002 0.048205
-1.615360 0.847212 0.057710
-1.543005 0.910252 0.049835
-1.487061 0.826848 0.091622
-1.366611 0.928277 0.070892
-0.978596 -1.071220 0.036734
-1.013153 -1.069203 0.038394
-1.048547 -1.054935 0.044491
-1.169885 -1.034281 0.050696
-1.214393 -1.055079 0.040243
-1.243397 -1.006199 0.057870
-1.331832 -1.021536 0.044167
-1.389762 -1.031364 0.033758
-1.514601 -0.986009 0.032631
-1.638308 -0.914187 0.034368
-1.690252 -0.895117 0.028956
-1.800220 -0.804721 0.029505
-1.814993 -0.755541 0.040196
-1.949863 -0.662073 0.022672
-1.978682 -0.615432 0.024051
-2.082154 -0.413599 0.025055
-2.098598 -0.362379 0.026106
-2.154713 -0.080755 0.026414
-2.157673 -0.017042 0.026171
-2.035355 0.013016 0.068477
-2.045358 0.032063 0.063724
-2.028344 0.059317 0.070685
-2.042655 0.107797 0.062234
-2.014689 0.141626 0.072588
-2.031080 0.231859 0.057244
-1.998818 0.242582 0.070038
-2.032626 0.293122 0.049107
-2.010526 0.316323 0.055252
-2.039199 0.370247 0.034834
-1.998448 0.418036 0.043242
-1.946106 0.502708 0.046475
-1.909033 0.513480 0.058113
-1.878004 0.587690 0.050897
-1.839956 0.593837 0.062642
-1.807875 0.685041 0.046986
-1.772491 0.690476 0.056493
-1.715256 0.761036 0.050511
-1.683222 0.784879 0.051114
-1.644839 0.798641 0.056210
-1.577766 0.863505 0.048164
-1.523017 0.816010 0.077685
-1.453336 0.938139 0.042723
-1.407396 0.926993 0.054171
-1.370041 0.944826 0.051992
-0.972365 -0.925360 0.082326
-1.011313 -1.000175 0.053358
-1.093716 -1.035059 0.039676
-1.136713 -1.054768 0.030772
-1.169604 -1.040796 0.035407
-1.285951 -1.008347 0.041267
-1.329903 -1.012568 0.035306
-1.412494 -0.988162 0.035025
-1.451991 -0.970825 0.036057
-1.483415 -0.931786 0.046146
-1.517665 -0.905703 0.049995
-1.559205 -0.898118 0.044689
-1.688981 -0.832760 0.038166
-1.737257 -0.810715 0.032737
-1.853138 -0.719324 0.026645
-1.877427 -0.669735 0.032808
-1.978960 -0.550585 0.026456
-2.006677 -0.506126 0.025460
-2.022784 -0.455415 0.029164
-2.078306 -0.299703 0.030579
-2.084882 -0.248253 0.033615
-2.010998 0.012631 0.068595
-2.022370 0.077424 0.061702
-2.025049 0.096312 0.059609
-2.000370 0.120925 0.069523
-2.019537 0.170872 0.057047
-1.983783 0.182158 0.072218
-1.985850 0.210538 0.068409
-1.979321 0.265711 0.064632
-1.972846 0.292658 0.063688
-1.936408 0.307996 0.077173
-2.002702 0.344556 0.042668
-1.919885 0.389379 0.069655
-1.972868 0.438423 0.037907
-1.950843 0.459765 0.042396
-1.910659 0.469196 0.056421
-1.881381 0.529387 0.053272
-1.855084 0.557092 0.055871
-1.815415 0.623681 0.051220
-1.785102 0.634061 0.058423
-1.744420 0.645557 0.068239
-1.740416 0.713464 0.047368
-1.701121 0.726075 0.054838
-1.603995 0.807075 0.051578
-1.574981 0.836058 0.047359
-1.493760 0.871580 0.050314
-1.454140 0.877341 0.055167
-1.408870 0.861666 0.069028
-1.043061 -0.997773 0.042594
-1.076711 -0.971735 0.053781
-1.094391 -0.865096 0.098774
-1.200541 -1.010316 0.034035
-1.241495 -0.992809 0.038857
-1.270848 -0.974630 0.044210
-1.365320 -0.974307 0.034402
-1.388188 -0.936404 0.047031
-1.512172 -0.892892 0.043977
-1.557003 -0.823579 0.061485
-1.633089 -0.840418 0.037353
-1.650464 -0.791469 0.050724
-1.763605 -0.776646 0.024118
-1.774334 -0.725145 0.037687
-1.821472 -0.701761 0.029907
-1.892493 -0.628263 0.026744
-1.919723 -0.584671 0.028290
-2.008378 -0.391947 0.034591
-2.081480 -0.185299 0.028896
-2.083375 -0.134971 0.031522
-2.084102 -0.075169 0.033861
-2.086875 -0.015913 0.033626
-2.021712 0.031176 0.052314
-2.020269 0.058753 0.052280
-1.993182 0.074818 0.064495
-1.992318 0.137986 0.061204
-1.976154 0.162330 0.066778
-1.970882 0.179362 0.067648
-1.962771 0.232341 0.065501
-1.945532 0.245662 0.071646
-1.933702 0.336029 0.062867
-1.964545 0.390862 0.039266
-1.895900 0.504927 0.042377
-1.863866 0.516829 0.051962
-1.822542 0.566970 0.053904
-1.794854 0.591854 0.056657
-1.720974 0.675454 0.054785
-1.687299 0.677799 0.064490
-1.670892 0.750273 0.043456
-1.633942 0.763699 0.048705
-1.594326 0.771002 0.056264
-1.531739 0.836780 0.044965
-1.485366 0.824964 0.059389
-1.366280 0.887946 0.052819
-0.969216 -0.937862 0.053621
-1.001463 -0.926262 0.060001
-1.032180 -0.918288 0.064360
-1.138620 -0.906721 0.069194
-1.166736 -0.882291 0.078889
-1.323283 -0.978507 0.025159
-1.317691 -0.890052 0.063753
-1.422592 -0.911125 0.040445
-1.455320 -0.883552 0.046409
-1.525138 -0.847683 0.047442
-1.557562 -0.825447 0.049120
-1.679782 -0.765221 0.040430
-1.711988 -0.726893 0.044490
-1.826506 -0.636549 0.035962
-1.923346 -0.525790 0.029636
-1.949823 -0.484269 0.028690
-2.019624 -0.343097 0.025977
-2.018303 -0.290660 0.034322
-2.032083 -0.234398 0.034991
-1.977072 0.012084 0.063167
-1.986861 0.029905 0.058133
-1.960851 0.046121 0.070407
-2.001677 0.093737 0.048608
-1.992570 0.119842 0.051446
-1.973650 0.134933 0.059483
-1.944516 0.147415 0.072471
-1.924827 0.160727 0.080692
-1.959119 0.203865 0.059841
-1.937956 0.216290 0.068363
-1.923530 0.238891 0.072184
-1.942498 0.281965 0.057068
-1.914712 0.290351 0.068493
-1.892943 0.309296 0.075158
-1.915820 0.357557 0.055884
-1.882148 0.360760 0.070147
-1.905530 0.466360 0.036492
-1.836286 0.530895 0.047758
-1.813993 0.559954 0.047987
-1.762514 0.599103 0.054916
-1.733821 0.621262 0.057729
-1.654750 0.711038 0.051245
-1.612967 0.697558 0.068429
-1.557573 0.781981 0.049780
-1.518638 0.786131 0.057194
-1.440801 0.811951 0.062319
-1.408700 0.830874 0.059807
-1.365393 0.845957 0.059954
-0.967108 -0.853158 0.078766
-1.080159 -0.815088 0.099527
-1.129517 -0.882041 0.069132
-1.216365 -0.939390 0.039592
-1.239914 -0.876015 0.066230
-1.367448 -0.895871 0.043424
-1.390044 -0.868469 0.052019
-1.471809 -0.844759 0.047902
-1.498537 -0.810668 0.056666
-1.594723 -0.793530 0.041090
-1.629556 -0.777286 0.038220
-1.731388 -0.690313 0.039443
-1.773043 -0.665462 0.033857
-1.862487 -0.603353 0.020682
-1.870313 -0.559563 0.030035
-1.951759 -0.429590 0.028034
-1.955008 -0.378116 0.036928
-2.021175 -0.183011 0.033714
-2.024517 -0.126569 0.036396
-1.942281 0.011549 0.069872
-1.921310 0.043848 0.079719
-1.969589 0.072711 0.054537
-1.942358 0.087176 0.067389
-1.939722 0.103802 0.067713
-1.931254 0.119511 0.070827
-1.904688 0.259560 0.067636
-1.896367 0.274442 0.069197
-1.876208 0.329755 0.068591
-1.861449 0.341317 0.073006
-1.881736 0.399971 0.051208
-1.834957 0.393246 0.073376
-1.827289 0.427852 0.068245
-1.847905 0.494435 0.042051
-1.804497 0.495362 0.059585
-1.754666 0.591648 0.049203
-1.694803 0.631231 0.056736
-1.668445 0.654530 0.057000
-1.579159 0.727480 0.055243
-1.546864 0.723816 0.065253
-1.482142 0.794120 0.050741
-1.445701 0.799764 0.055709
-1.003047 -0.912630 0.042734
-1.028339 -0.872763 0.061804
-1.062499 -0.900425 0.049872
-1.176071 -0.915387 0.040997
-1.203172 -0.884724 0.053670
-1.253890 -0.839947 0.070416
-1.315619 -0.882430 0.044571
-1.351280 -0.869648 0.045760
-1.422889 -0.848190 0.044061
-1.450992 -0.816120 0.052861
-1.527422 -0.785905 0.049295
-1.554720 -0.759215 0.053642
-1.646876 -0.734740 0.038084
-1.784382 -0.610063 0.036262
-1.885863 -0.512106 0.024886
-1.894181 -0.461633 0.034135
-1.946591 -0.324190 0.039247
-1.967107 -0.273699 0.037599
-2.015256 -0.069766 0.032345
-2.017884 -0.014840 0.032100
-1.952609 0.028640 0.053939
-1.896606 0.042425 0.082327
-1.940599 0.061716 0.059088
-1.909077 0.075394 0.074596
-1.905733 0.099318 0.074907
-1.869555 0.125629 0.091295
-1.912038 0.141407 0.068401
-1.902601 0.156155 0.071749
-1.892797 0.170545 0.075153
-1.939048 0.190033 0.049781
-1.916203 0.210392 0.058662
-1.909394 0.225868 0.059939
-1.880738 0.295354 0.062639
-1.850019 0.309008 0.074653
-1.853043 0.374721 0.059226
-1.820126 0.375448 0.074019
-1.802765 0.441980 0.064697
-1.777152 0.454164 0.072226
-1.788168 0.527030 0.046044
-1.726168 0.600793 0.045606
-1.636398 0.655844 0.056056
-1.600532 0.664093 0.063951
-1.501453 0.710508 0.071813
-1.398028 0.797926 0.054464
-1.366264 0.815251 0.051714
-0.968778 -0.802891 0.080041
-1.001160 -0.866146 0.052598
-1.094215 -0.849681 0.062476
-1.120985 -0.848249 0.062898
-1.239473 -0.878364 0.042733
-1.264498 -0.855589 0.051224
-1.355827 -0.811567 0.060424
-1.474938 -0.779230 0.052981
-1.598550 -0.745162 0.036523
-1.623185 -0.716075 0.041080
-1.646484 -0.671582 0.051217
-1.689771 -0.655223 0.043123
-1.729479 -0.632573 0.037424
-1.811182 -0.572324 0.026506
-1.895437 -0.409816 0.034532
-1.925078 -0.364335 0.030607
-1.975640 -0.219659 0.029407
-1.968698 -0.172115 0.038006
-1.981752 -0.120495 0.035548
-1.917921 0.011147 0.061869
-1.912756 0.027193 0.064338
-1.893420 0.113722 0.070208
-1.881292 0.192512 0.068310
-1.890955 0.246231 0.055678
-1.846636 0.334391 0.060855
-1.805420 0.404620 0.063234
-1.772877 0.412216 0.075803
-1.751075 0.475342 0.066773
-1.722703 0.537386 0.058151
-1.700308 0.561850 0.058281
-1.659383 0.629880 0.047817
-1.573125 0.684496 0.053188
-1.534877 0.685352 0.063665
-1.474401 0.754124 0.048320
-1.432494 0.740644 0.063657
-1.397182 0.739844 0.071060
-1.024634 -0.832742 0.058389
-1.052942 -0.818891 0.065966
-1.087428 -0.819833 0.065993
-1.156159 -0.861487 0.044569
-1.182055 -0.826733 0.060325
-1.274786 -0.804249 0.063749
-1.321707 -0.821317 0.049861
-1.380906 -0.773428 0.063373
-1.430897 -0.788257 0.047178
-1.486498 -0.740775 0.056535
-1.533544 -0.739014 0.045606
-1.637481 -0.674556 0.042043
-1.726493 -0.578550 0.046342
-1.802537 -0.518520 0.035324
-1.807718 -0.468225 0.047834
-1.911465 -0.310119 0.036465
-1.972326 -0.066393 0.032182
-1.954480 -0.013817 0.042669
-1.847266 0.010094 0.089795
-1.877826 0.025923 0.073028
-1.857992 0.040197 0.083355
-1.856785 0.055125 0.083446
-1.885333 0.073025 0.067212
-1.870496 0.102433 0.073292
-1.884760 0.152496 0.061152
-1.856081 0.162136 0.075240
-1.882902 0.218059 0.053785
-1.838691 0.220760 0.076263
-1.876277 0.267254 0.049170
-1.864903 0.289098 0.050872
-1.837945 0.295191 0.063179
-1.815960 0.346079 0.062786
-1.796974 0.353710 0.070067
-1.752985 0.427233 0.070478
-1.725664 0.485773 0.064008
-1.499934 0.689988 0.060676
-1.466012 0.713949 0.058160
-1.361298 0.765148 0.054975
-0.967718 -0.804804 0.057799
-0.997840 -0.830855 0.047076
-1.015688 -0.781000 0.072550
-1.112931 -0.819566 0.055351
-1.138904 -0.807026 0.061124
-1.215674 -0.816486 0.052509
-1.239231 -0.794853 0.061345
-1.321127 -0.739975 0.078717
-1.422538 -0.716590 0.071604
-1.546255 -0.691104 0.052197
-1.658859 -0.631661 0.040843
-1.690648 -0.603235 0.040203
-1.768792 -0.547511 0.029162
-1.844605 -0.441582 0.027795
-1.844902 -0.391859 0.040416
-1.904841 -0.262009 0.037288
-1.927050 -0.215693 0.032617
-1.838317 0.024491 0.085093
-1.833319 0.031541 0.087686
-1.813478 0.044676 0.098230
-1.851029 0.069598 0.076328
-1.839442 0.083182 0.081894
-1.866565 0.125175 0.063680
-1.851633 0.176840 0.066009
-1.818916 0.206668 0.079218
-1.843464 0.246882 0.059540
-1.826558 0.257064 0.066501
-1.830346 0.317934 0.052023
-1.795772 0.389551 0.051302
-1.755688 0.391919 0.069669
-1.736737 0.444445 0.062539
-1.700433 0.444897 0.078477
-1.706028 0.511134 0.053400
-1.676342 0.515389 0.064058
-1.643535 0.514670 0.077420
-1.619073 0.606077 0.050288
-1.564225 0.655197 0.047463
-1.433047 0.698459 0.062955
-1.395175 0.710065 0.065466
-1.052085 -0.820715 0.043479
-1.079463 -0.806071 0.051467
-1.172062 -0.794101 0.055886
-1.259933 -0.763379 0.064753
-1.304416 -0.781140 0.050372
-1.366162 -0.754420 0.054108
-1.395911 -0.739541 0.055847
-1.480870 -0.729645 0.041619
-1.490216 -0.691117 0.057136
-1.584124 -0.673220 0.037934
-1.599910 -0.637022 0.048239
-1.697564 -0.561687 0.042271
-1.767658 -0.501885 0.033718
-1.780644 -0.459415 0.041228
-1.860166 -0.343351 0.033633
-1.868914 -0.301874 0.037908
-1.912630 -0.160530 0.036105
-1.920037 -0.111715 0.036327
-1.919984 -0.062245 0.039067
-1.806305 0.072137 0.091813
-1.837349 0.097715 0.072518
-1.807189 0.121922 0.087263
-1.858367 0.139252 0.056895
-1.844573 0.151840 0.063166
-1.844284 0.198642 0.057059
-1.811683 0.275782 0.060736
-1.800413 0.329492 0.054408
-1.777648 0.334742 0.064649
-1.732576 0.403802 0.067293
-1.708873 0.414104 0.075139
-1.686350 0.472546 0.065461
-1.462064 0.667350 0.060876
-1.361617 0.708725 0.062631
-0.961207 -0.758299 0.059274
-0.992140 -0.769597 0.056048
-1.019184 -0.758094 0.063720
-1.105806 -0.786030 0.051336
-1.130867 -0.774006 0.057336
-1.195960 -0.779997 0.051358
-1.218409 -0.754402 0.063142
-1.311316 -0.734922 0.062583
-1.407066 -0.699097 0.063183
-1.520615 -0.663114 0.051292
-1.625883 -0.604104 0.042465
-1.718538 -0.525129 0.036361
-1.795771 -0.420405 0.035116
-1.869634 -0.249972 0.036609
-1.907793 -0.013107 0.036533
-1.818079 0.023736 0.077936
-1.827463 0.060021 0.071127
-1.804476 0.085975 0.082783
-1.787899 0.097535 0.091405
-1.830110 0.111411 0.065899
-1.780016 0.109993 0.094789
-1.808536 0.136662 0.075643
-1.833815 0.172408 0.056783
-1.809788 0.181228 0.069065
-1.815640 0.229150 0.057891
-1.794864 0.237316 0.067789
-1.810358 0.308744 0.044137
-1.769853 0.297693 0.068179
-1.768865 0.364608 0.051227
-1.685561 0.423858 0.073195
-1.658253 0.477318 0.066171
-1.628403 0.488775 0.074432
-1.626780 0.553529 0.048820
-1.591528 0.546422 0.065371
-1.549567 0.617977 0.048371
-1.521525 0.631411 0.051097
-1.425570 0.681090 0.053104
-1.391041 0.675926 0.063636
-1.043586 -0.755688 0.055904
-1.068673 -0.746796 0.061485
-1.162796 -0.761565 0.052608
-1.258303 -0.755964 0.048190
-1.279582 -0.737965 0.055236
-1.351889 -0.735278 0.045520
-1.378022 -0.711792 0.052732
-1.448670 -0.698021 0.043799
-1.468918 -0.666234 0.054206
-1.653134 -0.574191 0.033941
-1.722275 -0.475381 0.041801
-1.791608 -0.371163 0.040502
-1.809878 -0.327855 0.042110
-1.865374 -0.206960 0.035435
-1.860211 -0.157457 0.044871
-1.797714 0.057365 0.079407
-1.803055 0.157312 0.066812
-1.772457 0.156866 0.084603
-1.800055 0.193466 0.063144
-1.787042 0.211788 0.067408
-1.766918 0.219643 0.077320
-1.785241 0.257002 0.059499
-1.769838 0.273926 0.064233
-1.744339 0.277743 0.077238
-1.753747 0.313973 0.063064
-1.736543 0.329021 0.068086
-1.746557 0.377531 0.048819
-1.727522 0.391617 0.054032
-1.665125 0.444495 0.065769
-1.637652 0.448374 0.076757
-1.607466 0.498181 0.069851
-1.571655 0.582614 0.046851
-1.540389 0.576747 0.060682
-1.458430 0.642693 0.054141
-1.361697 0.684026 0.055612
-0.963942 -0.714264 0.062108
-0.985382 -0.723981 0.058974
-1.093196 -0.732504 0.059577
-1.186040 -0.752915 0.045796
-1.207941 -0.728052 0.057995
-1.298707 -0.715213 0.054701
-1.392039 -0.681434 0.055434
-1.484719 -0.630137 0.057388
-1.557560 -0.604484 0.046069
-1.652678 -0.527243 0.042772
-1.679012 -0.499371 0.042301
-1.730556 -0.432826 0.042115
-1.752458 -0.401557 0.041301
-1.800379 -0.281457 0.047780
-1.868157 -0.112115 0.034588
-1.858482 -0.064937 0.043394
-1.787416 0.070060 0.075678
-1.776809 0.075600 0.081725
-1.769809 0.088083 0.084981
-1.782315 0.124279 0.073846
-1.746695 0.143669 0.092657
-1.711586 0.338918 0.068946
-1.704693 0.402485 0.052083
-1.619541 0.470057 0.066861
-1.577961 0.507631 0.068442
-1.505044 0.562060 0.070326
-1.423217 0.656308 0.046479
-1.010850 -0.713773 0.056576
-1.035183 -0.706412 0.062270
-1.116513 -0.721979 0.055446
-1.139540 -0.705112 0.064603
-1.237097 -0.716704 0.051640
-1.325996 -0.699230 0.048985
-1.427014 -0.667549 0.044334
-1.508042 -0.611127 0.049545
-1.680983 -0.460641 0.045942
-1.747913 -0.354562 0.047666
-1.809635 -0.237208 0.041686
-1.852042 -0.012229 0.038693
-1.762902 0.100377 0.079125
-1.769714 0.135490 0.070929
-1.779907 0.180300 0.058124
-1.756326 0.187468 0.071041
-1.741465 0.196641 0.078219
-1.698206 0.208279 0.101413
-1.762790 0.240499 0.056695
-1.733674 0.243360 0.072978
-1.721907 0.252754 0.077545
-1.742028 0.300140 0.054000
-1.706199 0.368812 0.052909
-1.672548 0.362465 0.072608
-1.678060 0.409412 0.053287
-1.655167 0.417874 0.061469
-1.589541 0.468893 0.071202
-1.554321 0.523137 0.061402
-1.524643 0.517565 0.075537
-1.480712 0.590880 0.054405
-1.359859 0.654770 0.052349
-0.960853 -0.694633 0.052448
-0.980373 -0.678996 0.063412
-1.059229 -0.693966 0.060682
-1.087567 -0.704579 0.055361
-1.168861 -0.711794 0.049763
-1.189763 -0.683158 0.065139
-1.256593 -0.695432 0.051563
-1.283878 -0.681194 0.056006
-1.350924 -0.677708 0.046212
-1.423437 -0.621719 0.059653
-1.517364 -0.570760 0.056383
-1.617041 -0.511393 0.044509
-1.704842 -0.423182 0.037966
-1.770015 -0.316628 0.036190
-1.791152 -0.193024 0.050633
-1.815742 -0.147793 0.042303
-1.827548 -0.105871 0.039476
-1.743139 0.123104 0.079943
-1.727396 0.171830 0.082350
-1.708771 0.179196 0.092412
-1.717612 0.310829 0.055217
-1.696436 0.314360 0.066053
-1.662296 0.380139 0.062504
-1.626131 0.368940 0.085279
-1.631368 0.433870 0.057326
-1.566357 0.473505 0.070056
-1.500478 0.542664 0.062850
-1.448030 0.605713 0.047035
-1.419371 0.611048 0.052415
-1.009652 -0.680320 0.055693
-1.032148 -0.678071 0.058718
-1.104315 -0.674938 0.063175
-1.125812 -0.668481 0.066916
-1.209843 -0.668845 0.062375
-1.302972 -0.667885 0.050858
-1.363054 -0.643892 0.052793
-1.399633 -0.640006 0.046220
-1.453011 -0.601734 0.052120
-1.483694 -0.584130 0.051553
-1.546197 -0.550179 0.046018
-1.635933 -0.479068 0.039881
-1.702743 -0.377288 0.045006
-1.764894 -0.274186 0.039952
-1.769078 -0.230188 0.047332
-1.813488 -0.060936 0.041602
-1.816265 -0.011662 0.041266
-1.733526 0.140587 0.074734
-1.759320 0.167504 0.054116
-1.703490 0.190560 0.084802
-1.744223 0.226081 0.052065
-1.712042 0.270212 0.060573
-1.684472 0.278083 0.074590
-1.676531 0.333410 0.061875
-1.655382 0.335106 0.073017
-1.607116 0.448605 0.053320
-1.582392 0.442478 0.067677
-1.544203 0.488695 0.063214
-1.515937 0.494885 0.071841
-1.473689 0.551165 0.058563
-1.390287 0.595499 0.059587
-1.354963 0.596352 0.067963
-0.958205 -0.674904 0.043388
-1.054730 -0.670804 0.054656
-1.070814 -0.656544 0.063970
-1.153497 -0.661498 0.060901
-1.235861 -0.652654 0.059893
-1.324533 -0.638339 0.054505
-1.416495 -0.606982 0.050367
-1.499959 -0.557175 0.050203
-1.553898 -0.513971 0.050724
-1.638854 -0.433700 0.047445
-1.672320 -0.407452 0.040617
-1.709882 -0.340450 0.043425
-1.730854 -0.304596 0.042150
-1.771074 -0.187149 0.044693
-1.772639 0.122477 0.042687
-1.729379 0.152671 0.066552
-1.691268 0.205835 0.080433
-1.710775 0.248069 0.057994
-1.690854 0.253014 0.068871
-1.681415 0.298439 0.061223
-1.638625 0.354766 0.066142
-1.611917 0.390646 0.066270
-1.559629 0.466323 0.057963
-1.488082 0.488939 0.077037
-1.444628 0.554201 0.057442
-1.416004 0.555449 0.065907
-0.982015 -0.641682 0.056340
-1.003828 -0.670665 0.041183
-1.092229 -0.647372 0.060755
-1.166646 -0.639654 0.064358
-1.253282 -0.632024 0.060857
-1.337590 -0.610360 0.058893
-1.435113 -0.582099 0.049169
-1.522699 -0.529718 0.046071
-1.581781 -0.483542 0.043370
-1.761476 -0.142716 0.048324
-1.778711 -0.098386 0.042175
-1.694015 0.168257 0.077961
-1.667280 0.255482 0.073757
-1.657792 0.306816 0.063328
-1.611006 0.349845 0.074303
-1.593841 0.359502 0.079776
-1.595243 0.419098 0.053458
-1.571163 0.413392 0.068139
-1.537018 0.469971 0.057121
-1.465469 0.512456 0.064136
-1.382097 0.558716 0.064936
-0.960075 -0.596783 0.071056
-1.023487 -0.644489 0.049368
-1.045544 -0.637442 0.055493
-1.119672 -0.637630 0.057662
-1.139957 -0.626068 0.064715
-1.192351 -0.625962 0.062004
-1.218551 -0.624214 0.060672
-1.279485 -0.627726 0.050109
-1.361176 -0.597450 0.051670
-1.456626 -0.565130 0.042048
-1.588222 -0.451137 0.045788
-1.651056 -0.358095 0.051551
-1.713094 -0.258514 0.046451
-1.725443 -0.221166 0.047866
-1.774074 -0.057439 0.038803
-1.687260 0.224255 0.060813
-1.664187 0.227450 0.074862
-1.657070 0.270892 0.066581
-1.637296 0.273661 0.077906
-1.641899 0.319056 0.059400
-1.621918 0.327762 0.067877
-1.509702 0.476641 0.056554
-1.434326 0.496362 0.075849
-1.357115 0.546913 0.070068
-0.977634 -0.583020 0.073151
-1.067412 -0.625061 0.055238
-1.165881 -0.627712 0.053313
-1.236138 -0.609064 0.059057
-1.293753 -0.601240 0.054883
-1.317556 -0.590101 0.057093
-1.377283 -0.566449 0.056821
-1.465494 -0.527426 0.050598
-1.524415 -0.487648 0.048102
-1.546017 -0.463073 0.050828
-1.594068 -0.411485 0.051419
-1.629534 -0.391090 0.041162
-1.661093 -0.318536 0.050652
-1.722832 -0.179444 0.049086
-1.748908 -0.010588 0.048292
-1.673022 0.192725 0.069204
-1.652956 0.191339 0.083028
-1.645399 0.231829 0.077159
-1.602264 0.335966 0.067228
-1.573146 0.373780 0.067361
-1.546984 0.433625 0.052344
-1.519518 0.430034 0.067529
-1.482586 0.481940 0.056157
-1.406812 0.509171 0.069212
-1.380621 0.509360 0.077700
-1.001259 -0.618174 0.044651
-1.016551 -0.582489 0.069605
-1.087944 -0.616272 0.052447
-1.112656 -0.634280 0.040850
-1.184460 -0.610052 0.054450
-1.252065 -0.588635 0.061005
-1.398502 -0.551713 0.050212
-1.487062 -0.501917 0.047028
-1.680947 -0.286070 0.039852
-1.719270 -0.133038 0.050322
-1.734748 -0.098006 0.043975
-1.649022 0.208306 0.072784
-1.632197 0.244681 0.073293
-1.630935 0.297840 0.055829
-1.555995 0.382383 0.063856
-1.498513 0.432758 0.067263
-1.455902 0.486173 0.055698
-1.431841 0.492810 0.061206
-1.354915 0.508930 0.077209
-0.958759 -0.558868 0.067343
-0.974736 -0.549622 0.076171
-1.034727 -0.585590 0.060395
-1.054922 -0.578360 0.066962
-1.121464 -0.591138 0.060605
-1.202670 -0.600743 0.049871
-1.272783 -0.566695 0.063074
-1.326190 -0.554506 0.059650
-1.409033 -0.516136 0.059362
-1.494067 -0.468596 0.053288
-1.556727 -0.428228 0.044348
-1.605465 -0.340619 0.057262
-1.671357 -0.246334 0.048915
-1.726408 -0.053160 0.044481
-1.612884 0.216637 0.086504
-1.622257 0.258920 0.066473
-1.603400 0.261139 0.078065
-1.604112 0.294712 0.065050
-1.585692 0.353565 0.051538
-1.559608 0.339434 0.073219
-1.537567 0.397475 0.057418
-1.511138 0.394469 0.072830
-1.406703 0.483869 0.067306
-0.988591 -0.544559 0.073034
-1.010503 -0.554302 0.069718
-1.069019 -0.565248 0.067955
-1.145948 -0.589105 0.052419
-1.287213 -0.549895 0.062638
-1.344485 -0.533866 0.059385
-1.437433 -0.505272 0.046457
-1.517658 -0.449464 0.043590
-1.568536 -0.396705 0.044252
-1.618640 -0.306349 0.053834
-1.719996 -0.010158 0.041477
-1.636433 0.221608 0.060247
-1.585728 0.269805 0.077978
-1.585850 0.309963 0.061628
-1.563372 0.307224 0.076843
-1.534223 0.291681 0.101672
-1.546316 0.357971 0.063524
-1.487002 0.401025 0.073034
-1.476544 0.463484 0.041995
-1.453195 0.449930 0.060596
-1.380732 0.470293 0.076814
-0.951749 -0.508850 0.081121
-1.028780 -0.553375 0.063759
-1.096751 -0.584642 0.046518
-1.242085 -0.570151 0.047714
-1.306237 -0.530919 0.062454
-1.370032 -0.518324 0.052977
-1.448488 -0.477048 0.050032
-1.578258 -0.365177 0.044471
-1.626048 -0.269868 0.053505
-1.678046 -0.165706 0.046542
-1.560448 0.266322 0.087717
-1.517415 0.353667 0.073694
-1.467286 0.402978 0.073276
-1.432348 0.471338 0.047358
-1.353209 0.491102 0.063617
-0.971121 -0.521557 0.067960
-0.986269 -0.512253 0.077306
-1.044803 -0.532931 0.071167
-1.101546 -0.534005 0.074144
-1.174830 -0.551401 0.059809
-1.254953 -0.541446 0.056982
-1.366418 -0.481322 0.069940
-1.465085 -0.449392 0.050378
-1.522271 -0.409457 0.044608
-1.589821 -0.329444 0.044472
-1.627132 -0.231881 0.056685
-1.672675 -0.128242 0.048758
-1.679868 -0.088990 0.048967
-1.609072 0.239407 0.056144
-1.583744 0.237907 0.074608
-1.546587 0.275708 0.084766
-1.528610 0.275169 0.096806
-1.497592 0.364305 0.070783
-1.441294 0.404088 0.076899
-1.399368 0.447678 0.067554
-1.004718 -0.508249 0.074829
-1.057535 -0.525013 0.069489
-1.128495 -0.550730 0.053278
-1.210447 -0.562594 0.039070
-1.323741 -0.511540 0.053651
-1.390924 -0.468902 0.060677
-1.530433 -0.376612 0.048617
-1.592078 -0.296113 0.048266
-1.648586 -0.198299 0.042194
-1.675944 -0.048650 0.046809
-1.673933 -0.009412 0.049882
-1.569550 0.241883 0.074783
-1.552084 0.243222 0.086590
-1.529512 0.328789 0.062194
-1.505193 0.320925 0.081315
-1.487534 0.318053 0.093571
-1.485896 0.383604 0.057709
-1.377491 0.452653 0.064267
-0.955498 -0.483073 0.074039
-1.019412 -0.516351 0.062607
-1.080106 -0.522427 0.064481
-1.092834 -0.508899 0.075413
-1.145833 -0.531088 0.058840
-1.225068 -0.539437 0.045335
-1.294889 -0.514299 0.050381
-1.338539 -0.487231 0.057677
-1.467278 -0.414637 0.052485
-1.556331 -0.354529 0.035388
-1.602906 -0.263506 0.044921
-1.631311 -0.162496 0.055710
-1.494640 0.285741 0.098141
-1.461340 0.379234 0.065099
-1.423000 0.435269 0.048152
-1.397489 0.423470 0.067616
-1.352698 0.477053 0.047250
-0.968615 -0.493670 0.060924
-0.985511 -0.494981 0.063654
-1.034214 -0.501214 0.067369
-1.051103 -0.498959 0.071190
-1.108725 -0.508361 0.067872
-1.156603 -0.510999 0.065187
-1.226386 -0.509705 0.058973
-1.306976 -0.497235 0.050940
-1.346950 -0.465134 0.062032
-1.405979 -0.440328 0.056225
-1.479833 -0.387144 0.053582
-1.550660 -0.313911 0.050074
-1.631867 -0.123818 0.054997
-1.518496 0.299419 0.067320
-1.438832 0.383992 0.065602
-0.995971 -0.479905 0.068454
-1.063869 -0.487030 0.073308
-1.125310 -0.494295 0.070616
-1.177735 -0.511291 0.054841
-1.252724 -0.505209 0.048953
-1.367018 -0.446129 0.059663
-1.412580 -0.410936 0.064457
-1.592335 -0.221199 0.050674
-1.610913 -0.194968 0.045022
-1.630443 -0.086118 0.053716
-1.477814 0.296390 0.087636
-1.473623 0.347081 0.060668
-1.416526 0.387583 0.066281
-1.374490 0.424969 0.059416
-1.352180 0.425069 0.068495
-0.952940 -0.473517 0.054329
-1.015960 -0.485422 0.059404
-1.029528 -0.475096 0.069798
-1.076118 -0.474706 0.075848
-1.140872 -0.483737 0.070478
-1.181050 -0.478545 0.072320
-1.263680 -0.481365 0.056604
-1.327766 -0.475871 0.042939
-1.448903 -0.400066 0.044632
-1.484745 -0.353695 0.053160
-1.609795 -0.155476 0.048371
-1.622516 -0.048905 0.055890
-1.629594 -0.008714 0.051577
-1.503158 0.268842 0.077054
-1.454522 0.355850 0.058012
-1.393687 0.370829 0.081219
-0.976554 -0.442804 0.075440
-0.967383 -0.479830 0.044440
-1.040443 -0.472367 0.065164
-1.100009 -0.484050 0.061328
-1.205836 -0.476959 0.062281
-1.342443 -0.456128 0.044032
-1.375137 -0.417812 0.059674
-1.499915 -0.325870 0.051030
-1.552251 -0.245948 0.054077
-1.610132 -0.118434 0.047954
-1.457834 0.303283 0.080642
-1.441261 0.305667 0.089872
-1.433000 0.360691 0.058759
-1.372969 0.382173 0.074954
-0.995528 -0.462898 0.055770
-1.056128 -0.470191 0.060537
-1.107559 -0.457958 0.075022
-1.160492 -0.476576 0.058571
-1.272079 -0.453743 0.059606
-1.355812 -0.436017 0.045452
-1.428938 -0.357444 0.066688
-1.470243 0.271866 0.082719
-1.409676 0.345704 0.074133
-1.349928 0.388766 0.072266
-0.953674 -0.432423 0.060005
-0.961226 -0.427702 0.066092
-1.019672 -0.452162 0.061084
-1.073069 -0.459114 0.063264
-1.164629 -0.449216 0.073364
-1.206640 -0.444786 0.072511
-1.303701 -0.456187 0.039537
-1.383540 -0.393445 0.056709
-1.494311 -0.294729 0.055251
-1.518597 -0.271002 0.050325
-1.552856 -0.212633 0.050294
-1.596118 -0.080164 0.049766
-1.600652 -0.046761 0.049575
-1.424245 0.313773 0.079416
-1.391553 0.351855 0.071609
-0.974651 -0.420464 0.067560
-1.037642 -0.459945 0.049142
-1.088069 -0.455401 0.059300
-1.122193 -0.448392 0.067012
-1.183187 -0.448981 0.063550
-1.218607 -0.431163 0.074104
-1.310789 -0.431922 0.048408
-1.365641 -0.411784 0.042375
-1.407299 -0.377389 0.047622
-1.438829 -0.332835 0.060451
-1.548231 -0.178845 0.058633
-1.590827 -0.012799 0.051914
-1.371455 0.353950 0.072649
-1.326699 0.394245 0.061129
-0.996446 -0.403205 0.079925
-0.990624 -0.431052 0.054812
-1.044644 -0.431559 0.066395
-1.098579 -0.446639 0.059262
-1.128023 -0.426528 0.078354
-1.245301 -0.426055 0.064617
-1.453289 -0.307934 0.058891
-1.554553 -0.146760 0.055296
-1.438030 0.284276 0.073756
-1.408339 0.329827 0.061479
-1.386657 0.315304 0.085671
-1.351667 0.355057 0.073823
-0.959486 -0.386678 0.073629
-1.011905 -0.412672 0.067677
-1.062770 -0.434053 0.058535
-1.150047 -0.427959 0.068385
-1.194945 -0.428480 0.063737
-1.322024 -0.409531 0.045518
-1.403404 -0.340159 0.060241
-1.505311 -0.233628 0.054117
-1.558633 -0.114773 0.051840
-1.417320 0.281175 0.082460
-0.971146 -0.392908 0.064238
-1.022941 -0.407207 0.066865
-1.067705 -0.409712 0.073106
-1.121644 -0.445576 0.043774
-1.158610 -0.413516 0.073162
-1.206725 -0.415707 0.065367
-1.243356 -0.398470 0.073442
-1.387214 -0.365050 0.041868
-1.421397 -0.320138 0.055042
-1.460024 -0.277521 0.056509
-1.511858 -0.201278 0.055679
-1.554349 -0.077282 0.055384
-1.399711 0.280014 0.087694
-1.367743 0.317691 0.079207
-0.946874 -0.338289 0.092334
-0.983882 -0.385742 0.066439
-0.990836 -0.380621 0.073273
-1.034830 -0.397708 0.069951
-1.081301 -0.406541 0.069592
-1.127440 -0.424154 0.055537
-1.268931 -0.395157 0.060666
-1.317579 -0.376913 0.058514
-1.470649 -0.252423 0.055088
-1.516191 -0.169495 0.057005
-1.351326 0.322428 0.076808
-0.958621 -0.342077 0.086517
-1.002617 -0.385159 0.064636
-1.047374 -0.399882 0.062225
-1.132589 -0.406609 0.064139
-1.175019 -0.405522 0.062861
-1.211669 -0.392062 0.070434
-1.355103 -0.374016 0.034129
-1.426579 -0.293696 0.053387
-1.542733 -0.045190 0.054648
-1.549337 -0.011723 0.049957
-1.383220 0.291722 0.074023
-1.365306 0.280999 0.094791
-0.975533 -0.335859 0.091282
-0.967341 -0.369301 0.058125
-1.012048 -0.371920 0.071487
-1.053311 -0.376957 0.077188
-1.101947 -0.410436 0.050807
-1.273757 -0.369350 0.066511
-1.405990 -0.316021 0.042470
-1.506069 -0.138131 0.061970
-0.947486 -0.307186 0.095329
-0.984019 -0.344785 0.078745
-1.024951 -0.371759 0.067144
-1.097850 -0.378258 0.074450
-1.149168 -0.399799 0.053601
-1.181699 -0.386393 0.064487
-1.215728 -0.368641 0.076468
-1.427503 -0.265369 0.055861
-1.458305 -0.217588 0.060987
-1.518135 -0.107947 0.050881
-1.348037 0.296314 0.077147
-0.994617 -0.349713 0.070085
-1.035065 -0.366302 0.066956
-1.071502 -0.386322 0.054482
-1.161263 -0.389345 0.055108
-1.187952 -0.368150 0.074184
-1.239228 -0.366946 0.063734
-1.341459 -0.332802 0.051857
-1.472711 -0.189089 0.055085
-1.522655 -0.043000 0.050571
-0.969094 -0.307512 0.090442
-0.963515 -0.324220 0.072361
-1.002113 -0.332870 0.081023
-1.033527 -0.334833 0.089957
-1.073206 -0.359268 0.074379
-1.124207 -0.391887 0.044812
-1.266342 -0.336297 0.077270
-1.398221 -0.281714 0.049127
-1.423960 -0.235731 0.062836
-1.502764 -0.071598 0.059487
-0.946419 -0.288256 0.087741
-0.978643 -0.305358 0.089280
-1.011827 -0.328940 0.080560
-1.079329 -0.347978 0.079231
-1.122284 -0.364623 0.065577
-1.172259 -0.374165 0.053066
-1.197241 -0.352255 0.073072
-1.297729 -0.334286 0.056807
-1.333079 -0.303459 0.067082
-1.417868 -0.262329 0.039746
-1.464899 -0.158621 0.061522
-0.989547 -0.323392 0.068776
-1.020053 -0.327820 0.076629
-1.060093 -0.362283 0.051736
-1.230483 -0.331926 0.078548
-1.428665 -0.206139 0.061870
-1.467130 -0.131222 0.063284
-1.494705 -0.010266 0.059203
-0.960797 -0.292299 0.076241
-0.965077 -0.292316 0.078634
-0.994275 -0.298414 0.087788
-1.028237 -0.326332 0.072896
-1.061982 -0.339775 0.068193
-1.100130 -0.355317 0.057389
-1.130581 -0.348069 0.067446
-1.178378 -0.355832 0.055434
-1.217948 -0.344220 0.060309
-1.255130 -0.327643 0.066061
-1.445164 -0.181935 0.052068
-1.476327 -0.099771 0.056258
-1.001978 -0.305922 0.075636
-1.028748 -0.296907 0.096498
-1.070086 -0.336480 0.065308
-1.102790 -0.336529 0.070630
-1.144947 -0.345513 0.061774
-1.192227 -0.347435 0.054070
-1.290632 -0.301562 0.068841
-1.408684 -0.228153 0.047619
-1.011593 -0.309760 0.067532
-1.217099 -0.323059 0.067793
-1.350252 -0.259429 0.062835
-0.984372 -0.273731 0.083724
-1.012420 -0.284152 0.087442
-1.044458 -0.310962 0.070497
-1.077644 -0.318511 0.070896
-1.120233 -0.334918 0.056957
-1.145140 -0.322347 0.072442
-1.196759 -0.329172 0.057305
-1.253467 -0.301684 0.070617
-1.299139 -0.280810 0.069162
-1.403809 -0.201152 0.055493
-1.432688 -0.178860 0.040499
-1.431247 -0.149729 0.060072
-1.453641 -0.068678 0.067315
-1.468703 -0.040487 0.053913
-0.993258 -0.271347 0.083192
-1.015377 -0.270840 0.095523
-1.046972 -0.293610 0.083163
-1.077674 -0.303679 0.080300
-1.222919 -0.303874 0.071871
-1.367799 -0.238087 0.050383
-1.437682 -0.123068 0.057904
-1.457683 -0.009289 0.062375
-0.997599 -0.269928 0.079001
-1.053436 -0.284427 0.088195
-1.124758 -0.318765 0.059758
-1.158011 -0.314901 0.063907
-1.204360 -0.313716 0.056909
-1.256606 -0.282187 0.075149
-1.303391 -0.262054 0.069760
-1.432902 -0.150953 0.039400
-1.007491 -0.278166 0.066818
-1.032096 -0.286333 0.069209
-1.098969 -0.310716 0.058743
-1.231537 -0.287269 0.072087
-1.280554 -0.274122 0.062545
-1.434976 -0.094219 0.056563
-1.008150 -0.257067 0.083009
-1.030971 -0.251905 0.101499
-1.037680 -0.280685 0.069932
-1.131862 -0.306158 0.058751
-1.160419 -0.295506 0.071646
-1.214768 -0.300403 0.052912
-1.311571 -0.240227 0.070498
-1.353536 -0.209088 0.064636
-1.412087 -0.174340 0.029729
-1.431124 -0.124202 0.038195
-1.438183 -0.065439 0.053294
-1.446271 -0.037810 0.048303
-1.012788 -0.248545 0.087425
-1.070914 -0.288705 0.063374
-1.099307 -0.288951 0.069780
-1.372035 -0.188511 0.055094
-1.065790 -0.264360 0.084973
-1.135589 -0.290289 0.062569
-1.178012 -0.289704 0.059345
-1.234746 -0.267800 0.069831
-1.277885 -0.248740 0.068656
-1.327832 -0.221981 0.058607
-1.422804 -0.093710 0.045740
-1.020358 -0.234521 0.092491
-1.023742 -0.251969 0.072846
-1.048118 -0.261525 0.073048
-1.066219 -0.253739 0.090913
-1.101663 -0.274172 0.073015
-1.218688 -0.277931 0.054327
-1.421363 -0.008349 0.060092
-1.046068 -0.244203 0.086360
-1.138980 -0.274907 0.066558
-1.188290 -0.277780 0.055651
-1.251824 -0.256006 0.058415
-1.028393 -0.236188 0.078541
-1.108976 -0.262934 0.072819
-1.229684 -0.263647 0.050817
-1.277869 -0.225590 0.071389
-1.321467 -0.196829 0.065557
-1.051211 -0.231614 0.089168
-1.089410 -0.260609 0.062991
-1.139505 -0.257222 0.074947
-1.390990 -0.116413 0.040312
-1.409817 -0.036256 0.046410
-1.031953 -0.223138 0.080821
-1.120325 -0.257527 0.064496
-1.179007 -0.251192 0.070250
-1.250422 -0.231856 0.065306
-1.289573 -0.209229 0.064107
-1.355735 -0.134240 0.067862
-1.034916 -0.217316 0.082032
-1.063130 -0.235547 0.072072
-1.087993 -0.242931 0.070907
-1.152442 -0.250050 0.067400
-1.228536 -0.242826 0.053516
-1.319556 -0.171745 0.068432
-1.054288 -0.211458 0.094014
-1.090358 -0.233419 0.077351
-1.136039 -0.256670 0.047911
-1.208092 -0.250868 0.041608
-1.266599 -0.217852 0.053911
-1.043851 -0.215560 0.072560
-1.367417 -0.085840 0.057124
-1.042457 -0.202332 0.082107
-1.062790 -0.208820 0.085451
-1.125208 -0.231707 0.069415
-1.149481 -0.229186 0.074071
-1.223030 -0.218996 0.065287
-1.282542 -0.182346 0.069503
-1.315751 -0.148147 0.071872
-1.097653 -0.221902 0.070733
-1.300155 -0.166512 0.060146
-1.088632 -0.203197 0.089742
-1.163044 -0.223700 0.062634
-1.183154 -0.215163 0.072348
-1.235541 -0.205864 0.058327
-1.251819 -0.191172 0.068265
-1.075866 -0.205199 0.070721
-1.137304 -0.221226 0.059365
-1.314873 -0.124205 0.070739
-1.337537 -0.104107 0.053253
-1.065401 -0.185083 0.089034
-1.194581 -0.205340 0.065431
-1.266082 -0.176141 0.056918
-1.348199 -0.032395 0.066882
-1.353558 -0.006579 0.060549
-1.053183 -0.185128 0.070228
-1.092372 -0.189339 0.087921
-1.139818 -0.209850 0.060321
-1.163683 -0.205503 0.066077
-1.241587 -0.187421 0.053304
-1.287861 -0.140975 0.070729
-1.050643 -0.172314 0.079883
-1.067505 -0.175073 0.088943
-1.221634 -0.197837 0.040867
-1.261272 -0.154803 0.065552
-1.318944 -0.078113 0.067867
-1.051965 -0.161740 0.079449
-1.107064 -0.186158 0.070290
-1.132655 -0.188143 0.072111
-1.174374 -0.192615 0.056893
-1.242995 -0.168293 0.053172
-1.325351 -0.055032 0.060633
-1.073897 -0.164781 0.083153
-1.281554 -0.116452 0.072813
-1.053618 -0.151418 0.079101
-1.104167 -0.172896 0.075348
-1.318763 -0.031685 0.064604
-1.142257 -0.177368 0.063082
-1.171702 -0.175539 0.061092
-1.194386 -0.167007 0.067605
-1.256773 -0.131041 0.068235
-1.054101 -0.140461 0.078771
-1.080980 -0.156496 0.073670
-1.238071 -0.145814 0.055820
-1.279885 -0.094768 0.072463
-1.071876 -0.140516 0.087682
-1.100251 -0.153695 0.082638
-1.216723 -0.156189 0.047635
-1.125377 -0.153159 0.083918
-1.167353 -0.157677 0.069759
-1.247900 -0.129517 0.048657
-1.256792 -0.110959 0.068278
-1.283155 -0.073178 0.069067
-1.295641 -0.053300 0.058790
-1.099962 -0.143429 0.083714
-1.056892 -0.121553 0.074380
-1.075836 -0.129255 0.082561
-1.143942 -0.148100 0.062798
-1.179248 -0.145319 0.057144
-1.197201 -0.134987 0.068518
-1.258604 -0.089585 0.063681
-1.281552 -0.006064 0.083559
-1.073559 -0.115721 0.086673
-1.239635 -0.107270 0.056227
-1.052085 -0.097487 0.078803
-1.068075 -0.104372 0.092086
-1.108049 -0.130539 0.073480
-1.273515 -0.027965 0.072668
-1.141241 -0.132435 0.067328
-1.253454 -0.070108 0.068214
-1.272748 -0.005797 0.069033
-1.052539 -0.087350 0.074283
-1.097560 -0.112794 0.086747
-1.196425 -0.115414 0.067890
-1.261084 -0.049920 0.060905
-1.049267 -0.076539 0.074737
-1.151765 -0.117436 0.084958
-1.029184 -0.014893 0.078547
-1.035989 -0.037921 0.083019
-1.046017 -0.062255 0.078370
-1.065020 -0.079156 0.091643
-1.224681 -0.084997 0.067424
-1.029909 -0.002855 0.069356
-1.035715 -0.026944 0.078020
-1.060701 -0.067744 0.092108
-1.083185 -0.096943 0.068903
-1.133640 -0.111731 0.074671
-1.174539 -0.111321 0.061163
-1.204123 -0.098362 0.059522
-1.253124 -0.027443 0.064389
-1.114312 -0.106749 0.064854
-1.231757 -0.066194 0.059712
-1.252546 -0.006237 0.060658
-1.241180 -0.046793 0.047860
-1.058238 -0.042966 0.087244
-1.084477 -0.072333 0.095923
-1.101696 -0.088907 0.078091
-1.143691 -0.102044 0.062484
-1.051199 -0.003461 0.081541
-1.052776 -0.016907 0.082398
-1.056795 -0.028801 0.086282
-1.068984 -0.057060 0.077945
-1.160721 -0.088979 0.072679
-1.181303 -0.075860 0.079119
-1.232871 -0.005364 0.047833
-1.080330 -0.043850 0.095169
-1.130450 -0.080810 0.074502
-1.221840 -0.026163 0.063439
-1.194750 -0.060165 0.063147
-1.081079 -0.032596 0.086956
-1.162688 -0.071808 0.068082
-1.111982 -0.064575 0.060217
-1.135649 -0.070146 0.066410
-1.083431 -0.003889 0.073260
-1.086569 -0.017934 0.077353
-1.159894 -0.054882 0.068211
-1.180714 -0.041883 0.075232
-1.136774 -0.053706 0.061891
-1.111334 -0.033216 0.086962
-1.180341 -0.023675 0.071031
-1.149029 -0.039347 0.076506
-1.182964 -0.004627 0.062986
-1.116603 -0.004020 0.069948
-1.152941 -0.021779 0.067931
-1.137749 -0.019835 0.052708
-1.143695 -0.003094 0.072191
