ply
format ascii 1.0
element vertex 3639
property float x
property float y
property float z
end_header
12.474722 -3.769961 3.095686
10.640110 -4.386832 2.767220
10.671743 -4.818407 2.843122
9.933887 -4.667439 2.668164
9.900987 -5.053237 2.730693
9.684628 -5.292319 2.734865
16.139698 -12.630672 5.333644
9.892963 -8.404794 3.430220
9.341244 -8.332435 3.338480
8.901658 -8.395336 3.297995
8.465975 -8.436040 3.257273
8.008852 -8.398613 3.199450
7.604034 -8.436842 3.170411
7.189095 -8.418746 3.130400
6.797351 -8.428730 3.103870
6.408614 -8.415029 3.075540
6.116228 -8.374053 3.048789
8.292589 18.157227 5.446050
11.809210 12.267241 4.329952
13.373056 -3.715657 3.190589
21.093454 -8.732279 5.484293
13.597418 -5.270431 3.421526
10.538073 -3.939481 2.593112
10.298653 -4.159941 2.575742
10.661655 -4.812321 2.748881
9.993744 -4.716348 2.603990
9.813359 -4.978652 2.615315
16.196562 -11.675380 4.966678
16.139629 -12.634218 5.138960
16.134800 -13.735357 5.355491
16.132507 -14.949525 5.603552
10.458708 -8.446661 3.403309
9.914289 -8.438352 3.325986
9.366705 -8.375582 3.240986
8.927918 -8.444057 3.203796
8.461168 -8.430107 3.148768
8.023319 -8.433004 3.105167
7.597237 -8.424460 3.064220
7.186653 -8.416381 3.028926
6.796674 -8.431363 3.005098
6.401700 -8.395500 2.972122
6.027353 -8.396652 2.953804
8.285540 18.138844 5.233928
10.597973 17.676270 5.256319
11.392319 12.761199 4.225599
12.823950 13.879140 4.625894
14.094791 -5.547034 3.437156
18.033943 -8.708471 4.645815
11.166432 -4.740752 2.743989
10.673672 -4.822368 2.661985
10.200052 -4.881909 2.583811
9.896618 -5.052195 2.557752
4.619362 -0.496833 0.868686
16.181599 -11.664212 4.775020
16.200954 -12.702030 4.966906
16.134550 -13.739106 5.152775
16.115694 -14.933225 5.384125
10.460638 -8.451860 3.286746
9.912290 -8.438226 3.211411
9.403792 -8.437131 3.148335
8.916857 -8.427898 3.090462
8.458426 -8.428115 3.042108
8.022915 -8.435666 3.001917
7.596571 -8.426696 2.962844
7.173947 -8.386259 2.920683
6.785177 -8.400496 2.898008
6.402042 -8.402067 2.876497
6.027397 -8.403060 2.859132
8.272789 18.095829 5.017402
8.927467 17.549862 4.921353
10.592014 17.667412 5.045537
10.837690 14.479293 4.369738
10.310580 12.015635 3.800413
11.403046 12.783349 4.068667
13.377159 12.341279 4.213639
5.004110 -0.362027 0.916899
21.079144 -8.731865 4.847476
14.043072 -5.658219 3.187917
13.432638 -5.706932 3.082343
10.567195 -4.342696 2.398454
10.653702 -4.810304 2.476556
10.282354 -4.950075 2.434427
9.923698 -5.078405 2.395889
16.200432 -11.688793 4.410680
16.167120 -13.784225 4.761346
16.163258 -15.001240 4.978814
10.462080 -8.459023 3.054144
9.922359 -8.458263 2.989596
9.415424 -8.461308 2.933693
8.941139 -8.476250 2.887669
8.456544 -8.431003 2.832353
8.023019 -8.442893 2.797332
7.607098 -8.459475 2.768496
7.190769 -8.440079 2.735567
6.790842 -8.427355 2.708774
6.403435 -8.417689 2.686915
6.022914 -8.396155 2.666220
8.272882 18.119804 4.614097
8.978670 17.754211 4.565614
9.787764 17.754480 4.604212
10.615433 17.745371 4.648983
12.298830 17.616823 4.739995
11.236868 13.807242 3.922493
12.177864 14.141643 4.069601
12.657530 13.625364 4.021850
13.446564 -5.192416 2.906394
17.998449 -8.693110 4.094939
10.976887 -4.617727 2.415435
10.700468 -4.845734 2.399493
10.340633 -4.997827 2.363162
9.966615 -5.117004 2.323077
16.193377 -11.685190 4.224506
16.136040 -13.752787 4.550987
16.124025 -14.957054 4.755043
10.454777 -8.451963 2.935740
9.921530 -8.459791 2.876936
9.395933 -8.433314 2.816610
8.991067 -8.566204 2.802381
8.465416 -8.451291 2.732761
8.018764 -8.437280 2.693482
7.596349 -8.437551 2.662524
7.182799 -8.422675 2.632572
6.785315 -8.414865 2.608504
6.396877 -8.399289 2.586650
6.036511 -8.460793 2.585855
8.261187 18.081078 4.403018
8.971422 17.737610 4.361049
9.781729 17.743999 4.398382
10.583321 17.665491 4.425616
11.229174 13.796453 3.750339
12.612803 13.557712 3.830457
14.035418 -5.656805 2.936038
17.992949 -8.691915 3.914956
10.642559 -4.395339 2.245813
10.658380 -4.816223 2.299816
10.389378 -5.037995 2.288221
9.996014 -5.143882 2.245829
16.176504 -11.672111 4.036592
16.103376 -13.719507 4.341992
10.491665 -8.503407 2.832821
9.916752 -8.455600 2.763358
9.449164 -8.520480 2.728327
8.455259 -8.434980 2.624754
8.026154 -8.456539 2.595852
7.605054 -8.462151 2.567872
7.190367 -8.447296 2.539649
6.788266 -8.428631 2.514662
6.458854 -8.628386 2.540355
6.087534 -8.686636 2.538805
8.221716 17.922354 4.170355
8.905390 17.508099 4.116035
9.734486 17.605389 4.168331
10.562269 17.615534 4.210956
12.291916 17.613388 4.315771
11.247164 13.835155 3.589540
22.552998 -5.868229 4.243521
21.087202 -8.742839 4.224750
13.979736 -5.626646 2.799954
18.005310 -8.701862 3.739731
16.742189 -8.669653 3.547291
16.217350 -9.078591 3.519470
10.365645 -5.020384 2.194935
10.020493 -5.166498 2.166846
16.178959 -11.677648 3.854953
16.110901 -13.732026 4.146377
12.478636 -10.219294 3.199953
10.472502 -8.480628 2.711310
9.914557 -8.455127 2.651251
9.471352 -8.558503 2.627149
8.960831 -8.519649 2.576311
8.452499 -8.432876 2.520693
8.025820 -8.459284 2.494682
7.595646 -8.443380 2.463961
7.185670 -8.438704 2.439697
6.790897 -8.441396 2.420724
6.487047 -8.735646 2.464532
6.102106 -8.755726 2.455491
8.224560 17.946161 3.975460
8.921425 17.575613 3.931785
9.719979 17.568417 3.961179
10.572344 17.649994 4.014175
12.232136 17.490938 4.081600
22.547409 -5.869858 3.824501
21.887053 -6.491516 3.762355
21.127102 -8.767862 3.819587
14.024906 -5.655184 2.562758
18.059429 -8.740111 3.395981
16.758245 -8.685072 3.219450
16.227724 -9.091018 3.194642
10.396749 -5.047803 2.027908
10.041316 -5.187307 2.001523
16.166882 -11.672297 3.489486
16.189447 -12.714849 3.624899
13.510925 -10.773031 3.091152
10.469847 -8.482269 2.481552
9.940722 -8.498384 2.437552
9.467735 -8.558496 2.407952
8.458715 -8.451217 2.318351
8.009039 -8.430249 2.286858
7.588790 -8.434411 2.264030
7.187041 -8.450632 2.246963
6.834111 -8.584782 2.254660
6.501347 -8.798196 2.279380
6.109850 -8.801785 2.268913
7.511910 18.354467 3.629179
8.219769 17.948410 3.579010
8.927414 17.616167 3.545637
9.731434 17.620224 3.572196
11.655834 18.218704 3.742957
12.265814 17.574327 3.680208
12.573679 13.508703 3.129203
22.687641 -5.916113 3.638814
21.133902 -8.773609 3.615076
14.010733 -5.648569 2.437481
17.998352 -8.704157 3.208034
16.745087 -8.678268 3.052100
16.219206 -9.086969 3.030199
10.379723 -5.035516 1.937741
10.042076 -5.189326 1.916857
16.173403 -11.681726 3.310641
13.247292 -10.475169 2.874777
12.484722 -10.456741 2.803183
10.465722 -8.479368 2.366563
9.916805 -8.466440 2.320169
9.472757 -8.569310 2.301017
8.459727 -8.456344 2.216704
8.014668 -8.445714 2.189367
7.591434 -8.444462 2.167332
7.179206 -8.433470 2.146950
6.850041 -8.638925 2.166740
6.516570 -8.858732 2.191278
6.118608 -8.845922 2.178970
7.490229 18.253218 3.413927
8.191223 17.836308 3.364779
8.897249 17.516111 3.334716
9.698988 17.527258 3.359734
11.651989 18.215929 3.531113
11.108709 13.583945 2.877917
11.880096 13.643890 2.931051
22.892399 -5.982898 3.460126
21.097494 -8.757129 3.404145
17.999447 -8.707040 3.032629
16.754354 -8.686810 2.889484
16.200047 -9.074951 2.864570
10.361921 -5.022601 1.848161
10.037775 -5.186940 1.831457
16.165955 -11.677660 3.129325
13.237574 -10.467037 2.723768
12.453119 -10.420522 2.652336
10.481750 -8.503182 2.256981
9.905263 -8.452392 2.207226
9.474058 -8.574217 2.193153
8.964924 -8.538825 2.155616
8.454943 -8.450292 2.113410
8.019815 -8.460143 2.091691
7.593652 -8.453484 2.070578
7.187031 -8.458771 2.054524
6.851497 -8.648107 2.070755
6.516150 -8.862646 2.093201
6.119311 -8.855299 2.082924
8.317515 18.394573 3.246838
9.701313 17.542501 3.165250
10.581392 17.702896 3.214285
11.616087 18.136082 3.308856
10.552679 13.909667 2.728179
13.092918 17.418249 3.286295
11.907043 13.694545 2.770891
21.121075 -8.771493 3.203517
17.964439 -8.687345 2.852073
16.757381 -8.691077 2.726091
15.500980 -8.554127 2.587015
10.402297 -5.056127 1.769233
10.019577 -5.172468 1.743949
16.203148 -11.716691 2.957073
13.215305 -10.444557 2.570896
12.467756 -10.441762 2.512993
10.476173 -8.498343 2.142236
9.909445 -8.461109 2.098804
9.468560 -8.568326 2.083765
8.973912 -8.557500 2.053288
8.454966 -8.453491 2.012043
8.009831 -8.442150 1.989009
7.586613 -8.440284 1.970562
7.186490 -8.461372 1.958432
6.849113 -8.645335 1.973108
6.513923 -8.859994 1.994393
6.115879 -8.846787 1.984372
11.215851 13.798618 2.581090
12.224672 14.253284 2.680982
11.653298 18.238359 2.903455
21.136528 -8.783905 2.798227
19.390472 -8.714261 2.633246
18.066999 -8.755861 2.517477
16.739792 -8.683391 2.397132
15.532906 -8.582359 2.288273
10.417393 -5.070766 1.599316
10.046918 -5.198930 1.580613
13.213453 -10.448305 2.275802
12.461487 -10.440035 2.227341
10.469646 -8.494769 1.915040
9.912632 -8.471031 1.881213
9.464945 -8.568229 1.868016
8.461548 -8.472486 1.811665
8.005608 -8.439855 1.790206
7.589091 -8.453590 1.777435
7.178328 -8.447303 1.764481
6.839816 -8.625647 1.777085
6.511728 -8.862838 1.798852
6.110926 -8.837943 1.789715
7.482850 18.271023 2.625432
12.194082 14.207190 2.327326
21.143991 -8.789969 2.595968
19.781242 -8.938770 2.491588
18.639683 -9.116380 2.410450
16.772118 -8.707725 2.238556
15.544764 -8.593402 2.138258
10.432976 -5.084507 1.515382
10.035440 -5.190286 1.495247
13.203287 -10.439608 2.127319
12.469660 -10.453233 2.087010
10.468861 -8.496262 1.802402
9.934717 -8.505703 1.776468
9.470004 -8.579079 1.761942
8.457422 -8.467665 1.709818
8.018835 -8.471602 1.695152
7.585270 -8.448074 1.679608
7.178744 -8.452468 1.669547
6.847176 -8.653182 1.684092
6.511752 -8.868314 1.701893
6.117268 -8.871701 1.697260
7.477381 18.255987 2.427424
11.705095 18.375820 2.498873
12.556547 14.844908 2.220090
19.836456 -8.972428 2.306379
18.593882 -9.089988 2.224128
16.759853 -8.701489 2.074600
15.541279 -8.592954 1.986487
10.461616 -5.108688 1.432711
10.040862 -5.196341 1.412411
12.403450 -8.759572 1.808256
13.219042 -10.460534 1.983101
10.925575 -8.353540 1.699821
10.456820 -8.482801 1.688234
9.926387 -8.496268 1.666021
9.458957 -8.564332 1.652974
8.468893 -8.492946 1.611599
8.026724 -8.491908 1.598368
7.601233 -8.490116 1.587171
7.182813 -8.467565 1.575765
6.838196 -8.629796 1.585426
6.517684 -8.895250 1.607261
6.114232 -8.864828 1.600125
7.468328 18.221682 2.228504
11.336015 14.046623 1.945434
11.068813 -3.241953 1.289037
16.794188 -8.727209 1.915729
15.555244 -8.605575 1.836810
10.480463 -5.125048 1.348405
10.032452 -5.190354 1.328081
12.849289 -8.489176 1.684194
13.206842 -10.449497 1.835110
10.927042 -8.357717 1.586127
10.496687 -8.538289 1.581877
9.937315 -8.514767 1.558908
9.441017 -8.538612 1.543508
8.461073 -8.480978 1.509393
8.012009 -8.463691 1.496693
7.587681 -8.461186 1.487285
7.174479 -8.448916 1.478694
6.836001 -8.627542 1.489447
6.510983 -8.876269 1.508013
6.112253 -8.862515 1.503766
7.465169 18.233105 1.838930
11.680433 18.335669 1.867430
12.034805 13.943049 1.619578
11.798637 -3.196133 1.160499
10.913694 -3.171719 1.117099
10.523285 -3.325603 1.103922
10.507065 -3.938555 1.125915
16.776920 -8.719702 1.589965
15.579199 -8.627843 1.536709
14.634480 -8.633215 1.499708
10.017937 -5.180375 1.160658
12.868561 -8.512285 1.428950
13.221590 -10.472182 1.544548
10.924047 -8.358833 1.358469
10.479555 -8.520578 1.355348
9.940601 -8.524819 1.341816
9.397146 -8.474395 1.326143
8.929070 -8.499866 1.317988
8.460102 -8.485355 1.308473
8.023099 -8.494237 1.302150
7.599697 -8.497419 1.296773
7.176918 -8.463588 1.290038
6.848544 -8.675867 1.301912
6.513808 -8.897294 1.315463
6.115528 -8.889273 1.313947
7.459276 18.215616 1.643159
11.657780 18.287462 1.656339
10.832159 -3.134729 1.033760
10.545864 -4.345949 1.062151
15.584709 -8.634130 1.386049
14.630438 -8.632092 1.356236
9.985365 -5.153323 1.075732
12.843121 -8.489900 1.298676
13.221743 -10.475263 1.398581
10.923283 -8.360279 1.244948
10.457550 -8.493838 1.241538
9.923058 -8.501975 1.231559
9.396057 -8.475421 1.220988
8.930832 -8.505879 1.215439
8.461582 -8.491340 1.208405
8.007048 -8.463098 1.201768
7.602903 -8.508801 1.200721
7.175601 -8.464010 1.195273
6.838310 -8.648492 1.204498
6.512468 -8.897787 1.218477
6.110263 -8.872650 1.217044
7.453032 18.196199 1.447901
11.647806 18.269789 1.447847
10.071257 -3.094209 0.933179
9.692823 -3.126339 0.923664
9.619330 -3.397073 0.929133
9.605803 -3.715995 0.938064
9.673626 -4.111905 0.951879
10.466557 -5.119091 1.002822
9.947784 -5.121893 0.991521
12.841970 -8.491013 1.170580
13.220850 -10.477143 1.252656
10.925411 -8.365254 1.131722
10.459497 -8.498941 1.130229
9.928040 -8.511844 1.123695
9.416159 -8.510175 1.117643
8.934900 -8.515933 1.113079
8.467963 -8.506804 1.108794
8.017701 -8.489356 1.105047
7.601201 -8.508360 1.103959
7.177979 -8.474505 1.101112
6.834921 -8.642477 1.108847
6.507804 -8.886155 1.121015
6.108716 -8.872180 1.121410
7.449610 18.191923 1.253707
11.652631 18.287785 1.241022
12.376299 -3.037051 0.906121
11.337143 -3.007634 0.884892
10.565885 -3.012825 0.870053
9.963697 -3.039511 0.859308
9.714852 -3.139366 0.856894
9.575897 -3.371318 0.859598
9.539236 -3.672219 0.866034
9.594842 -4.055102 0.876366
10.408730 -5.074089 0.914901
9.940420 -5.116782 0.909540
12.848211 -8.499277 1.042890
13.211302 -10.469110 1.106443
10.838789 -8.440627 1.019960
10.460718 -8.503077 1.018870
9.912489 -8.491872 1.014554
9.395216 -8.479594 1.011069
8.918133 -8.489502 1.009211
8.457693 -8.490054 1.007717
8.010612 -8.477464 1.006396
7.594663 -8.496257 1.006875
7.182013 -8.489521 1.006986
6.843670 -8.674416 1.014858
6.504406 -8.879120 1.024084
6.109541 -8.882024 1.026281
7.442755 18.183271 0.865950
11.637472 18.263929 0.826082
12.251751 -2.993120 0.720378
11.192692 -2.949383 0.719519
10.476961 -2.973092 0.719629
9.918102 -3.017506 0.720153
9.634182 -3.096038 0.721123
9.527061 -3.343066 0.724042
9.520788 -3.661642 0.727902
9.586424 -4.050938 0.732736
10.391530 -5.062865 0.744661
9.936903 -5.116325 0.746374
12.840946 -8.496691 0.786852
13.146681 -10.400854 0.814406
10.831938 -8.436914 0.793209
10.468126 -8.517962 0.796175
9.932531 -8.526264 0.799012
9.395149 -8.484996 0.801322
8.912126 -8.484817 0.804286
8.457235 -8.495403 0.807525
8.009982 -8.482806 0.810566
7.589352 -8.490749 0.814030
7.176997 -8.483864 0.817411
6.846028 -8.690979 0.824257
6.509160 -8.907191 0.831579
6.107942 -8.887578 0.835376
7.436104 18.161541 0.672320
11.637585 18.270557 0.619045
22.214472 -3.362566 0.539891
22.131231 -4.136255 0.544262
12.152376 -2.957560 0.629873
11.149090 -2.932091 0.639096
10.412904 -2.944114 0.646097
9.870995 -2.993947 0.651545
9.633780 -3.096582 0.654446
9.556637 -3.362015 0.656853
9.530171 -3.668852 0.659088
9.571817 -4.041215 0.661140
10.386446 -5.060064 0.659874
9.936363 -5.117160 0.664860
12.831686 -8.489938 0.659008
12.827568 -9.227691 0.664461
10.845749 -8.456571 0.679971
10.474205 -8.528572 0.684616
9.928307 -8.522749 0.690661
9.391102 -8.481300 0.696420
8.934362 -8.526714 0.702051
8.458970 -8.501880 0.707415
8.004099 -8.473487 0.712596
7.581637 -8.475780 0.717730
7.175981 -8.485103 0.722803
6.837844 -8.669942 0.728618
6.501865 -8.885906 0.734758
6.102880 -8.871754 0.739796
7.435482 18.172325 0.478781
11.621205 18.237360 0.412466
12.090670 -2.935768 0.540869
11.115499 -2.918936 0.559460
10.401207 -2.939430 0.573069
9.859602 -2.988815 0.583380
9.574677 -3.140408 0.588909
9.510777 -3.334736 0.590289
9.500006 -3.649484 0.590735
9.533035 -4.013727 0.590342
10.376095 -5.053041 0.575294
9.926363 -5.109740 0.583508
12.838245 -8.498518 0.531110
12.499208 -8.884089 0.537134
11.811982 -8.876348 0.549326
10.833097 -8.443199 0.566705
10.472641 -8.529005 0.572940
9.916764 -8.508582 0.582553
9.398962 -8.496585 0.591411
8.918369 -8.501603 0.599530
8.457554 -8.502257 0.607230
8.012531 -8.495006 0.614589
7.582500 -8.481505 0.621622
7.168574 -8.468876 0.628309
6.829368 -8.647964 0.633465
6.505117 -8.903160 0.638195
6.108038 -8.900543 0.644349
7.432382 18.169739 0.285275
11.615190 18.229176 0.205940
22.281794 -3.377466 0.151262
22.203552 -4.155492 0.153908
12.082956 -2.933732 0.451605
11.124337 -2.923357 0.479291
9.847559 -2.983343 0.515473
9.537521 -3.119984 0.523631
9.474281 -3.313186 0.524537
9.444944 -3.613371 0.523877
9.465364 -3.964994 0.521416
10.392446 -5.067415 0.490112
9.924507 -5.109424 0.502133
12.839664 -8.502117 0.403122
12.214424 -8.586242 0.418284
11.536213 -8.562540 0.435288
10.845367 -8.460942 0.452930
10.366798 -8.576107 0.463291
9.907946 -8.498372 0.474705
9.390623 -8.486048 0.486639
8.893190 -8.460361 0.497977
8.452909 -8.496378 0.507169
8.015609 -8.504998 0.516318
7.574014 -8.464654 0.525818
7.172903 -8.484724 0.533588
6.822339 -8.630505 0.538714
6.505005 -8.908121 0.541460
6.105133 -8.894126 0.548837
7.425027 18.158329 -0.101577
11.618626 18.250202 -0.208696
12.076027 -2.932770 0.272960
11.134346 -2.929029 0.318579
10.473453 -2.975239 0.349666
9.831997 -2.976796 0.379904
9.558039 -3.133245 0.390459
9.489313 -3.324044 0.390732
9.415831 -3.595577 0.389643
9.483971 -3.980648 0.379895
10.342188 -5.138531 0.320948
9.918966 -5.107195 0.339453
10.852982 -8.475309 0.225003
9.898322 -8.489607 0.259096
9.375381 -8.467241 0.277667
8.893419 -8.466593 0.293616
8.452991 -8.502782 0.306550
8.005694 -8.490344 0.320492
7.571555 -8.466002 0.333794
7.172490 -8.491642 0.344000
6.795019 -8.553900 0.351915
6.499352 -8.898188 0.348332
6.102589 -8.895581 0.357600
7.420805 18.149670 -0.294885
12.140741 11.756466 -0.141100
13.123674 -2.893279 0.122190
12.115084 -2.947870 0.180932
11.124676 -2.925781 0.238866
10.416532 -2.949542 0.279174
9.844048 -2.983768 0.310992
9.569879 -3.140784 0.323293
9.480919 -3.319717 0.324519
9.456059 -3.623532 0.319210
9.489929 -3.986022 0.308893
10.342670 -5.140224 0.235745
9.924028 -5.112922 0.257519
10.031864 -5.664493 0.236695
10.115082 -6.245797 0.215525
6.806692 -8.595106 0.255684
6.489209 -8.866405 0.253159
6.099021 -8.886256 0.262352
7.416221 18.139057 -0.488090
11.248255 17.366896 -0.559958
12.120090 17.375820 -0.593078
11.939373 12.563358 -0.323635
12.140821 11.759142 -0.291184
15.458996 11.520620 -0.449385
12.191587 -2.976704 0.085127
11.173634 -2.946853 0.154859
10.417252 -2.950628 0.205514
9.870995 -2.998445 0.240551
9.631798 -3.176933 0.251814
9.798155 -3.598379 0.230242
9.553913 -3.690279 0.242979
9.645899 -4.101751 0.225160
10.225021 -5.045091 0.160553
9.941546 -5.129535 0.174237
9.730848 -5.379896 0.177406
9.476606 -5.587616 0.183768
9.253525 -5.826878 0.186452
9.030836 -6.070637 0.188148
13.054211 4.881487 -0.154186
13.024559 -1.663654 -0.053857
13.354473 -2.968706 -0.097450
13.297314 -3.382885 -0.100606
12.935980 -3.678901 -0.078761
10.359054 -2.924319 0.136895
9.774057 -3.259002 0.171440
9.709278 -3.543426 0.167214
10.087841 -4.525913 0.106077
9.984951 -4.849541 0.100607
9.707891 -4.926669 0.115867
9.421184 -5.086929 0.127632
9.159241 -5.261033 0.136333
8.791048 -5.308464 0.156469
8.453714 -5.365938 0.173438
7.732336 -5.850705 0.187309
7.477252 -5.986979 0.192387
6.530770 -6.744844 0.188807
7.871340 13.961739 -0.707846
12.014798 -2.179147 -0.152270
11.943583 -2.518997 -0.152553
11.747737 -2.816306 -0.140741
11.783182 -3.202226 -0.155330
10.362409 -2.927376 -0.009981
10.449423 -4.393975 -0.077843
9.936787 -4.812494 -0.054855
9.555901 -4.796316 -0.022575
9.093444 -4.777877 0.015602
8.727352 -4.817153 0.041728
8.382280 -4.851517 0.065494
8.049982 -4.874531 0.088017
7.659940 -5.237271 0.089877
7.483058 -5.456044 0.085525
7.247650 -5.587412 0.090076
7.081748 -5.853435 0.079586
6.808266 -5.918924 0.089203
6.523337 -5.944478 0.101483
6.336097 -6.020476 0.104265
6.064206 -6.056067 0.113367
5.793189 -6.078959 0.122463
10.316699 4.108117 -0.162052
10.464808 2.190525 -0.085623
10.363302 1.234297 -0.046099
10.905775 -1.570545 -0.103612
10.827358 -1.854005 -0.100772
10.693151 -2.119546 -0.092579
10.679137 -2.424985 -0.099841
10.554270 -2.692734 -0.095190
10.323442 -2.909993 -0.078723
10.333679 -3.240860 -0.093142
10.230828 -3.522615 -0.095064
9.866684 -3.993597 -0.082363
9.696369 -4.234683 -0.079307
9.489658 -4.352612 -0.066843
9.369637 -4.634658 -0.072995
9.078888 -4.765285 -0.055684
8.721627 -4.812527 -0.028380
8.307339 -4.768526 0.008751
7.960329 -4.766094 0.036377
7.648696 -4.779943 0.058980
7.550076 -5.078579 0.042983
7.345875 -5.238465 0.044314
7.102458 -5.333970 0.052420
6.872610 -5.448989 0.056962
6.683802 -5.500193 0.063635
6.440736 -5.580327 0.070076
6.191375 -5.638619 0.077718
5.942904 -5.690655 0.084823
5.700030 -5.753717 0.089615
5.456490 -5.811914 0.093837
8.950676 4.639604 -0.141751
8.980032 4.290225 -0.117302
9.400516 2.897341 -0.068221
9.395161 2.611279 -0.052072
9.381327 2.333468 -0.036544
9.763544 0.870408 -0.032102
9.759813 0.626930 -0.027244
9.832114 0.148835 -0.030929
9.751578 -0.091672 -0.019866
8.806884 -4.143588 -0.058907
8.592068 -4.303272 -0.049592
8.388096 -4.468665 -0.042927
8.143272 -4.585166 -0.030038
7.962374 -4.769970 -0.029344
7.654260 -4.788806 -0.005523
7.459783 -4.948358 -0.003959
7.181000 -4.976451 0.014425
6.931464 -5.034951 0.026797
6.795126 -5.166503 0.023731
6.560135 -5.242021 0.031556
6.318933 -5.295882 0.040722
6.089788 -5.371114 0.045982
5.856299 -5.430346 0.051957
5.622810 -5.484388 0.057349
5.377135 -5.483045 0.067865
9.089703 0.340630 0.006385
9.197807 0.132274 -0.006304
9.282824 -0.303402 -0.017083
9.188748 -1.639036 -0.029353
9.033270 -2.310809 -0.036755
8.989864 -2.814472 -0.057658
8.438354 -3.510079 -0.039380
8.148159 -3.881867 -0.037029
7.974333 -4.041567 -0.032620
7.774819 -4.171571 -0.024396
7.607874 -4.336793 -0.023511
7.440113 -4.504043 -0.023925
7.251197 -4.645324 -0.021272
7.053150 -4.773513 -0.017800
6.868461 -4.807839 -0.007019
6.668944 -4.929086 -0.004823
6.429111 -4.968158 0.007550
6.208596 -5.038209 0.014196
5.980151 -5.081948 0.023005
5.760664 -5.142305 0.028326
5.533039 -5.170393 0.036516
5.314091 -5.222197 0.040475
7.552999 4.651411 -0.143601
7.748226 4.505167 -0.146558
7.906974 4.316578 -0.142818
8.254532 3.657349 -0.116747
8.578829 3.245185 -0.119623
8.625740 2.997062 -0.105952
8.754030 2.546418 -0.090127
8.818161 2.328716 -0.084596
8.874594 1.874760 -0.066488
8.969845 1.678637 -0.070044
9.092996 0.553237 -0.051093
6.923363 4.672378 -0.148885
7.003350 4.379208 -0.119947
7.318300 4.338871 -0.145610
7.346992 4.014492 -0.110969
7.447138 3.799937 -0.097626
7.619902 3.671805 -0.103005
7.763011 3.512215 -0.102962
7.794821 3.256021 -0.081251
7.929338 3.097820 -0.082837
8.029507 2.913720 -0.078946
8.154514 2.687359 -0.076119
8.181931 2.464593 -0.062130
8.238413 2.266318 -0.055201
8.379581 2.113789 -0.064574
8.394041 1.900113 -0.053043
8.452065 1.709986 -0.050449
8.442257 1.497953 -0.037833
8.538697 1.324232 -0.044149
8.612038 0.694158 -0.033495
8.653100 0.310743 -0.032513
8.736813 0.120060 -0.043662
8.766327 -0.076351 -0.047435
8.822195 -0.277043 -0.056517
8.851027 -0.890518 -0.069330
8.797469 -1.087574 -0.066075
8.769049 -1.290829 -0.068066
8.765196 -1.504273 -0.075359
8.551041 -2.087371 -0.071958
8.412367 -2.425259 -0.073020
8.368728 -2.643292 -0.081923
8.386347 -2.910404 -0.103896
8.202077 -3.045764 -0.090389
8.090631 -3.232330 -0.091715
8.014034 -3.452730 -0.101605
7.774513 -3.528076 -0.079903
7.652057 -3.709979 -0.083334
7.455308 -3.813940 -0.071926
7.318249 -3.984071 -0.075113
7.165478 -4.139493 -0.076374
6.975719 -4.245732 -0.069807
6.855719 -4.358234 -0.071583
6.643538 -4.424473 -0.060579
6.471030 -4.557082 -0.062201
6.257009 -4.609368 -0.051925
6.051720 -4.672644 -0.044959
5.885635 -4.835049 -0.054648
5.673008 -4.880821 -0.047497
5.462757 -4.927889 -0.041941
5.240644 -4.920713 -0.029797
5.714746 4.834739 -0.134355
5.947036 4.694904 -0.129474
6.102745 4.524150 -0.116360
6.237522 4.328773 -0.099432
6.432652 4.262015 -0.106919
6.575038 4.103008 -0.098335
6.705619 3.935619 -0.088806
6.806243 3.736727 -0.073439
6.916917 3.563977 -0.063704
7.084431 3.392424 -0.061952
7.252445 3.292274 -0.070269
7.363229 3.132488 -0.066106
7.418790 2.927737 -0.051324
7.580459 2.818157 -0.061470
7.613411 2.607846 -0.045550
7.737507 2.413264 -0.045207
7.813337 2.243897 -0.041721
7.840752 2.050304 -0.030350
7.942005 1.899319 -0.034424
7.916156 1.690235 -0.016198
8.019695 1.541353 -0.023067
8.101634 1.381312 -0.027021
8.138075 1.205541 -0.024031
8.172797 1.030636 -0.021950
8.095823 0.789399 -0.000382
8.261820 0.640569 -0.023366
8.255787 0.460842 -0.018114
8.282377 0.285488 -0.019529
8.347923 0.109906 -0.028602
8.325275 -0.069356 -0.024013
8.413073 -0.436902 -0.040635
8.343151 -0.796212 -0.035486
8.372903 -0.990227 -0.045710
8.343289 -1.174229 -0.047093
8.311501 -1.359306 -0.049359
8.271168 -1.543573 -0.051420
8.244139 -1.735694 -0.057181
8.055729 -2.012114 -0.044873
8.051685 -2.224379 -0.058729
7.991999 -2.412251 -0.063832
7.952333 -2.618422 -0.074481
7.864555 -2.797688 -0.077376
7.768281 -2.973946 -0.080109
7.615651 -3.104784 -0.072381
7.308471 -3.355037 -0.059354
7.184435 -3.509755 -0.061460
7.063968 -3.673256 -0.066217
6.925597 -3.737535 -0.058567
6.795794 -3.895850 -0.063923
6.617027 -3.986113 -0.057258
6.449745 -4.092722 -0.055029
6.310163 -4.253337 -0.063562
6.091681 -4.262617 -0.046657
5.910152 -4.340718 -0.043255
5.721425 -4.399841 -0.037979
5.541614 -4.483119 -0.037951
5.401953 -4.533550 -0.036756
5.201396 -4.546935 -0.027732
4.757322 4.561113 -0.093377
4.987132 4.478912 -0.089754
5.158761 4.374989 -0.081490
5.347792 4.347876 -0.087971
5.546021 4.340650 -0.099519
5.687648 4.174102 -0.083259
5.827368 4.024963 -0.070875
6.044806 3.945073 -0.077008
7.314516 2.388166 -0.027059
7.456367 2.228522 -0.032665
7.514878 2.065202 -0.026795
7.555457 1.895353 -0.018728
7.614189 1.738660 -0.015767
7.671814 1.582968 -0.013842
7.604485 1.379398 0.010858
7.750889 1.261193 -0.006703
7.788048 1.101838 -0.004512
7.835504 0.945905 -0.005383
7.856660 0.742469 -0.001051
7.918101 0.587984 -0.006943
8.001837 0.432796 -0.017879
7.975645 0.264588 -0.010159
7.954105 0.099653 -0.004447
7.965991 -0.063661 -0.005836
8.045902 -0.232166 -0.020489
8.066746 -0.402281 -0.025773
8.034228 -0.567946 -0.022679
8.046236 -0.741160 -0.028763
7.988559 -0.902075 -0.023446
7.985143 -1.076145 -0.029185
7.941315 -1.241026 -0.028754
7.906197 -1.409865 -0.031166
7.874338 -1.582345 -0.035501
7.761294 -1.720383 -0.025511
7.744575 -1.855511 -0.031965
7.706937 -2.032302 -0.038907
7.660442 -2.208885 -0.045639
7.548183 -2.346440 -0.040237
7.499902 -2.529478 -0.049675
7.419605 -2.694256 -0.053943
7.348546 -2.871643 -0.062013
7.255441 -3.035345 -0.066873
7.093867 -3.133568 -0.056715
6.979304 -3.279512 -0.059301
6.860061 -3.351719 -0.053531
6.737865 -3.492872 -0.056818
6.581986 -3.591391 -0.052133
6.434862 -3.702243 -0.051271
6.259326 -3.766549 -0.042496
6.141586 -3.934725 -0.054914
5.951540 -3.968720 -0.043071
5.791408 -4.062373 -0.043645
5.651246 -4.084279 -0.036219
5.490448 -4.181194 -0.039441
5.317642 -4.249053 -0.038722
5.133286 -4.276083 -0.032306
6.199986 3.844392 -0.123674
6.334214 3.710404 -0.116710
6.442289 3.544022 -0.103368
6.567797 3.412535 -0.098484
6.654459 3.236678 -0.083903
6.787960 3.125320 -0.085435
6.940351 2.970396 -0.085137
7.029690 2.816100 -0.077971
7.098543 2.648519 -0.067520
7.212699 2.523601 -0.069996
7.728110 0.093726 -0.003714
7.711106 -0.059648 0.000199
7.756747 -0.215459 -0.008868
7.761320 -0.371741 -0.011311
7.736049 -0.525452 -0.009237
7.727445 -0.681990 -0.011489
7.734145 -0.843787 -0.017888
7.688952 -0.995036 -0.015476
7.654243 -1.149331 -0.016268
7.628584 -1.308199 -0.020084
7.553311 -1.449208 -0.015195
7.514892 -1.562173 -0.015920
7.490723 -1.727773 -0.023632
7.408265 -1.865882 -0.020516
7.373808 -2.033061 -0.028970
7.283494 -2.168428 -0.026694
7.238150 -2.337040 -0.035906
7.157136 -2.483781 -0.038605
7.060342 -2.619896 -0.039018
7.011322 -2.803480 -0.052919
6.899780 -2.933246 -0.052960
6.787093 -2.999760 -0.046108
6.651677 -3.102286 -0.041756
6.519080 -3.207397 -0.039337
6.398519 -3.330136 -0.041993
6.240794 -3.399550 -0.034194
6.124442 -3.535728 -0.041712
5.968081 -3.606519 -0.036754
5.852625 -3.661954 -0.034384
5.694105 -3.725267 -0.030274
5.549976 -3.824485 -0.034243
5.398279 -3.911909 -0.037003
5.241693 -3.992730 -0.039616
5.059808 -3.983274 -0.027093
4.684195 4.083930 -0.100800
4.844965 4.003532 -0.093225
5.022727 4.012159 -0.104378
5.205816 3.868682 -0.089529
5.359976 3.796844 -0.087457
5.541437 3.799738 -0.102132
5.684135 3.699437 -0.096731
5.823913 3.599781 -0.092501
5.939312 3.459974 -0.080392
6.134892 3.384616 -0.088944
6.220008 3.212687 -0.071198
6.342070 3.104802 -0.069185
6.448411 2.979218 -0.063760
6.552488 2.855078 -0.059501
6.687014 2.708683 -0.057781
6.778208 2.577221 -0.053464
6.863315 2.443163 -0.049121
6.968996 2.328221 -0.051574
7.061115 2.202197 -0.051753
7.138447 2.066260 -0.049593
7.195951 1.874393 -0.039630
7.254063 1.731782 -0.036190
7.285709 1.577779 -0.028180
7.347450 1.440617 -0.028237
7.435447 1.313579 -0.035106
7.464805 1.163269 -0.030502
7.547705 1.030660 -0.038388
7.536721 0.870847 -0.027844
7.582502 0.688650 -0.028754
7.658876 0.548262 -0.038832
7.643828 0.393229 -0.031521
7.696764 0.245487 -0.039100
7.272346 -1.452568 -0.004494
7.237390 -1.600231 -0.009411
7.175654 -1.736313 -0.009734
7.127124 -1.881740 -0.014364
7.067135 -2.022949 -0.017793
7.000306 -2.162146 -0.021049
6.904287 -2.280942 -0.018537
6.863806 -2.448353 -0.031529
6.759561 -2.564208 -0.029789
6.730561 -2.701331 -0.042845
6.619145 -2.815134 -0.041935
6.487995 -2.906444 -0.036508
6.349796 -2.986601 -0.029826
6.245151 -3.111780 -0.035111
6.136938 -3.237983 -0.041354
5.963889 -3.260560 -0.025606
5.870289 -3.336664 -0.027775
5.725278 -3.401694 -0.023860
5.589259 -3.486268 -0.025227
5.438586 -3.538290 -0.021116
5.297107 -3.615825 -0.023311
4.627816 3.712761 -0.069837
4.790547 3.725283 -0.080117
4.936819 3.652674 -0.074116
5.072148 3.552602 -0.063405
5.222378 3.513945 -0.066821
5.403384 3.444568 -0.068365
5.535960 3.360989 -0.064742
5.661740 3.267944 -0.060013
5.782507 3.170629 -0.055266
5.927541 3.118655 -0.062394
6.052703 2.963373 -0.051016
6.157684 2.853446 -0.046295
6.250128 2.731385 -0.039190
6.347813 2.620165 -0.035719
6.455974 2.522428 -0.037004
6.539895 2.350803 -0.025374
6.645948 2.253372 -0.029062
6.721563 2.129793 -0.025507
6.819391 2.024484 -0.029175
6.932268 1.927646 -0.037647
7.007485 1.761567 -0.033101
7.035953 1.613305 -0.023379
7.093703 1.483695 -0.022132
7.072986 1.320069 -0.003988
7.193399 1.219176 -0.019633
7.219107 1.079123 -0.014770
7.271156 0.948724 -0.016995
7.312543 0.814531 -0.017986
7.338893 0.640859 -0.015337
7.379285 0.505497 -0.018673
7.379910 0.364116 -0.014660
7.397462 0.225132 -0.015415
7.437808 0.086051 -0.022129
7.443807 -0.055550 -0.022736
7.512558 -0.201521 -0.037760
7.506329 -0.346440 -0.038162
7.476743 -0.488708 -0.034810
7.475428 -0.635468 -0.038671
7.439540 -0.776462 -0.036361
7.474803 -0.936732 -0.050694
7.360801 -1.055849 -0.033791
7.333776 -1.200490 -0.037070
7.321576 -1.353524 -0.045042
5.151892 -3.691053 -0.067838
5.024103 -3.679551 -0.057145
4.547726 3.427281 -0.047694
4.725495 3.391589 -0.048942
4.868423 3.366585 -0.052132
5.007412 3.324878 -0.052905
5.148149 3.289098 -0.056267
5.265585 3.188777 -0.046086
5.415799 3.086561 -0.039990
5.525187 2.988520 -0.032293
5.626303 2.882236 -0.023369
5.773971 2.861562 -0.036854
5.860520 2.738520 -0.025549
6.017790 2.662808 -0.033241
6.106016 2.551341 -0.026882
6.185065 2.433405 -0.019321
6.293387 2.350946 -0.023038
6.361974 2.228143 -0.015460
6.476644 2.105577 -0.016948
6.537332 1.982084 -0.010581
6.638284 1.891366 -0.016855
6.688793 1.763879 -0.010468
6.777661 1.662830 -0.015562
6.843447 1.508736 -0.011769
6.871429 1.374743 -0.004080
6.935459 1.259704 -0.006578
6.994725 1.141693 -0.008988
7.011986 1.008191 -0.002585
7.110503 0.901132 -0.016338
7.094648 0.759795 -0.004673
7.129665 0.599812 -0.004442
7.168449 0.473242 -0.007952
7.207717 0.345103 -0.012662
7.224533 0.213340 -0.013470
7.218816 0.080343 -0.010419
7.236116 -0.052264 -0.013636
7.242180 -0.185847 -0.015514
7.259643 -0.321746 -0.021103
7.265213 -0.458563 -0.025250
7.225951 -0.589135 -0.020553
7.253454 -0.733827 -0.032110
7.213361 -0.865072 -0.029629
7.173525 -0.996052 -0.028381
7.132994 -1.126953 -0.028172
7.084056 -1.218025 -0.024436
7.034010 -1.345173 -0.024064
7.008763 -1.485499 -0.031009
6.951976 -1.612090 -0.031622
6.933133 -1.763239 -0.043261
6.849736 -1.877178 -0.039871
6.798276 -2.014119 -0.046249
6.717629 -2.131840 -0.046270
6.640166 -2.253563 -0.048598
6.589808 -2.353688 -0.053656
6.465408 -2.433458 -0.044580
6.376916 -2.549075 -0.047664
6.352334 -2.744986 -0.073879
6.141234 -2.715032 -0.038759
6.090674 -2.892624 -0.060873
5.970142 -2.978677 -0.059719
5.883390 -3.050102 -0.061334
5.758394 -3.131597 -0.061098
5.612083 -3.171590 -0.052329
5.485794 -3.251639 -0.054272
5.347116 -3.304919 -0.051311
5.215471 -3.378805 -0.054175
5.109061 -3.414088 -0.052674
4.953936 -3.411189 -0.041097
6.916031 0.714925 0.003965
6.960131 0.566550 0.001539
6.946888 0.439356 0.009828
6.979143 0.319897 0.006216
7.006549 0.198512 0.002653
7.028890 0.075392 -0.000832
7.046062 -0.049252 -0.004240
7.075211 -0.176212 -0.011585
7.059017 -0.301675 -0.009522
7.076946 -0.431732 -0.016618
7.044570 -0.555483 -0.013095
7.012308 -0.678468 -0.010736
7.018697 -0.811752 -0.018801
6.965022 -0.929408 -0.013664
6.959545 -1.063435 -0.021462
6.923314 -1.153383 -0.020273
6.876075 -1.273837 -0.019997
6.833517 -1.397282 -0.022165
6.775551 -1.513796 -0.021639
6.736466 -1.642548 -0.027440
6.672594 -1.758008 -0.027999
6.653767 -1.907933 -0.042663
6.555402 -2.001744 -0.036350
6.470912 -2.061563 -0.029039
6.429152 -2.204221 -0.041851
6.315202 -2.281499 -0.033822
6.248543 -2.407914 -0.042424
6.149457 -2.501723 -0.041888
6.052864 -2.599990 -0.043718
5.992805 -2.692822 -0.050982
5.871387 -2.760558 -0.046183
5.770695 -2.861552 -0.051382
5.659124 -2.948572 -0.053914
5.533095 -3.010341 -0.051262
5.406763 -3.071459 -0.049735
5.299870 -3.087541 -0.042353
5.177576 -3.159479 -0.045605
5.036315 -3.176893 -0.037464
4.902705 -3.215611 -0.035562
4.514690 3.197257 -0.069213
4.644226 3.153126 -0.065707
4.772147 3.109450 -0.063507
4.932672 3.063056 -0.064470
5.058947 3.019747 -0.065131
5.175272 2.950274 -0.060415
5.298745 2.902866 -0.062474
5.393764 2.794477 -0.049730
5.529049 2.703658 -0.046848
5.645905 2.647867 -0.050475
5.751842 2.573527 -0.050179
5.827855 2.457938 -0.038851
5.936190 2.339466 -0.033332
6.036427 2.263236 -0.035818
6.110348 2.158151 -0.030062
6.216087 2.086991 -0.036777
6.327833 1.975965 -0.039598
6.414336 1.883795 -0.042159
6.442498 1.747628 -0.028152
6.529760 1.657152 -0.033518
6.599679 1.553862 -0.034836
6.675078 1.417413 -0.034743
6.694386 1.288079 -0.024858
6.749742 1.178230 -0.026158
6.810979 1.070091 -0.030131
6.863159 0.957271 -0.032817
6.883031 0.833753 -0.028371
6.890732 -0.046801 0.000720
6.863205 -0.163918 0.006872
6.904427 -0.286231 -0.004922
6.917279 -0.408987 -0.010982
6.835694 -0.516671 0.005073
6.849650 -0.641177 -0.003618
6.846657 -0.764629 -0.009372
6.795047 -0.875097 -0.004076
6.770632 -0.994190 -0.006853
6.731284 -1.076056 -0.004298
6.713398 -1.200310 -0.011013
6.658785 -1.309279 -0.009294
6.609598 -1.421314 -0.010245
6.550274 -1.528250 -0.009641
6.505458 -1.645538 -0.014469
6.459176 -1.764703 -0.020418
6.393693 -1.871998 -0.022166
6.347976 -1.956527 -0.025492
6.285659 -2.070717 -0.030948
6.189458 -2.154322 -0.026775
6.108990 -2.254314 -0.029202
6.012863 -2.338084 -0.027516
5.934537 -2.393125 -0.024707
5.861888 -2.510276 -0.034735
5.745133 -2.567937 -0.028597
5.640942 -2.644165 -0.028951
5.560193 -2.766046 -0.042465
5.436930 -2.813609 -0.037268
5.355857 -2.873115 -0.040329
5.226842 -2.905561 -0.033616
5.115994 -2.985346 -0.039876
4.982094 -3.000370 -0.031552
4.848785 -3.009392 -0.023244
4.484196 2.981289 -0.051322
4.603701 2.933054 -0.046043
4.723731 2.896990 -0.044980
4.846189 2.872666 -0.048135
4.987189 2.801933 -0.043396
5.100451 2.751673 -0.042523
5.209053 2.691941 -0.040262
5.312378 2.623520 -0.036709
5.406893 2.541491 -0.030339
5.554616 2.495133 -0.040009
5.632427 2.391375 -0.029533
5.720866 2.308852 -0.026179
5.801977 2.219062 -0.021444
5.915872 2.124882 -0.022731
5.995907 2.037458 -0.020953
6.080304 1.955264 -0.022083
6.140401 1.850974 -0.016064
6.253473 1.754776 -0.023174
6.345037 1.676051 -0.030147
6.363448 1.545290 -0.015448
6.448115 1.460922 -0.022533
6.493976 1.319002 -0.015142
6.545006 1.214864 -0.014909
6.592167 1.109028 -0.014767
6.661183 1.011670 -0.021785
6.678832 0.894137 -0.015871
6.723497 0.786488 -0.018484
6.753028 0.673976 -0.018206
6.789507 0.533052 -0.019386
6.792085 0.415627 -0.014744
6.817754 0.302025 -0.017258
4.959468 0.060076 0.461323
6.837939 0.070328 -0.017762
6.680598 -0.719127 0.002280
6.652744 -0.829645 0.001949
6.623899 -0.910095 0.003055
6.587354 -1.018141 0.003002
6.535763 -1.119952 0.005913
6.515065 -1.236921 -0.000996
6.459056 -1.337412 0.000761
6.422704 -1.450025 -0.004437
6.371753 -1.555606 -0.006739
6.320248 -1.662524 -0.010274
6.264038 -1.730358 -0.008324
6.216756 -1.844319 -0.015804
6.138447 -1.933663 -0.014599
6.076035 -2.039606 -0.020282
6.000499 -2.134982 -0.022998
5.925169 -2.186160 -0.018992
5.845526 -2.279578 -0.022775
5.728128 -2.323633 -0.012467
5.647264 -2.418717 -0.018802
5.561078 -2.510629 -0.024951
5.488553 -2.569195 -0.027183
5.378585 -2.624265 -0.024749
5.284825 -2.715564 -0.033189
5.166686 -2.755758 -0.029110
5.056523 -2.817070 -0.031746
4.955885 -2.809717 -0.020957
4.843655 -2.867356 -0.024771
4.425582 2.775696 -0.030021
4.572509 2.763962 -0.034935
4.681762 2.712842 -0.029281
4.798014 2.695894 -0.033864
4.902245 2.636914 -0.028349
5.006851 2.585047 -0.025826
5.148397 2.549518 -0.032513
5.240983 2.473559 -0.025716
5.331975 2.399776 -0.020439
5.449175 2.318532 -0.018475
5.544535 2.257396 -0.019329
5.630718 2.183259 -0.017192
5.696200 2.083968 -0.007663
5.810682 2.004169 -0.011899
5.881827 1.917106 -0.008434
5.953203 1.831943 -0.006538
6.042010 1.763279 -0.012170
6.119712 1.647506 -0.008979
6.202238 1.571051 -0.014650
6.254020 1.471734 -0.011310
6.306728 1.374215 -0.009607
6.383058 1.258767 -0.012389
6.411408 1.149385 -0.006098
6.476656 1.058314 -0.011952
6.511962 0.953466 -0.010182
6.548705 0.849575 -0.010026
6.580705 0.744182 -0.009708
6.586606 0.632169 -0.003367
6.643401 0.504390 -0.010662
6.650483 0.393964 -0.007335
6.669651 0.285686 -0.008444
6.678779 0.176124 -0.008013
6.672028 0.066018 -0.004510
6.711677 -0.044056 -0.014528
6.712735 -0.155349 -0.015435
6.714638 -0.267364 -0.017751
6.745190 -0.384607 -0.028959
6.698455 -0.491406 -0.020631
6.696854 -0.606345 -0.025672
6.333705 -1.267574 0.007869
6.290665 -1.369005 0.005319
6.229171 -1.459627 0.007225
6.220853 -1.554871 -0.004282
6.124379 -1.620646 0.006813
6.098906 -1.743542 -0.007017
6.029014 -1.831866 -0.007357
5.951025 -1.913042 -0.006076
5.888495 -2.011698 -0.012008
5.809769 -2.050780 -0.005022
5.721966 -2.121594 -0.003312
5.650867 -2.216073 -0.010228
5.559090 -2.284272 -0.009738
5.506182 -2.362294 -0.018142
5.402202 -2.413700 -0.014445
5.306356 -2.480405 -0.016387
5.193226 -2.511888 -0.009563
4.403415 2.605810 -0.015404
4.517109 2.617123 -0.024520
4.614633 2.540791 -0.010877
6.335620 0.996367 0.001278
6.363197 0.895434 0.004715
6.419064 0.805176 -0.001403
6.449265 0.705240 -0.001046
6.475563 0.604274 -0.000719
6.486658 0.473645 0.004252
6.526042 0.374926 -0.001701
6.505370 0.267577 0.008073
6.536249 0.166429 0.002266
6.551814 0.062877 -0.000391
6.579990 -0.041968 -0.007690
6.575573 -0.147412 -0.007100
6.577955 -0.253688 -0.009570
6.581078 -0.361174 -0.013443
6.563313 -0.466318 -0.012667
6.562797 -0.575598 -0.017966
6.540709 -0.681023 -0.018392
6.519950 -0.787458 -0.020429
6.487159 -0.861865 -0.017759
6.447510 -0.962117 -0.016396
6.403516 -1.060462 -0.014919
6.365115 -1.161684 -0.016352
5.088929 -2.562786 -0.040200
5.012315 -2.605745 -0.042276
4.912920 -2.676490 -0.049725
4.798896 -2.704980 -0.046671
4.749217 2.518064 -0.044734
4.847787 2.466773 -0.040141
4.945336 2.417365 -0.037196
5.080340 2.390365 -0.045766
5.159173 2.302253 -0.033437
5.253609 2.252092 -0.033945
5.337497 2.183805 -0.029714
5.443446 2.103661 -0.027559
5.533139 2.047677 -0.029913
5.607050 1.970542 -0.025935
5.681043 1.895478 -0.023635
5.759173 1.787957 -0.016772
5.841391 1.723741 -0.021056
5.925650 1.659743 -0.027010
6.002561 1.553778 -0.025070
6.076633 1.478889 -0.029473
6.115447 1.378685 -0.022558
6.173997 1.292952 -0.023892
6.228774 1.204626 -0.025103
6.276708 1.083448 -0.021592
6.374261 0.351718 0.014612
6.408667 0.256897 0.008494
6.405472 0.157533 0.012200
6.426299 0.059611 0.007810
6.454434 -0.039972 0.000184
6.461459 -0.140818 -0.002494
6.424915 -0.238342 0.006286
6.451066 -0.342627 -0.004281
6.423108 -0.440265 -0.000285
6.429157 -0.544928 -0.007448
6.413972 -0.646295 -0.009602
6.373195 -0.740511 -0.005292
6.352603 -0.814124 -0.005820
6.304653 -0.904561 -0.001271
6.288821 -1.008615 -0.007878
6.242582 -1.099959 -0.006228
6.207306 -1.197432 -0.009335
6.162522 -1.290690 -0.010660
6.109042 -1.379149 -0.010343
6.103080 -1.470513 -0.022890
5.992677 -1.517564 -0.004677
5.971444 -1.634898 -0.019829
5.914454 -1.725700 -0.023586
5.840985 -1.802153 -0.022385
5.798971 -1.873879 -0.027749
5.733614 -1.962186 -0.032656
5.642728 -2.021085 -0.027863
5.569247 -2.103021 -0.032388
5.486066 -2.124686 -0.022992
5.415411 -2.214557 -0.031925
5.320403 -2.267199 -0.029703
5.223242 -2.315520 -0.027390
5.151003 -2.353048 -0.026870
5.056708 -2.409076 -0.028996
4.961252 -2.465806 -0.032411
4.850811 -2.480698 -0.024850
4.750944 -2.528683 -0.028086
4.386479 2.479502 -0.037669
4.489194 2.458201 -0.037477
4.583706 2.399981 -0.027496
4.689625 2.398309 -0.035591
4.801300 2.320477 -0.024451
4.900418 2.294300 -0.027862
5.000915 2.269425 -0.033009
5.102931 2.184094 -0.023734
5.189836 2.131386 -0.022482
5.277226 2.080531 -0.022989
5.356748 2.017335 -0.020367
5.440546 1.918527 -0.011304
5.516019 1.854228 -0.010400
5.592557 1.791719 -0.011293
5.673100 1.697153 -0.007412
5.743551 1.628804 -0.008445
5.819702 1.565223 -0.012875
5.885021 1.491170 -0.013987
5.962248 1.394770 -0.015291
5.997626 1.299428 -0.008047
6.048175 1.215766 -0.007702
6.104705 1.135507 -0.010595
6.159282 1.025883 -0.010282
6.209118 0.940874 -0.013376
6.234561 0.845307 -0.009654
6.272301 0.754937 -0.011118
6.316690 0.665975 -0.015789
6.330678 0.567877 -0.012087
6.378581 0.452419 -0.018521
6.323652 -0.037878 0.012313
6.302811 -0.131589 0.017926
6.333909 -0.229261 0.006776
6.310406 -0.322532 0.010917
6.283369 -0.414280 0.015026
6.317896 -0.519409 -0.000853
6.287579 -0.611642 0.001896
6.248461 -0.700620 0.006275
6.239702 -0.774082 0.002340
6.209085 -0.866121 0.001996
6.179585 -0.959224 0.000068
6.130510 -1.043501 0.003363
6.097691 -1.136325 0.000041
6.064997 -1.230864 -0.004715
6.013715 -1.285478 0.000223
6.005520 -1.400325 -0.015902
5.929181 -1.467845 -0.008712
5.888619 -1.564114 -0.016238
5.830539 -1.647648 -0.018594
5.766434 -1.690920 -0.012866
5.713379 -1.781635 -0.019841
5.633751 -1.844957 -0.016854
5.561642 -1.917484 -0.018549
5.503428 -1.967367 -0.018835
5.422209 -2.029560 -0.018648
5.338022 -2.087920 -0.018274
5.253832 -2.147308 -0.019372
5.192292 -2.196294 -0.022338
5.091061 -2.223526 -0.015073
5.000103 -2.271934 -0.015818
4.900912 -2.300051 -0.011502
4.839069 -2.358232 -0.020276
4.741463 -2.394897 -0.020564
4.344275 2.347517 -0.024647
4.465944 2.323995 -0.024661
4.559558 2.288836 -0.020973
4.652431 2.255708 -0.019046
4.745239 2.224873 -0.018999
4.855730 2.171772 -0.015897
4.944715 2.133235 -0.015960
5.032202 2.091784 -0.016225
5.144547 2.045804 -0.020263
5.214360 1.972730 -0.012106
5.283419 1.902851 -0.005851
5.384156 1.840010 -0.008439
5.449514 1.769321 -0.003974
5.529770 1.718169 -0.008276
5.578099 1.630867 0.001176
5.654077 1.541979 0.003495
5.726677 1.482237 -0.001045
5.775588 1.401465 0.003092
5.879731 1.334123 -0.010349
5.908193 1.239291 -0.001116
5.961003 1.162320 -0.002439
6.020207 1.088462 -0.007136
6.047377 0.971020 0.001930
6.110288 0.897472 -0.006466
6.113239 0.797977 0.004373
6.143763 0.710906 0.004628
6.186387 0.627365 -0.000202
6.204216 0.536109 0.001923
6.245095 0.426239 -0.003001
6.249332 0.332577 0.000828
6.271769 0.241756 -0.002254
6.284852 0.149264 -0.003537
6.299839 0.056247 -0.006564
6.221224 -0.402804 0.008889
6.223452 -0.497760 0.002825
6.204825 -0.589007 0.002182
6.188012 -0.681386 -0.000252
6.153492 -0.743544 0.004298
6.108745 -0.825727 0.009042
6.070736 -0.909983 0.010455
6.038836 -0.997346 0.008604
6.022552 -1.094512 -0.000050
5.963081 -1.168298 0.005261
5.946548 -1.241391 -0.001730
5.899284 -1.323821 -0.003057
5.839457 -1.397387 -0.000848
5.801871 -1.489917 -0.008748
5.759132 -1.548321 -0.009878
5.697269 -1.622445 -0.010556
5.628048 -1.689623 -0.009348
5.552416 -1.749528 -0.006397
5.503320 -1.803728 -0.008609
5.419409 -1.852656 -0.003597
5.358594 -1.934739 -0.011987
5.269687 -1.976109 -0.006650
5.208705 -2.015958 -0.006605
5.129781 -2.074793 -0.009436
5.040740 -2.114858 -0.007077
4.958599 -2.171576 -0.011313
4.892498 -2.205340 -0.012344
4.789403 -2.207182 -0.001185
4.707235 -2.274274 -0.011618
4.330764 2.234912 -0.016193
4.419843 2.194210 -0.008760
4.513795 2.188499 -0.013623
4.625194 2.151531 -0.011818
4.710417 2.111227 -0.008130
5.970892 0.933543 0.004079
6.016912 0.856462 0.000832
6.023502 0.762977 0.010254
6.073750 0.686936 0.003305
6.088695 0.598420 0.007332
6.126937 0.516696 0.002347
6.166861 0.410887 -0.002748
6.142982 0.316313 0.010233
6.187004 0.232399 -0.000196
6.171908 0.141588 0.007492
6.208799 0.053871 -0.002829
6.219791 -0.036322 -0.005910
6.204799 -0.126030 -0.001757
6.235943 -0.219592 -0.013726
6.223965 -0.310369 -0.012921
6.041400 -0.703750 0.017015
6.024228 -0.791723 0.012935
5.992870 -0.874811 0.012523
5.947542 -0.951360 0.015903
5.933226 -1.044723 0.006862
5.880647 -1.117726 0.010520
5.860943 -1.185081 0.005039
5.825162 -1.270526 0.000022
5.763233 -1.337558 0.004009
5.715515 -1.416019 0.001032
5.687377 -1.482966 -0.005471
5.648081 -1.573856 -0.015090
5.550692 -1.606209 0.000151
5.478641 -1.662967 0.003094
5.456546 -1.745414 -0.011536
5.358760 -1.769967 0.002291
5.289003 -1.830881 0.000506
5.247615 -1.895359 -0.008389
5.166155 -1.941362 -0.006337
5.098022 -2.013430 -0.014603
4.999974 -2.026926 -0.003606
4.936764 -2.057427 -0.003260
4.850449 -2.093660 -0.002340
4.762507 -2.125870 -0.001283
4.698804 -2.158321 -0.003927
4.794327 2.071575 -0.031064
4.902649 2.032213 -0.033125
4.972023 1.962313 -0.022295
5.057482 1.930191 -0.026196
5.150669 1.863971 -0.023075
5.227302 1.815776 -0.023654
5.298639 1.759889 -0.022353
5.371808 1.670371 -0.014020
5.433586 1.605595 -0.011141
5.518827 1.567348 -0.021237
5.579739 1.470113 -0.013143
5.649321 1.413470 -0.017908
5.708327 1.346591 -0.018965
5.778223 1.259628 -0.020263
5.799144 1.166058 -0.008459
5.877405 1.111187 -0.020987
5.895636 1.019143 -0.011069
6.023033 0.490595 0.013654
6.061625 0.390247 0.008409
6.064617 0.304321 0.012471
6.091413 0.221857 0.007319
6.070497 0.134695 0.017101
6.101534 0.051093 0.008281
6.112522 -0.034600 0.005056
6.119835 -0.121120 0.001905
6.145532 -0.210548 -0.008601
6.112079 -0.294382 -0.000401
6.113833 -0.382996 -0.005252
6.116693 -0.473416 -0.011741
6.077787 -0.554318 -0.005115
6.067829 -0.643117 -0.009675
5.866484 -0.910539 0.021600
5.863450 -1.005874 0.008557
5.814258 -1.051886 0.015700
5.780313 -1.132035 0.012042
5.737775 -1.207598 0.010442
5.683007 -1.274535 0.012619
5.656147 -1.336578 0.007410
5.599542 -1.402828 0.008169
5.551754 -1.478217 0.003608
5.481240 -1.531326 0.008302
5.439768 -1.583577 0.005537
5.382287 -1.652457 0.001496
5.308145 -1.701014 0.004841
5.250579 -1.773782 -0.002530
5.190444 -1.803990 0.000807
5.112872 -1.847698 0.002814
5.033467 -1.887764 0.004945
4.977213 -1.924692 0.003302
4.898904 -1.968479 0.002120
4.318711 2.137489 -0.035254
4.404638 2.103057 -0.029065
4.490362 2.076200 -0.026612
4.574522 2.046196 -0.024233
4.673402 1.991285 -0.016719
4.767861 1.996794 -0.029655
4.843528 1.946697 -0.023876
4.929418 1.870280 -0.012868
5.011045 1.840002 -0.016813
5.083634 1.791976 -0.015160
5.169615 1.725711 -0.012113
5.230916 1.663279 -0.006906
5.292643 1.603620 -0.003737
5.378648 1.541215 -0.006604
5.419835 1.460530 0.004011
5.496191 1.418524 -0.004555
5.581919 1.353361 -0.011482
5.621404 1.275335 -0.004901
5.683876 1.216635 -0.009878
5.738096 1.125030 -0.007370
5.781509 1.052350 -0.006817
5.831312 0.983337 -0.009995
5.863415 0.880916 -0.003764
5.912310 0.810570 -0.009102
5.906833 0.717499 0.004835
5.981383 0.655329 -0.012172
5.989797 0.569131 -0.005932
5.986191 0.128959 0.022968
6.022427 0.049029 0.011962
6.016696 -0.033064 0.014389
6.018575 -0.115238 0.013035
6.049976 -0.200971 0.000259
6.022531 -0.281603 0.006778
6.003039 -0.362378 0.009403
6.028418 -0.453159 -0.005004
5.990461 -0.530383 0.001797
5.987777 -0.595356 -0.003094
5.949239 -0.671252 0.001968
5.938515 -0.757435 -0.004353
5.898486 -0.832340 -0.001044
5.637825 -1.239179 0.008223
5.586653 -1.278377 0.014104
5.520306 -1.330536 0.020448
5.495173 -1.422187 0.006259
5.434822 -1.450552 0.014503
5.383841 -1.519387 0.009973
5.315256 -1.568550 0.013209
5.251245 -1.623382 0.012815
5.217716 -1.686384 0.002939
5.130580 -1.708223 0.014061
4.809626 -1.986189 -0.015727
4.743750 -1.999245 -0.011424
4.665975 -2.048219 -0.017755
4.282992 2.017435 -0.017174
4.363355 1.979197 -0.008769
4.468895 1.971741 -0.014139
4.547392 1.937427 -0.009665
4.625462 1.905950 -0.007310
4.730575 1.890972 -0.015015
4.789672 1.811893 0.002664
4.893938 1.793698 -0.007244
4.967347 1.755118 -0.007341
5.025611 1.689887 0.002213
5.121115 1.650024 -0.004287
5.176200 1.585264 0.003080
5.248084 1.545519 -0.001418
5.320383 1.472892 0.001579
5.370078 1.406957 0.006672
5.432423 1.355335 0.003799
5.498459 1.278859 0.004586
5.560489 1.225443 -0.000396
5.616465 1.165977 -0.003509
5.663511 1.074862 0.001118
5.709572 1.008234 -0.000248
5.723864 0.923445 0.010331
5.788521 0.866773 -0.000924
5.814855 0.767752 0.005371
5.833510 0.688900 0.009846
5.901462 0.627956 -0.005657
5.919411 0.548279 -0.003171
5.918077 0.464228 0.005229
5.955344 0.369385 -0.000355
5.952118 0.287093 0.005953
6.005616 0.212347 -0.009436
5.956256 -0.111651 0.012410
5.971334 -0.193102 0.005118
5.944310 -0.270447 0.011818
5.947009 -0.352015 0.006624
5.935128 -0.431727 0.005523
5.908832 -0.508007 0.008556
5.927873 -0.576942 -0.004370
5.869347 -0.642909 0.008691
5.839363 -0.717452 0.009973
5.816230 -0.795123 0.007422
5.789182 -0.871845 0.005123
5.763562 -0.950375 0.000924
5.730445 -1.001893 0.002586
5.707807 -1.084640 -0.005313
5.653843 -1.147459 -0.001262
5.061429 -1.757905 -0.010729
5.012280 -1.800868 -0.014664
4.927792 -1.821424 -0.006669
4.864569 -1.888720 -0.017632
4.795593 -1.888749 -0.007729
4.721567 -1.934511 -0.012519
4.635730 -1.945514 -0.005909
4.274413 1.939176 -0.012745
4.349922 1.890646 -0.000064
4.430022 1.882536 -0.003226
4.530931 1.871848 -0.008736
4.603209 1.830606 -0.002260
4.706197 1.822032 -0.012103
5.669835 0.893371 0.010752
5.689012 0.816660 0.017503
5.737967 0.733977 0.013868
5.760492 0.660418 0.016427
5.806279 0.595348 0.008663
5.828203 0.521252 0.009204
5.841939 0.445102 0.011722
5.878181 0.354249 0.005997
5.890752 0.277701 0.006373
5.910985 0.201921 0.002738
5.922539 0.124560 0.001205
5.919969 0.046315 0.003752
5.941652 -0.031959 -0.003846
4.969403 -0.129837 0.353272
5.864178 -0.336616 0.015089
5.868933 -0.416555 0.007885
5.832836 -0.487175 0.014992
5.831396 -0.547156 0.009767
5.826070 -0.627637 0.002943
5.776361 -0.692109 0.012320
5.759284 -0.769414 0.007643
5.699071 -0.826381 0.019314
5.699357 -0.914600 0.004860
5.657983 -0.958437 0.010555
5.664613 -1.056329 -0.009675
5.594098 -1.104483 0.002465
5.552379 -1.172302 0.000690
5.520253 -1.223104 -0.001157
5.468533 -1.283780 -0.000525
5.433455 -1.361402 -0.009686
5.371411 -1.383993 0.000963
5.326821 -1.454351 -0.005970
5.278146 -1.522786 -0.012584
5.212824 -1.537459 -0.001505
5.162291 -1.606061 -0.009844
5.090262 -1.644487 -0.006045
5.034303 -1.669313 -0.002408
4.980330 -1.740518 -0.014140
4.891420 -1.744958 -0.000099
4.845898 -1.792415 -0.007859
4.766884 -1.814945 -0.003313
4.688972 -1.838780 -0.000562
4.624894 -1.837438 0.007812
4.244302 1.841500 0.001655
4.759562 1.737509 -0.013420
4.830680 1.704168 -0.013295
4.920333 1.664233 -0.015552
4.972253 1.596464 -0.003266
5.049382 1.574520 -0.011920
5.114347 1.497348 -0.002153
5.175877 1.451440 -0.002652
5.235814 1.403494 -0.003353
5.300658 1.332335 -0.000159
5.383168 1.306798 -0.015613
5.426344 1.214690 -0.004278
5.481471 1.160826 -0.007419
5.525967 1.098052 -0.006458
5.583310 1.021023 -0.007775
5.645826 0.969259 -0.017545
5.774267 0.505275 0.008800
5.782061 0.430060 0.013500
5.785300 0.336035 0.020181
5.807988 0.265048 0.016382
5.833046 0.193329 0.010587
5.822437 0.117774 0.017373
5.852563 0.044558 0.007404
5.841254 -0.030326 0.012143
5.859744 -0.106127 0.004334
5.880396 -0.184084 -0.005504
5.767645 -0.469317 0.018870
5.766726 -0.527237 0.013476
5.726129 -0.592099 0.020974
5.723749 -0.670968 0.011862
5.677690 -0.732462 0.019447
5.658240 -0.805897 0.014822
5.625263 -0.851875 0.018370
5.599889 -0.923632 0.014027
5.580383 -1.000812 0.005586
5.521241 -1.051981 0.013872
5.493399 -1.101866 0.011735
5.447191 -1.161818 0.012088
5.402197 -1.223245 0.010574
5.383084 -1.284241 0.000854
5.313420 -1.322725 0.009931
5.267790 -1.386478 0.004777
5.237110 -1.440236 -0.002391
5.165490 -1.474274 0.005137
5.117619 -1.540917 -0.003544
5.056024 -1.553277 0.006101
5.000076 -1.610685 -0.000124
4.928197 -1.641515 0.003950
4.877391 -1.670243 0.003849
4.820784 -1.735214 -0.007971
4.732453 -1.726164 0.008699
4.681924 -1.757738 0.005144
4.605019 -1.772737 0.009920
4.336807 1.806074 -0.012747
4.416445 1.814652 -0.022299
4.486135 1.772205 -0.013047
4.575730 1.738216 -0.010544
4.653907 1.732130 -0.018446
4.705226 1.651674 0.003077
4.805336 1.647998 -0.011764
4.863002 1.593661 -0.003201
4.949823 1.557237 -0.007692
5.010897 1.513059 -0.005918
5.057646 1.448634 0.004346
5.141776 1.407001 -0.002688
5.182470 1.339556 0.007302
5.266138 1.295212 -0.002110
5.323900 1.248041 -0.005162
5.351950 1.172801 0.006655
5.425333 1.114826 -0.000893
5.468048 1.054521 0.000084
5.523116 0.980535 -0.001203
5.569987 0.922720 -0.004780
5.595302 0.851931 0.000383
5.632503 0.788304 -0.001096
5.655022 0.697587 0.005849
5.691286 0.633463 0.002157
5.730772 0.569511 -0.003914
5.747091 0.255732 0.019503
5.771833 0.186575 0.013509
5.777364 0.114690 0.014026
5.790888 0.042949 0.010243
5.785061 -0.029443 0.012947
5.803531 -0.102886 0.004914
5.797019 -0.175711 0.005567
5.792609 -0.248909 0.004218
5.801494 -0.325119 -0.003643
5.769492 -0.393816 0.003675
5.601413 -0.697914 0.030947
5.597968 -0.775536 0.019772
5.570757 -0.822254 0.021267
5.546583 -0.891702 0.016774
5.523956 -0.963694 0.010114
5.475279 -1.018953 0.014353
5.461361 -1.077373 0.005790
5.395378 -1.118431 0.016672
5.356219 -1.181375 0.012957
5.326727 -1.229490 0.009215
5.278134 -1.285583 0.007953
5.226911 -1.339583 0.006807
5.180511 -1.370837 0.009883
5.134696 -1.433318 0.002844
5.073128 -1.475999 0.004355
5.022453 -1.500946 0.007917
4.963255 -1.547521 0.005603
4.910522 -1.568100 0.009441
4.850055 -1.614400 0.005393
4.787131 -1.658221 0.001432
4.727334 -1.661439 0.009937
4.233662 1.735218 -0.000525
4.304080 1.710426 0.004876
4.402584 1.743559 -0.015840
4.465615 1.686001 0.000211
4.533382 1.658328 0.003090
4.621912 1.638024 -0.000873
4.677176 1.579419 0.012656
4.764629 1.557348 0.006190
4.830689 1.529236 0.004152
4.885346 1.479662 0.010693
4.964045 1.438109 0.008042
5.019947 1.393688 0.009928
5.084747 1.332440 0.013718
5.136295 1.284228 0.015273
5.198735 1.222463 0.016582
5.253423 1.178105 0.013533
5.294683 1.120598 0.016939
5.361227 1.062259 0.011399
5.406081 1.007924 0.010263
5.430988 0.939495 0.017882
5.503840 0.882134 0.005343
5.527575 0.814190 0.010658
5.567944 0.755805 0.007017
5.579051 0.664204 0.018548
5.618943 0.605236 0.012589
5.662351 0.546074 0.004171
5.671974 0.474972 0.009175
5.720722 0.414651 -0.003501
5.734045 0.325960 -0.000880
5.718211 -0.028372 0.019271
5.725781 -0.098361 0.015445
5.730308 -0.169026 0.011693
5.715528 -0.237885 0.014663
5.730142 -0.311850 0.004383
5.719898 -0.382465 0.003104
5.711679 -0.454153 -0.000240
5.700717 -0.507055 -0.001551
5.656066 -0.567402 0.008492
5.644499 -0.639197 0.003213
5.335542 -1.068250 0.026917
5.310184 -1.115635 0.022847
5.270604 -1.174937 0.019175
5.209474 -1.212897 0.026448
5.174466 -1.252441 0.024973
5.120797 -1.297551 0.026117
5.074803 -1.353150 0.020964
5.034243 -1.387742 0.020047
4.653225 -1.677192 -0.005979
4.579726 -1.691074 -0.001021
4.228147 1.679752 0.001008
4.298453 1.671367 -0.000010
4.366470 1.649571 0.003341
5.528218 0.641882 0.021597
5.562177 0.583093 0.017736
5.599445 0.524526 0.011402
5.608197 0.456074 0.016572
5.656113 0.398420 0.003557
5.636858 0.306906 0.019842
5.679530 0.245373 0.006732
5.676836 0.176080 0.011761
5.709025 0.109994 0.000950
5.743876 0.041644 -0.012077
5.659088 -0.298626 0.013877
5.633668 -0.362611 0.019289
5.641806 -0.434974 0.009119
5.610936 -0.479296 0.016703
5.598041 -0.546816 0.013512
5.587353 -0.616185 0.008048
5.543862 -0.672082 0.016172
5.517152 -0.734943 0.015587
5.481794 -0.773956 0.021588
5.464344 -0.842519 0.014488
5.443554 -0.910923 0.007466
5.424871 -0.961392 0.002702
5.389299 -1.022164 0.000478
4.967555 -1.415485 0.006250
4.936268 -1.501949 -0.016105
4.867158 -1.488428 0.003236
4.810045 -1.532953 -0.001174
4.760348 -1.552915 0.000853
4.691444 -1.572341 0.005592
4.630874 -1.613836 -0.000400
4.578690 -1.626826 0.002132
4.238843 1.000606 0.261571
4.514525 1.592748 -0.010197
4.576442 1.558532 -0.004928
4.648478 1.506082 0.004611
4.712173 1.482545 0.002696
4.792734 1.453924 -0.001843
4.849558 1.415591 0.000519
4.922046 1.371313 0.000153
4.984318 1.342101 -0.004696
5.046621 1.282971 -0.000699
5.089269 1.228117 0.005615
5.143692 1.188158 0.002626
5.208875 1.134171 -0.000668
5.244398 1.074952 0.005287
5.325151 1.032902 -0.009733
5.347294 0.963854 0.000694
5.392738 0.913334 -0.002864
5.441072 0.843720 -0.004393
5.463410 0.778518 0.001198
5.502249 0.722798 -0.002593
5.587762 0.297274 0.021685
5.598101 0.232931 0.022137
5.610950 0.168821 0.020365
5.615878 0.103692 0.020898
5.650369 0.039254 0.007545
5.639285 -0.027162 0.012709
5.657500 -0.094478 0.004079
5.646232 -0.160663 0.006997
5.637119 -0.226769 0.007828
5.510480 -0.585146 0.023338
5.463499 -0.635626 0.033938
5.472023 -0.712233 0.017162
5.432744 -0.747284 0.025577
5.407039 -0.808127 0.022911
5.374240 -0.865205 0.022526
5.348240 -0.907279 0.022157
5.336167 -0.981285 0.008420
5.274609 -1.017416 0.020013
5.254822 -1.066471 0.013373
5.201937 -1.108416 0.018514
5.163078 -1.140008 0.021317
5.128739 -1.201358 0.013066
5.070440 -1.236190 0.018749
5.040404 -1.279447 0.013002
4.985415 -1.318410 0.014405
4.942694 -1.345374 0.015821
4.892845 -1.393252 0.010864
4.830246 -1.420102 0.015044
4.791257 -1.455519 0.010200
4.724158 -1.472209 0.016949
4.670229 -1.474058 0.025901
4.621217 -1.534892 0.010699
4.199863 1.560275 0.012252
4.268518 1.579678 -0.000262
4.352039 1.572242 -0.003871
4.413185 1.538311 0.004293
4.495112 1.524116 0.000343
4.545919 1.465367 0.017475
4.624682 1.444769 0.013303
4.687946 1.427176 0.009059
4.741568 1.387888 0.014032
5.270020 0.987689 0.001545
5.269099 0.904980 0.024070
5.325239 0.866845 0.013393
5.375810 0.803657 0.009469
5.387115 0.735971 0.020022
5.443373 0.693154 0.006633
5.451627 0.608266 0.019136
5.489128 0.554621 0.012735
5.515007 0.495615 0.010852
5.543215 0.436830 0.006800
5.579664 0.379216 -0.002079
5.562433 -0.025903 0.027210
5.575416 -0.089676 0.020684
5.590941 -0.155123 0.011854
5.571547 -0.217387 0.017409
5.586734 -0.285268 0.006300
5.572447 -0.348677 0.007219
5.544899 -0.408441 0.013046
5.525198 -0.452930 0.016279
5.523555 -0.520492 0.008117
5.221367 -0.952182 0.036330
5.193219 -1.011328 0.029662
5.150364 -1.058243 0.030210
5.116791 -1.092078 0.030731
5.063204 -1.127361 0.036172
5.033823 -1.166091 0.032401
4.999932 -1.226511 0.021996
4.944883 -1.232671 0.034723
4.903358 -1.285215 0.027045
4.546490 -1.525773 0.005624
4.178867 1.501602 0.019708
4.258754 1.504045 0.013819
4.808838 1.342493 -0.002097
4.863899 1.308978 -0.002249
4.921865 1.251077 0.004633
4.982835 1.226313 -0.002972
5.025445 1.151719 0.010814
5.090961 1.130264 -0.001917
5.134258 1.060257 0.006799
5.182635 1.018772 0.003375
5.458006 0.476088 0.019118
5.464981 0.413643 0.024700
5.500370 0.359297 0.015645
5.516358 0.283258 0.016128
5.541860 0.224305 0.009355
5.554407 0.162550 0.007466
5.559096 0.099785 0.008028
5.561188 0.036918 0.008612
5.471749 -0.325432 0.034804
5.512024 -0.399478 0.009282
5.472239 -0.436594 0.022281
5.446072 -0.492906 0.026020
5.427630 -0.551834 0.024917
5.406551 -0.610019 0.023911
5.418087 -0.667483 0.008553
5.354190 -0.704623 0.027136
5.344046 -0.770505 0.017007
5.307961 -0.803091 0.023591
5.279387 -0.858913 0.020930
5.269177 -0.929919 0.006426
4.860350 -1.339299 -0.001372
4.804039 -1.338370 0.012163
4.748591 -1.370642 0.011937
4.710681 -1.403414 0.006877
4.650119 -1.426140 0.009375
4.601209 -1.480860 -0.004328
4.540105 -1.452613 0.016986
4.315876 1.461589 0.009134
4.389960 1.436421 0.012715
4.451626 1.427751 0.008873
4.523160 1.396769 0.012039
4.576459 1.363026 0.017757
4.662951 1.370544 -0.001479
4.705064 1.313392 0.013599
4.772089 1.276127 0.013675
4.827173 1.248790 0.011089
4.891011 1.206082 0.010811
4.940569 1.169817 0.010478
4.972143 1.111314 0.022298
5.047129 1.081962 0.009175
5.084740 1.032642 0.013308
5.142261 0.981976 0.009743
5.195692 0.946883 0.001296
5.215572 0.864839 0.017391
5.261158 0.822817 0.011214
5.300378 0.757420 0.012131
5.333190 0.705997 0.010766
5.359526 0.650965 0.011716
5.374348 0.590832 0.017410
5.426428 0.530188 0.005744
5.472548 0.093938 0.029738
5.479784 0.034845 0.027829
5.479317 -0.024597 0.028405
5.529274 -0.087092 0.004186
5.497178 -0.145742 0.017308
5.483568 -0.204854 0.020630
5.493939 -0.268044 0.011420
5.301071 -0.675679 0.036677
5.282896 -0.733741 0.031256
5.252510 -0.767347 0.035493
5.225476 -0.820870 0.032709
5.199979 -0.876523 0.027651
5.173070 -0.912793 0.027512
5.138594 -0.962736 0.025365
5.092937 -0.981759 0.035481
5.065896 -1.039647 0.026334
5.018141 -1.076921 0.029506
4.990335 -1.114230 0.025474
4.948866 -1.159974 0.021805
4.905315 -1.177776 0.027775
4.860239 -1.219645 0.024506
4.823354 -1.247040 0.023607
4.764381 -1.266599 0.030339
4.732749 -1.304656 0.022517
4.672012 -1.319342 0.029555
4.173532 1.434996 0.012984
4.232438 1.418681 0.017038
4.308368 1.418438 0.010907
4.359046 1.366164 0.029720
5.344128 0.577193 0.015002
5.351165 0.500804 0.025986
5.374840 0.447606 0.023995
5.411057 0.397675 0.014627
5.409782 0.336540 0.022984
5.414330 0.263248 0.028585
5.459828 0.211752 0.011309
5.466583 0.152859 0.011889
5.424155 -0.196342 0.031163
5.434736 -0.257011 0.021772
5.416633 -0.312878 0.025222
5.416204 -0.373201 0.018777
5.387645 -0.410537 0.027263
5.397511 -0.475822 0.013412
5.350400 -0.520771 0.027406
5.330667 -0.575739 0.026292
5.328756 -0.623631 0.017783
4.626081 -1.328391 0.016667
4.570546 -1.352209 0.016900
4.523267 -1.353725 0.024356
4.438015 1.378638 -0.004244
4.488163 1.338083 0.006990
4.554732 1.305786 0.010283
4.614157 1.296039 0.003187
4.673469 1.248963 0.011194
4.726893 1.225111 0.008934
4.786940 1.183136 0.011266
4.835363 1.150799 0.011198
4.884921 1.095583 0.018513
4.923531 1.051913 0.023179
4.995269 1.024968 0.009547
5.019608 0.966737 0.021644
5.069766 0.915912 0.020622
5.112278 0.877010 0.017055
5.153975 0.818585 0.018408
5.197614 0.779141 0.011964
5.227038 0.729385 0.013034
5.261210 0.665919 0.014167
5.285950 0.613948 0.015183
5.376034 0.142914 0.038752
5.416612 0.090099 0.021202
5.407892 0.032956 0.027012
5.407375 -0.023474 0.027615
5.435896 -0.081675 0.012704
5.420070 -0.138044 0.018589
5.289943 -0.496341 0.041579
5.285559 -0.555312 0.032689
5.265402 -0.592426 0.034280
5.232916 -0.638659 0.038586
5.229739 -0.702007 0.025134
5.213719 -0.742622 0.021776
5.157635 -0.773142 0.036842
5.146812 -0.817790 0.028777
5.104743 -0.856779 0.033854
5.080393 -0.910872 0.026437
5.047996 -0.939225 0.029232
5.022603 -0.995101 0.019618
4.983977 -1.017069 0.025240
4.937022 -1.050409 0.028778
4.919248 -1.097545 0.017027
4.859888 -1.114549 0.028480
4.841130 -1.164112 0.014582
4.790827 -1.194163 0.016310
4.744244 -1.200854 0.025579
4.706551 -1.254215 0.012492
4.656839 -1.252383 0.024538
4.604671 -1.277910 0.024514
4.562972 -1.290784 0.026985
4.152627 1.349095 0.019255
4.225014 1.358085 0.010449
4.278660 1.329752 0.019858
4.342795 1.291516 0.031640
4.406087 1.315210 0.012061
5.250334 0.534799 0.030812
5.289559 0.476788 0.023710
5.312216 0.426167 0.021656
5.347393 0.378817 0.011891
5.355665 0.322945 0.015315
5.364721 0.253505 0.018553
5.399151 0.202457 0.005838
5.376544 -0.133680 0.022999
5.384199 -0.190744 0.015966
5.358829 -0.242929 0.024707
5.366812 -0.301541 0.015088
5.355357 -0.342047 0.016120
5.338764 -0.395583 0.017188
5.334213 -0.453437 0.010637
4.499908 -1.285567 0.023014
4.463396 1.260270 0.012167
4.514813 1.239221 0.013157
4.580117 1.216005 0.011072
4.625295 1.181715 0.016952
4.697841 1.171723 0.003804
4.735300 1.125145 0.014514
4.792838 1.087463 0.014330
4.831362 1.046944 0.019493
4.885216 1.005163 0.018881
4.957835 0.983920 0.002043
4.966046 0.912572 0.025525
5.032653 0.882233 0.010974
5.049923 0.824821 0.023460
5.076727 0.777292 0.027707
5.147523 0.744743 0.007491
5.166758 0.691566 0.014057
5.208048 0.636348 0.009902
5.217701 0.579608 0.019102
5.330500 0.191976 0.024235
5.315794 0.136254 0.035724
5.350614 0.085594 0.020117
5.331427 0.030965 0.031606
5.336024 -0.022349 0.029546
5.379890 -0.078479 0.005870
5.238005 -0.475519 0.035946
5.244672 -0.522087 0.023778
5.210359 -0.565502 0.030924
5.179109 -0.609486 0.035372
5.179383 -0.656078 0.023849
5.126862 -0.686648 0.039278
5.115871 -0.743914 0.028105
5.089321 -0.774609 0.030333
5.061203 -0.821244 0.027543
5.051201 -0.866584 0.016924
4.999506 -0.893238 0.028010
4.982161 -0.933645 0.020385
4.932016 -0.959900 0.029008
4.907864 -0.994332 0.024502
4.865165 -1.028393 0.025580
4.822812 -1.039717 0.034593
4.792210 -1.091115 0.022879
4.759437 -1.116443 0.021726
4.711160 -1.142915 0.023557
4.671467 -1.155962 0.028045
4.621477 -1.178064 0.030205
4.589124 -1.206368 0.024589
4.535079 -1.219136 0.029879
4.495379 -1.229820 0.032408
4.148453 1.288702 0.015217
4.203522 1.294401 0.008941
4.268052 1.265079 0.018638
4.320042 1.250774 0.020328
4.384298 1.231681 0.021512
5.181414 0.503663 0.036724
5.223741 0.451121 0.026604
5.255018 0.406586 0.019002
5.274373 0.357183 0.017127
5.276735 0.303118 0.023527
5.300146 0.240834 0.018601
5.279984 -0.123963 0.039838
5.303235 -0.179180 0.024255
5.288795 -0.229935 0.027790
5.281967 -0.282040 0.026060
5.276165 -0.321217 0.024357
5.265434 -0.372986 0.022691
5.271453 -0.431220 0.010346
4.425043 1.182339 0.023328
4.492375 1.177910 0.013194
4.538496 1.151602 0.016761
4.599428 1.127552 0.014483
4.645394 1.102316 0.014927
4.696608 1.060381 0.020418
4.762170 1.041919 0.009141
4.792871 0.994539 0.020123
4.843971 0.954764 0.019598
4.897129 0.936710 0.007821
4.906012 0.851777 0.037773
4.994239 0.865457 -0.002396
5.007835 0.789669 0.018980
5.029220 0.740849 0.026232
5.089398 0.704775 0.010843
5.102782 0.651401 0.020512
5.163973 0.552591 0.017433
5.235711 0.127431 0.046139
5.269810 0.080108 0.029942
5.271189 0.029381 0.030647
5.275648 -0.021408 0.028530
5.278053 -0.072522 0.026400
5.167404 -0.447073 0.043540
5.174690 -0.491304 0.030884
5.141838 -0.531863 0.038279
5.121092 -0.577970 0.037297
5.108885 -0.614773 0.033647
5.092941 -0.665028 0.027313
5.074232 -0.714747 0.021264
5.032278 -0.731725 0.034677
5.005927 -0.775945 0.031728
4.981844 -0.805852 0.031696
4.958865 -0.854750 0.023737
4.935435 -0.886417 0.021305
4.896920 -0.902202 0.030027
4.864804 -0.943903 0.025442
4.831232 -0.964132 0.029082
4.780688 -0.982289 0.038562
4.768906 -1.033017 0.020578
4.713409 -1.042775 0.033252
4.681947 -1.065438 0.032143
4.642316 -1.073294 0.039428
4.602504 -1.108233 0.033337
4.558532 -1.136480 0.030295
4.519470 -1.143425 0.035507
4.483869 -1.158566 0.035339
4.131199 1.224666 0.016279
4.197422 1.239766 0.004070
4.244961 1.202990 0.020009
4.306905 1.187261 0.021643
4.647719 0.339355 0.312895
5.158560 0.425696 0.032174
5.183842 0.382206 0.027156
5.207018 0.337227 0.022388
5.213720 0.287288 0.026150
5.236161 0.228281 0.021100
5.243721 0.178690 0.021763
5.228283 -0.168469 0.032793
5.214376 -0.216093 0.036462
5.218124 -0.267403 0.028896
5.202791 -0.301911 0.032882
5.217261 -0.358216 0.016834
5.175551 -0.397076 0.032552
4.353717 1.165369 0.010511
4.410517 1.135377 0.017422
4.461754 1.130991 0.010041
4.510006 1.082571 0.025146
4.556203 1.065346 0.022985
4.610545 1.036307 0.023352
4.663559 1.005104 0.023359
4.712962 0.990910 0.014738
4.739812 0.922035 0.037708
4.790500 0.908655 0.025692
4.837290 0.869338 0.025072
4.870054 0.832871 0.027210
4.924435 0.800402 0.017504
4.935098 0.744424 0.033975
4.982182 0.704752 0.026926
5.031891 0.665215 0.016836
5.052401 0.619794 0.021082
5.075006 0.576239 0.022585
5.097185 0.518967 0.026697
5.134820 0.482683 0.015993
5.210157 0.076042 0.031225
5.206385 0.027695 0.034848
5.236115 -0.020829 0.018058
5.218181 -0.069068 0.027555
5.213392 -0.117378 0.028350
5.110126 -0.462898 0.038011
5.083210 -0.503100 0.042736
5.060318 -0.531390 0.047397
5.047974 -0.579100 0.040791
5.007904 -0.610136 0.051526
5.019043 -0.660956 0.030615
4.979904 -0.692349 0.038824
4.958852 -0.721747 0.038456
4.932391 -0.762654 0.035659
4.889989 -0.772609 0.050197
4.892678 -0.843207 0.021863
4.845371 -0.846558 0.039500
4.818846 -0.889972 0.031781
4.780772 -0.900898 0.041218
4.751663 -0.922346 0.042210
4.728801 -0.974528 0.026510
4.688918 -0.980740 0.036533
4.651510 -1.013346 0.032577
4.613595 -1.020381 0.040107
4.582493 -1.039565 0.039173
4.545552 -1.076219 0.030251
4.500782 -1.064227 0.046892
4.114964 1.150888 0.025589
4.176647 1.161777 0.015875
5.137398 0.366308 0.023270
5.150084 0.320359 0.024340
5.141535 0.269155 0.037168
5.192692 0.219745 0.014091
5.189983 0.170463 0.020719
5.175060 0.120707 0.033362
5.130935 -0.200525 0.053953
5.149930 -0.251732 0.037205
5.130280 -0.282809 0.044306
5.150042 -0.337480 0.024691
5.119002 -0.377034 0.035075
5.105372 -0.422235 0.033580
4.466907 -1.077358 0.031694
4.418687 -1.084553 0.037725
4.383292 -1.090978 0.040793
4.339853 -1.113542 0.035614
4.303745 -1.116645 0.039119
3.895794 1.076650 0.049689
4.217521 1.099640 0.032421
4.280622 1.119950 0.013528
4.323200 1.091530 0.023997
4.379108 1.072890 0.025344
4.438813 1.065937 0.017568
4.474946 1.028162 0.030445
4.535677 1.021233 0.019168
4.931747 0.666011 0.032745
4.968538 0.635722 0.025425
5.002661 0.588578 0.023735
5.019617 0.544620 0.028383
5.040219 0.490295 0.032717
5.071883 0.454241 0.024699
5.097096 0.401749 0.022819
5.142286 0.026035 0.041474
5.166580 -0.019706 0.027115
5.148888 -0.065035 0.036974
5.159261 -0.111977 0.028732
5.157399 -0.158420 0.026729
5.029768 -0.515339 0.036477
5.005026 -0.554034 0.038618
4.984914 -0.581944 0.040620
4.961401 -0.621221 0.039974
4.934805 -0.644201 0.045354
4.915989 -0.687403 0.039097
4.883358 -0.704661 0.047932
4.860947 -0.745760 0.042171
4.837392 -0.770714 0.042438
4.801254 -0.798968 0.045908
4.795215 -0.844353 0.028738
4.755422 -0.850888 0.041470
4.718768 -0.878532 0.042598
4.695881 -0.905939 0.037910
4.663596 -0.919873 0.042303
4.636407 -0.964327 0.029248
4.592864 -0.958030 0.045795
4.556972 -0.963165 0.053609
4.523381 -0.998679 0.044194
3.952614 1.080528 0.035384
4.055014 1.084242 0.034905
4.112248 1.092472 0.028404
4.567178 0.979272 0.017171
4.612343 0.941835 0.023320
4.665835 0.919126 0.017284
4.694917 0.880326 0.026354
4.749441 0.857534 0.016731
4.783731 0.809225 0.025322
4.817479 0.778648 0.024606
4.868893 0.748821 0.014410
4.892931 0.708534 0.019555
5.105465 0.202648 0.036363
5.102154 0.157053 0.043281
5.131556 0.115892 0.028651
5.149334 0.071864 0.020227
5.077929 -0.269064 0.046344
5.097859 -0.321420 0.026034
5.053660 -0.353806 0.045959
5.049720 -0.387818 0.041218
5.049153 -0.436212 0.030551
5.010108 -0.467274 0.044686
4.489647 -1.007985 0.032284
4.449424 -1.031205 0.029020
4.412482 -1.029570 0.037959
4.372094 -1.053621 0.032252
4.331698 -1.034326 0.050389
4.156891 1.077736 0.019261
4.199067 1.048643 0.033702
4.259139 1.069720 0.014182
4.310805 1.039855 0.024924
4.997260 0.468692 0.031670
5.014267 0.428203 0.032862
5.020390 0.383431 0.040318
5.075272 0.345046 0.016131
5.087186 0.301731 0.017244
5.083001 0.254450 0.027690
5.085406 -0.061339 0.045900
5.071211 -0.103071 0.052980
5.089262 -0.148661 0.038424
5.090973 -0.193251 0.033065
5.075921 -0.234787 0.037334
4.912554 -0.587577 0.045842
4.895036 -0.614994 0.045203
4.869729 -0.650261 0.044834
4.849612 -0.675895 0.044697
4.828456 -0.700694 0.044761
4.784804 -0.718415 0.057438
4.768863 -0.748190 0.051543
4.749664 -0.791920 0.040018
4.708630 -0.793418 0.056203
4.703831 -0.840373 0.035637
4.661834 -0.857375 0.043161
4.633862 -0.874556 0.044552
4.610360 -0.899070 0.039994
4.571242 -0.896776 0.053992
4.296417 -1.030912 0.042796
3.892355 1.025529 0.034368
3.945955 1.036447 0.031341
4.000532 1.040165 0.031094
4.349941 1.013689 0.018544
4.400192 0.989578 0.022949
4.448930 0.963560 0.027016
4.494106 0.957907 0.018490
4.531835 0.910380 0.034773
4.583292 0.892013 0.028616
4.619729 0.868469 0.028836
4.658485 0.829489 0.035033
4.707267 0.804733 0.028249
4.730941 0.765878 0.037297
4.770580 0.730123 0.036538
4.837286 0.719492 0.010181
4.841508 0.664515 0.031465
4.884270 0.629647 0.023837
4.907334 0.592706 0.025720
4.947484 0.553999 0.017677
4.954605 0.507535 0.028982
5.078549 0.110045 0.031864
5.066459 0.066269 0.042286
5.067344 0.024074 0.043127
5.096021 -0.018609 0.024857
5.007783 -0.337557 0.046746
5.008718 -0.371858 0.038744
4.981695 -0.406447 0.046671
4.983813 -0.454520 0.032809
4.962659 -0.479798 0.037861
4.926791 -0.508195 0.049550
4.937250 -0.552189 0.029518
4.538006 -0.927072 0.032839
4.509583 -0.943441 0.032031
4.468912 -0.931635 0.049954
4.431980 -0.954068 0.046419
4.399011 -0.956835 0.052487
4.044693 1.014679 0.032616
4.098326 1.028240 0.022713
4.141803 1.030863 0.018786
4.181255 0.993155 0.040011
5.008338 0.278360 0.040205
5.008058 0.235624 0.047852
5.051526 0.192055 0.026047
5.052817 0.149483 0.030104
5.033650 -0.182583 0.040755
5.028657 -0.223956 0.038710
5.014946 -0.252569 0.043212
5.034893 -0.302087 0.021904
4.705976 -0.726003 0.060197
4.371199 -0.975279 0.032530
4.334186 -0.961610 0.048286
4.291615 -0.962808 0.055089
3.899237 0.983270 0.031736
4.235122 0.998424 0.015611
4.281295 0.960797 0.033409
4.335661 0.963400 0.022034
4.366019 0.920435 0.042983
4.886653 0.515748 0.035070
4.896683 0.474432 0.043441
4.931197 0.435453 0.035131
4.955744 0.401787 0.029821
4.956471 0.357734 0.040993
4.990993 0.316173 0.028795
5.033298 -0.017583 0.036428
5.021074 -0.057642 0.043877
5.040957 -0.100177 0.028390
5.029781 -0.140231 0.032862
4.922665 -0.413243 0.051225
4.915380 -0.454707 0.043457
4.885763 -0.472640 0.055401
4.903978 -0.531377 0.025059
4.868373 -0.544927 0.040484
4.846277 -0.579259 0.039824
4.832519 -0.607427 0.036109
4.792493 -0.627051 0.049007
4.804958 -0.679728 0.019830
4.755905 -0.675768 0.045922
4.743773 -0.722152 0.030128
4.684387 -0.747980 0.044419
4.663827 -0.788315 0.032571
4.627012 -0.790086 0.046640
4.598524 -0.802215 0.051243
4.584935 -0.837905 0.036715
4.541462 -0.844738 0.048207
4.513784 -0.857517 0.050054
4.483473 -0.864570 0.055434
3.940880 0.985707 0.018366
3.985382 0.955707 0.040914
4.035128 0.972056 0.030904
4.412133 0.899081 0.030673
4.463796 0.890694 0.021657
4.491513 0.854130 0.035647
4.544636 0.846269 0.022619
4.574993 0.798596 0.039320
4.610455 0.779790 0.036059
4.659379 0.761248 0.025753
4.682930 0.710787 0.041776
4.736352 0.694938 0.024468
4.755122 0.656604 0.033575
4.771199 0.604317 0.049161
4.823439 0.595759 0.024705
4.831410 0.539235 0.043320
4.986778 0.139398 0.046031
5.019337 0.103495 0.026964
5.002564 0.061907 0.041205
5.017678 0.022735 0.032138
4.977810 -0.242854 0.039894
4.974776 -0.283497 0.034516
4.942255 -0.314335 0.049457
4.952640 -0.350039 0.034410
4.926741 -0.382368 0.042727
4.456188 -0.903538 0.025375
4.417854 -0.890344 0.044060
4.386928 -0.893059 0.050261
4.364886 -0.921914 0.037225
4.323744 -0.925195 0.043849
4.085902 0.969459 0.017021
4.125761 0.953639 0.026113
4.173635 0.930379 0.038384
4.211961 0.920749 0.040727
4.917545 0.342085 0.041087
4.942025 0.299399 0.035292
4.933730 0.256252 0.050166
4.955963 0.222537 0.041256
4.983966 0.178800 0.028660
4.979142 -0.093942 0.042122
4.973113 -0.132110 0.043319
4.970494 -0.170881 0.040944
4.956573 -0.207404 0.045595
4.803438 -0.547690 0.047309
4.779421 -0.565544 0.053483
4.776603 -0.600776 0.039831
4.758353 -0.637106 0.033219
4.714431 -0.635394 0.056780
4.717489 -0.680038 0.033590
4.682927 -0.685836 0.047529
4.656501 -0.714620 0.045027
4.639235 -0.739996 0.039252
4.606763 -0.745278 0.050380
4.587572 -0.786315 0.035251
4.554373 -0.788930 0.046691
4.289540 -0.912756 0.043945
3.890200 0.917181 0.030890
3.939389 0.918966 0.034360
4.256806 0.896888 0.036201
4.308786 0.905071 0.021056
4.340104 0.872994 0.036178
4.381430 0.846039 0.044078
4.430140 0.839176 0.034884
4.790545 0.569967 0.024747
4.801384 0.518150 0.040536
4.828216 0.490362 0.035447
4.862730 0.455139 0.027074
4.874693 0.417782 0.032232
4.893776 0.373796 0.033514
4.951530 0.021059 0.050247
4.964807 -0.016494 0.040905
4.962280 -0.054264 0.041889
4.878687 -0.361195 0.051145
4.881897 -0.393924 0.039495
4.854255 -0.422294 0.048458
4.842432 -0.448024 0.047279
4.832827 -0.486572 0.039374
4.810829 -0.506203 0.045251
4.522616 -0.792530 0.042118
4.496621 -0.804853 0.043961
4.472181 -0.820144 0.042794
4.447063 -0.834365 0.041885
4.414207 -0.830324 0.054349
3.980942 0.892350 0.041523
4.027458 0.904070 0.034498
4.074961 0.908923 0.030666
4.455073 0.802549 0.036522
4.515768 0.795727 0.019482
4.538419 0.759160 0.033591
4.574571 0.728718 0.037063
4.612024 0.700698 0.036750
4.638021 0.673493 0.039803
4.682549 0.652968 0.028696
4.713153 0.616801 0.031245
4.742717 0.592646 0.026841
4.919649 0.166195 0.047470
4.929344 0.130605 0.044968
4.956261 0.096532 0.028553
4.930196 0.056995 0.050480
4.920670 -0.227874 0.038911
4.913572 -0.264655 0.036788
4.899989 -0.299466 0.038535
4.905964 -0.331919 0.026306
4.380338 -0.848026 0.037956
4.349514 -0.845231 0.047789
4.323106 -0.854583 0.047671
4.111272 0.873063 0.041084
4.157527 0.874360 0.036614
4.192267 0.856345 0.046016
4.859773 0.318854 0.044096
4.882781 0.279110 0.038184
4.883051 0.241241 0.046679
4.899862 0.208444 0.040942
4.911747 -0.087183 0.049237
4.919861 -0.124554 0.039946
4.922057 -0.161950 0.033958
4.913163 -0.197536 0.035322
4.771450 -0.479657 0.051951
4.768596 -0.510870 0.040659
4.747657 -0.540839 0.040142
4.734583 -0.565702 0.036361
4.706583 -0.577538 0.046757
4.685078 -0.594519 0.050330
4.669546 -0.630451 0.040164
4.640052 -0.638656 0.051109
4.634468 -0.674070 0.034430
4.606953 -0.683944 0.042188
4.584679 -0.699949 0.043306
4.559486 -0.727930 0.037848
4.528256 -0.730177 0.049665
4.513732 -0.759152 0.037467
4.286564 -0.863178 0.035231
3.891710 0.858521 0.029656
3.935771 0.874133 0.022925
3.976705 0.841409 0.050595
4.234872 0.838327 0.038984
4.282379 0.842961 0.026694
4.311499 0.812471 0.042512
4.351446 0.791632 0.047315
4.397115 0.786201 0.037791
4.754699 0.485339 0.040704
4.779967 0.459387 0.035506
4.800691 0.419706 0.037503
4.844181 0.402100 0.014308
4.832948 0.346310 0.040790
4.931023 0.020432 0.022878
4.902213 -0.015496 0.045435
4.909053 -0.051209 0.039286
4.844627 -0.307816 0.047502
4.833652 -0.341484 0.045702
4.837131 -0.372638 0.033546
4.810676 -0.399287 0.042852
4.795416 -0.421235 0.045268
4.795398 -0.452522 0.033340
4.480936 -0.757210 0.037170
4.451844 -0.759737 0.046268
4.430600 -0.777545 0.041739
4.401386 -0.777783 0.051144
4.012089 0.841497 0.038136
4.056318 0.842678 0.037664
4.434092 0.759898 0.029698
4.470765 0.734353 0.033637
4.498380 0.711763 0.037636
4.537371 0.691166 0.034088
4.561812 0.650460 0.048264
4.604198 0.633929 0.037008
4.636986 0.604868 0.036381
4.655922 0.574342 0.042716
4.703132 0.558143 0.023658
4.714506 0.510227 0.040561
4.850150 0.152568 0.060328
4.881853 0.123329 0.039640
4.907909 0.091180 0.022589
4.877736 0.053412 0.049092
4.860664 -0.176620 0.050316
4.868757 -0.214270 0.037422
4.870897 -0.251600 0.028005
4.856506 -0.274772 0.033352
4.374565 -0.807708 0.024267
4.340582 -0.792186 0.044977
4.314571 -0.797107 0.048155
4.289594 -0.805087 0.048217
4.090875 0.817464 0.042453
4.143939 0.832585 0.026923
4.177140 0.815513 0.036720
4.829096 0.260726 0.040500
4.828850 0.225183 0.049394
4.857939 0.197912 0.032524
4.868337 -0.082891 0.041611
4.880808 -0.119064 0.028304
4.865120 -0.151384 0.036778
4.755434 -0.427929 0.042008
4.739221 -0.447861 0.044691
4.728512 -0.482127 0.036604
4.696036 -0.489510 0.054214
4.705571 -0.530196 0.028365
4.668627 -0.532362 0.050076
4.649437 -0.560766 0.046567
4.641303 -0.588971 0.035801
4.625491 -0.610101 0.032706
4.605860 -0.627229 0.033370
4.578892 -0.649093 0.034248
4.560439 -0.667929 0.031764
4.533488 -0.674851 0.040240
4.508613 -0.668316 0.055905
4.486506 -0.696801 0.046855
4.459222 -0.700358 0.055776
3.895258 0.796467 0.034974
3.929022 0.801725 0.035265
4.216112 0.789515 0.037515
4.256619 0.777305 0.039464
4.297637 0.767627 0.037538
4.339847 0.760494 0.031556
4.725116 0.424117 0.045755
4.755695 0.394044 0.036853
4.777506 0.367623 0.031320
4.785731 0.324992 0.040398
4.813635 0.300341 0.027120
4.850912 0.018401 0.044648
4.867887 -0.015014 0.030909
4.869971 -0.049007 0.028305
4.790982 -0.286864 0.052036
4.796501 -0.316099 0.038993
4.788680 -0.349529 0.033865
4.775301 -0.371109 0.036066
4.768568 -0.406132 0.027564
4.434942 -0.708754 0.045895
4.421173 -0.738239 0.030113
4.396872 -0.746888 0.032516
4.370441 -0.749888 0.039120
3.967103 0.772698 0.048639
4.006045 0.798299 0.030090
4.048268 0.791014 0.036943
4.359725 0.719239 0.042975
4.402030 0.713252 0.032711
4.430159 0.677749 0.048008
4.469316 0.664271 0.040970
4.513305 0.656289 0.026110
4.529742 0.622211 0.040942
4.570332 0.607190 0.029306
4.595722 0.573345 0.036177
4.609652 0.529389 0.054057
4.657426 0.518212 0.030573
4.669127 0.485017 0.040722
4.698521 0.455941 0.035578
4.839466 0.116831 0.032784
4.828991 0.082511 0.045376
4.843923 0.051069 0.035271
4.826236 -0.203164 0.031151
4.798597 -0.229206 0.047731
4.818844 -0.261966 0.023262
4.340130 -0.741506 0.041007
4.310572 -0.757709 0.037055
4.289870 -0.746379 0.051307
4.081019 0.771182 0.039003
4.121506 0.769590 0.037989
4.788387 0.213200 0.043553
4.794910 0.182079 0.045200
4.797782 0.142284 0.050283
4.833108 -0.112291 0.026111
4.809133 -0.140975 0.042652
4.820250 -0.167955 0.028866
4.698607 -0.421202 0.043555
4.686248 -0.441823 0.042653
4.662490 -0.453860 0.053274
4.657243 -0.490501 0.037909
4.632053 -0.500478 0.049087
4.619612 -0.521479 0.045293
4.603271 -0.539014 0.045302
4.582980 -0.552374 0.049554
4.571036 -0.574915 0.042650
4.546906 -0.583445 0.050854
4.529591 -0.613216 0.040778
4.510949 -0.614883 0.049335
4.488358 -0.624048 0.054407
4.465787 -0.647677 0.048637
3.891103 0.738396 0.039772
3.930253 0.745436 0.039906
4.158819 0.741891 0.043890
4.200070 0.749812 0.031015
4.226184 0.719101 0.052040
4.728178 0.342142 0.036901
4.743428 0.305896 0.038585
4.761895 0.279530 0.032671
4.761657 0.237628 0.045658
4.811553 -0.014108 0.037169
4.817879 -0.045995 0.030719
4.818457 -0.077983 0.028159
4.748077 -0.295417 0.042276
4.725122 -0.319027 0.052358
4.720548 -0.342734 0.046953
4.714834 -0.366298 0.041861
4.693134 -0.389682 0.048237
4.441060 -0.652973 0.042380
4.421546 -0.666697 0.040671
4.399488 -0.675620 0.042998
4.375448 -0.679856 0.049051
4.358341 -0.679578 0.055537
3.963133 0.738778 0.035669
4.002869 0.733913 0.042984
4.264491 0.712989 0.034740
4.303695 0.707548 0.028463
4.333495 0.675854 0.045138
4.375105 0.675025 0.030681
4.405650 0.648991 0.038911
4.429992 0.614233 0.054832
4.475804 0.615393 0.031686
4.499658 0.582110 0.043200
4.535163 0.565054 0.035096
4.561529 0.536525 0.038320
4.574832 0.506239 0.049261
4.607751 0.484971 0.040538
4.629934 0.453599 0.043254
4.664603 0.431606 0.030194
4.687877 0.400306 0.028513
4.701757 0.372256 0.030910
4.778340 0.076924 0.048989
4.801303 0.048150 0.030811
4.792718 0.016859 0.039930
4.765709 -0.219180 0.036459
4.764856 -0.243424 0.030666
4.744251 -0.268755 0.040442
4.333272 -0.679702 0.050743
4.307786 -0.699678 0.042720
4.041215 0.737577 0.027167
4.072205 0.734026 0.030059
4.754415 0.171906 0.041460
4.765400 0.135921 0.038841
4.773434 0.106730 0.036219
4.767046 -0.133196 0.039584
4.765260 -0.155913 0.037223
4.764861 -0.187068 0.031134
4.634637 -0.433094 0.043219
4.621416 -0.451387 0.042786
4.597636 -0.460568 0.054359
4.599045 -0.492143 0.034759
4.571338 -0.496858 0.050402
4.558912 -0.527209 0.039175
4.536134 -0.524388 0.055248
4.519256 -0.538758 0.055884
4.509036 -0.574007 0.037513
4.486248 -0.568626 0.054069
4.472496 -0.587904 0.047607
4.287270 -0.686844 0.045940
3.890976 0.704086 0.027821
3.918894 0.683523 0.051315
4.109238 0.709068 0.036973
4.146481 0.706298 0.035770
4.185678 0.714621 0.022408
4.723203 0.263983 0.028962
4.716138 0.229735 0.046452
4.745933 0.200633 0.028286
4.758222 -0.042501 0.043735
4.767350 -0.072860 0.033131
4.770659 -0.103403 0.026785
4.682190 -0.322959 0.045219
4.680669 -0.347353 0.035966
4.660105 -0.360891 0.046454
4.656403 -0.393613 0.033533
4.641385 -0.410380 0.036560
4.444820 -0.586680 0.049510
4.432063 -0.608167 0.039436
4.411585 -0.632842 0.029793
4.385704 -0.615484 0.055304
3.955256 0.687157 0.039899
4.208356 0.674410 0.040892
4.247179 0.679606 0.026935
4.278166 0.654918 0.040325
4.642014 0.379491 0.033164
4.669666 0.353538 0.023609
4.681482 0.318066 0.029914
4.677176 0.283761 0.047963
4.746605 0.044444 0.040433
4.738078 0.015458 0.049973
4.749603 -0.013131 0.039197
4.700077 -0.221060 0.053092
4.700355 -0.251620 0.043081
4.702048 -0.275877 0.033059
4.679555 -0.289435 0.047555
4.371359 -0.636550 0.030704
4.343519 -0.628152 0.049198
4.326125 -0.623643 0.059788
3.993024 0.676421 0.040261
4.022102 0.670292 0.047854
4.310510 0.638455 0.030510
4.344759 0.626910 0.027548
4.376882 0.610345 0.028043
4.408044 0.592133 0.028573
4.433828 0.565596 0.036901
4.465350 0.548500 0.032722
4.490999 0.523307 0.036465
4.512498 0.494020 0.044065
4.553005 0.484916 0.022898
4.572103 0.453305 0.030158
4.582974 0.415962 0.045329
4.625392 0.403501 0.019520
4.728218 0.099812 0.038509
4.717908 0.070257 0.052318
4.723839 -0.146892 0.036174
4.711352 -0.172952 0.042270
4.706157 -0.200837 0.039908
4.545362 -0.461957 0.050140
4.303501 -0.644779 0.036223
4.282336 -0.627101 0.059152
3.884384 0.642449 0.041443
4.064161 0.677623 0.027586
4.092099 0.660985 0.042722
4.702378 0.187729 0.030738
4.687720 0.155152 0.053423
4.713974 0.125826 0.034249
4.720532 -0.096230 0.034226
4.710619 -0.122740 0.039866
4.634059 -0.345449 0.034695
4.613745 -0.357206 0.045865
4.606723 -0.377488 0.040779
4.604513 -0.410759 0.023694
4.580235 -0.409533 0.043599
4.572466 -0.439439 0.031179
4.561752 -0.458342 0.027039
4.532279 -0.489057 0.027367
4.513488 -0.489450 0.039983
4.500426 -0.517269 0.028482
4.478791 -0.512871 0.045599
4.464515 -0.528377 0.042657
4.442553 -0.533293 0.051903
4.429553 -0.550940 0.045265
4.413649 -0.564728 0.042715
4.397029 -0.577684 0.040593
3.916975 0.626169 0.050813
4.126766 0.660619 0.026381
4.160979 0.653435 0.028746
4.184206 0.625941 0.051510
4.648155 0.270317 0.038958
4.659602 0.238389 0.041095
4.675296 0.215289 0.034411
4.712297 -0.012563 0.035029
4.705799 -0.039495 0.040749
4.706370 -0.066752 0.038122
4.659103 -0.257518 0.037814
4.656119 -0.278717 0.032030
4.641387 -0.294316 0.038778
4.626369 -0.317070 0.041703
4.374804 -0.566238 0.047962
4.358977 -0.595499 0.029963
4.338703 -0.584669 0.048723
3.955606 0.639057 0.031431
3.979332 0.617985 0.055780
4.228834 0.639532 0.013694
4.254548 0.604769 0.040151
4.286811 0.595882 0.037463
4.317248 0.581916 0.038539
4.560263 0.406565 0.028079
4.572095 0.373253 0.039375
4.592267 0.346788 0.037686
4.621361 0.325311 0.023598
4.628377 0.290640 0.034450
4.694685 0.040895 0.037869
4.690428 0.014188 0.043681
4.654158 -0.205388 0.047753
4.660824 -0.229092 0.033109
4.321210 -0.595828 0.032558
4.301490 -0.601243 0.035543
4.283842 -0.592157 0.050824
4.012698 0.610856 0.052862
4.050663 0.633189 0.030990
4.343901 0.560732 0.032603
4.374493 0.547860 0.028968
4.396160 0.520003 0.041914
4.427506 0.508092 0.033399
4.451199 0.484995 0.037400
4.478974 0.467101 0.032616
4.503286 0.444893 0.031875
4.517675 0.413353 0.043757
4.674151 0.118012 0.034886
4.673199 0.091394 0.040777
4.679036 0.065935 0.038204
4.668404 -0.134789 0.039211
4.656632 -0.158576 0.045633
4.680654 -0.186118 0.013445
4.541447 -0.370843 0.058769
4.538168 -0.401416 0.041680
4.518022 -0.400870 0.058285
4.514215 -0.423547 0.045572
4.503560 -0.440421 0.041636
4.478581 -0.442205 0.058850
4.480121 -0.473052 0.034250
4.454669 -0.473125 0.051839
4.444264 -0.480677 0.052790
4.426220 -0.488597 0.058063
3.883102 0.596933 0.030761
4.076840 0.611009 0.040073
4.109218 0.614075 0.034564
4.641684 0.169742 0.041847
4.638763 0.142854 0.052600
4.673450 -0.063501 0.031691
4.664846 -0.088288 0.037856
4.663183 -0.113980 0.035290
4.585865 -0.287239 0.053299
4.591632 -0.312557 0.034705
4.562621 -0.316854 0.059206
4.559728 -0.345133 0.045388
4.559028 -0.368401 0.031740
4.410763 -0.500148 0.044678
4.400726 -0.519965 0.033504
4.382934 -0.515638 0.047779
4.365830 -0.524041 0.049824
3.918272 0.590703 0.032592
3.947969 0.604944 0.023764
4.139669 0.597399 0.034803
4.169866 0.586099 0.041389
4.605890 0.250713 0.033637
4.616405 0.221034 0.035932
4.631015 0.199615 0.029136
4.656746 -0.011677 0.039268
4.650471 -0.036288 0.045317
4.614332 -0.238458 0.034405
4.601020 -0.253050 0.041434
4.594349 -0.270652 0.039790
4.348862 -0.532952 0.037149
4.331101 -0.539767 0.039791
4.314784 -0.549553 0.038214
3.977415 0.583141 0.038211
4.198334 0.570723 0.037360
4.228679 0.564677 0.034718
4.264667 0.555058 0.031836
4.535020 0.346054 0.034335
4.547204 0.317166 0.041503
4.567586 0.293831 0.035684
4.570540 0.267536 0.047137
4.643795 0.037425 0.038465
4.651189 0.013119 0.031477
4.610849 -0.165148 0.051608
4.605226 -0.188621 0.049791
4.619038 -0.213371 0.025865
4.298038 -0.542816 0.038963
4.277290 -0.540468 0.050494
4.008266 0.583861 0.027092
4.034023 0.567182 0.047497
4.280366 0.527752 0.040068
4.312818 0.512085 0.040711
4.324829 0.483423 0.063302
4.360474 0.475188 0.050469
4.402885 0.473982 0.024111
4.413186 0.447055 0.041518
4.443357 0.427078 0.036575
4.465600 0.406770 0.035851
4.484005 0.382756 0.039477
4.510008 0.365420 0.029645
4.628295 0.109011 0.031415
4.615817 0.082626 0.050901
4.640151 0.061616 0.026222
4.610630 -0.122122 0.050279
4.618097 -0.148548 0.034969
4.532193 -0.318986 0.046229
4.516576 -0.329619 0.054158
4.512593 -0.348908 0.044866
4.502633 -0.356148 0.048857
4.485847 -0.365058 0.057354
4.482831 -0.386257 0.044152
4.459733 -0.388523 0.061805
4.456804 -0.402243 0.053328
4.449015 -0.419982 0.045114
4.428030 -0.422900 0.058857
4.421364 -0.442693 0.046795
4.402424 -0.437461 0.065046
4.396935 -0.459703 0.048938
4.378207 -0.453290 0.067405
4.365267 -0.465203 0.064722
3.882712 0.535999 0.039663
3.910159 0.547899 0.035267
4.063651 0.569325 0.031611
4.099582 0.568858 0.030122
4.593975 0.155608 0.043579
4.605525 0.134504 0.036992
4.626303 -0.058808 0.029635
4.614290 -0.081080 0.040665
4.627679 -0.107497 0.020209
4.554326 -0.250417 0.049903
4.544068 -0.264552 0.053053
4.533615 -0.278407 0.055929
4.522475 -0.291675 0.059218
4.356436 -0.496668 0.026314
4.339517 -0.478900 0.054027
4.323545 -0.485755 0.056433
3.941377 0.544742 0.033155
4.121692 0.549922 0.035652
4.157053 0.550103 0.029061
4.564316 0.231423 0.030979
4.561372 0.205001 0.046983
4.591022 0.185462 0.021988
4.610153 -0.010952 0.038008
4.611549 -0.034089 0.035402
4.563268 -0.192050 0.053983
4.555320 -0.206989 0.056396
4.556720 -0.226165 0.045879
4.310755 -0.499445 0.035818
4.293711 -0.476830 0.068692
3.971182 0.543522 0.026770
4.176668 0.529478 0.034496
4.208429 0.515925 0.040618
4.239421 0.519992 0.024283
4.512573 0.301303 0.030416
4.522375 0.273925 0.038156
4.543852 0.253483 0.027364
4.594092 0.034044 0.042141
4.600997 0.011813 0.035003
4.569617 -0.152966 0.047883
4.566231 -0.169415 0.045942
4.438406 -0.352715 0.069173
4.421957 -0.374537 0.065242
4.278520 -0.498322 0.039936
3.880544 0.490480 0.048724
3.999591 0.548015 0.011331
4.024806 0.525510 0.041276
4.259470 0.492095 0.033378
4.294333 0.487796 0.020441
4.314196 0.464484 0.034780
4.336132 0.446974 0.039725
4.365188 0.440789 0.026157
4.379167 0.412505 0.044236
4.414126 0.402873 0.025552
4.422554 0.370881 0.047693
4.447203 0.356754 0.037799
4.471512 0.341176 0.027654
4.480921 0.313102 0.040129
4.571185 0.075795 0.050934
4.579655 0.054971 0.043823
4.561921 -0.111467 0.056028
4.562160 -0.133772 0.049351
4.478589 -0.295655 0.060767
4.478309 -0.315691 0.046566
4.469156 -0.322345 0.050689
4.459182 -0.335249 0.050423
4.448750 -0.347795 0.050246
4.430123 -0.367601 0.050610
4.407768 -0.383320 0.056077
4.397663 -0.396483 0.052337
4.382253 -0.394500 0.066597
4.384415 -0.424140 0.036425
4.362539 -0.412532 0.064278
4.354917 -0.429964 0.052405
3.909412 0.507832 0.025150
4.052239 0.527792 0.025415
4.085569 0.528158 0.023825
4.565124 0.124354 0.032284
4.561391 0.101348 0.043583
4.561516 -0.073514 0.051152
4.561154 -0.089587 0.048477
4.511930 -0.241098 0.046520
4.499138 -0.252168 0.054179
4.491988 -0.266383 0.052967
4.493240 -0.286394 0.038128
4.341496 -0.429423 0.048752
4.330053 -0.431163 0.054846
4.317398 -0.441091 0.052632
3.934818 0.478599 0.055068
4.105896 0.503298 0.039176
4.538211 0.166740 0.035711
4.537668 0.138925 0.047668
4.565762 -0.031445 0.036905
4.552033 -0.051282 0.052928
4.522628 -0.193551 0.045824
4.514364 -0.207014 0.048888
4.505771 -0.220175 0.051870
4.304077 -0.439136 0.049588
4.289370 -0.433255 0.065392
3.959841 0.485014 0.040131
4.130140 0.484457 0.045560
4.156397 0.485096 0.038602
4.186430 0.476563 0.040327
4.501276 0.230920 0.032298
4.502547 0.208360 0.044320
4.511005 0.184137 0.047112
4.559064 0.010704 0.032259
4.550680 -0.009999 0.043736
4.515719 -0.136869 0.065286
4.532539 -0.158363 0.035339
4.509190 -0.166211 0.061493
4.392354 -0.329735 0.078676
4.274569 -0.450497 0.040554
3.881688 0.443493 0.050068
3.987553 0.476443 0.043292
4.013428 0.473589 0.051049
4.218749 0.476329 0.013484
4.239562 0.456550 0.028833
4.264404 0.449031 0.024871
4.409258 0.328309 0.043218
4.429095 0.312241 0.037583
4.451457 0.291040 0.031647
4.461420 0.266876 0.039569
4.472742 0.244196 0.043010
4.528558 0.049352 0.055789
4.528709 0.029626 0.058036
4.517968 -0.101859 0.060160
4.522850 -0.118311 0.048613
4.452393 -0.265237 0.056488
4.449918 -0.281833 0.046546
4.430680 -0.279608 0.069503
4.432700 -0.300106 0.050456
4.420812 -0.309561 0.054884
4.414356 -0.317081 0.054898
4.401818 -0.325593 0.059778
4.395825 -0.355411 0.037298
4.376803 -0.349198 0.061079
4.367658 -0.361257 0.057224
4.357095 -0.356031 0.071879
4.349617 -0.370152 0.063618
3.903870 0.441104 0.049328
4.038589 0.469510 0.044644
4.276583 0.415646 0.044193
4.308936 0.412563 0.025732
4.324608 0.390257 0.040012
4.344719 0.375813 0.039949
4.378818 0.370332 0.015890
4.381905 0.335944 0.048504
4.504899 0.089662 0.065568
4.524389 0.068622 0.043887
4.523969 -0.068201 0.045992
4.520236 -0.082451 0.048121
4.456011 -0.221951 0.069181
4.464211 -0.243698 0.044314
4.448672 -0.251103 0.057411
4.339304 -0.381319 0.046275
4.327000 -0.380687 0.057000
4.319846 -0.396571 0.044661
4.311490 -0.392414 0.055779
3.930053 0.439351 0.048290
4.058559 0.454160 0.052221
4.087269 0.454632 0.050098
4.488280 0.129168 0.060558
4.505636 0.109411 0.044175
4.508018 -0.046867 0.057797
4.465797 -0.179811 0.069087
4.461136 -0.192981 0.067441
4.467679 -0.212244 0.047023
4.297372 -0.387910 0.057673
4.289189 -0.402573 0.046005
3.956990 0.450012 0.028546
4.109869 0.440725 0.052595
4.132260 0.432512 0.059620
4.489562 0.175313 0.021629
4.481121 0.146504 0.048320
4.493406 -0.009009 0.067930
4.510980 -0.028271 0.041216
4.476789 -0.154425 0.053751
4.479287 -0.170527 0.042043
4.357701 -0.301511 0.086707
4.272289 -0.391330 0.057561
3.881003 0.396252 0.053921
3.976562 0.427701 0.051126
4.159564 0.428804 0.042570
4.179167 0.412377 0.058581
4.431064 0.224509 0.051445
4.446079 0.206839 0.045099
4.457636 0.186942 0.043127
4.501993 0.027754 0.039276
4.501264 0.009219 0.041736
4.479810 -0.107456 0.055246
4.471633 -0.119173 0.062623
4.476790 -0.139840 0.046308
4.407786 -0.240352 0.073244
4.400458 -0.251363 0.072791
4.400504 -0.262653 0.062779
4.387500 -0.269234 0.071989
4.391036 -0.290275 0.048022
4.377903 -0.290491 0.062441
4.374122 -0.299350 0.057727
4.365426 -0.303369 0.062941
4.359522 -0.330611 0.040211
4.348161 -0.331524 0.050483
4.336917 -0.332133 0.060693
3.901139 0.384060 0.067692
3.997097 0.415623 0.059334
4.023370 0.419629 0.057721
4.205358 0.405872 0.041111
4.225092 0.394113 0.046762
4.249363 0.382393 0.047505
4.275946 0.374900 0.038363
4.291895 0.357488 0.048227
4.310316 0.344774 0.048255
4.335610 0.333446 0.038222
4.346618 0.311631 0.052275
4.372735 0.299983 0.037059
4.381320 0.277180 0.050856
4.401253 0.258872 0.044822
4.412561 0.239377 0.048242
4.484886 0.062577 0.044481
4.485673 0.044598 0.046919
4.473855 -0.074287 0.059934
4.475068 -0.092557 0.052835
4.425265 -0.199888 0.068133
4.427845 -0.216655 0.052309
4.418585 -0.221313 0.060855
4.414743 -0.234620 0.055086
4.327600 -0.342522 0.043158
4.317944 -0.337033 0.058674
4.310459 -0.349523 0.050473
3.922441 0.389033 0.057653
4.045440 0.418482 0.046735
4.455145 0.096728 0.064704
4.472763 0.082990 0.042529
4.470845 -0.060603 0.053245
4.424823 -0.157173 0.083014
4.438735 -0.182510 0.047095
4.432883 -0.189341 0.050690
4.298704 -0.348295 0.047813
4.289478 -0.342054 0.063797
4.283340 -0.348440 0.060890
3.943619 0.379775 0.066770
4.071657 0.413064 0.040138
4.092931 0.404003 0.052318
4.445985 0.138623 0.044313
4.450944 0.117691 0.047472
4.461579 -0.025348 0.058582
4.458743 -0.041935 0.061115
4.428525 -0.132214 0.077576
4.432547 -0.151567 0.060753
4.271910 -0.346336 0.058745
3.968394 0.383456 0.056595
4.113371 0.396542 0.045560
4.417268 0.167652 0.054178
4.437836 0.153862 0.032417
4.452482 0.007996 0.059322
4.457112 -0.008503 0.051902
4.428038 -0.119273 0.070506
4.361184 -0.247763 0.067712
4.356049 -0.254055 0.067653
4.357407 -0.266380 0.052934
4.343096 -0.264102 0.072704
4.337445 -0.269840 0.073046
4.337873 -0.281979 0.058813
3.879088 0.341254 0.056064
3.896669 0.333889 0.079457
3.989062 0.385023 0.045835
4.131715 0.379412 0.053197
4.156600 0.378851 0.045000
4.180898 0.373959 0.041445
4.388145 0.202941 0.053484
4.393942 0.182999 0.062100
4.458613 0.024777 0.032491
4.428849 -0.094585 0.065550
4.435675 -0.109043 0.048275
4.382677 -0.203911 0.065904
4.376309 -0.209183 0.070179
4.379579 -0.226230 0.049819
4.370339 -0.229431 0.059304
4.365626 -0.241132 0.053914
4.329177 -0.284945 0.050405
4.322999 -0.290269 0.051017
4.316612 -0.295336 0.051896
4.308225 -0.297881 0.057817
4.302976 -0.297718 0.063616
4.008993 0.364524 0.069498
4.194822 0.351924 0.053202
4.217680 0.344882 0.049099
4.238949 0.333920 0.049662
4.258079 0.319314 0.054900
4.284374 0.315872 0.034854
4.295397 0.296723 0.049763
4.313810 0.281528 0.049293
4.322357 0.261723 0.063899
4.340813 0.246988 0.058146
4.365489 0.236599 0.036860
4.363879 0.210512 0.065792
4.433891 0.054784 0.053258
4.431453 0.038638 0.061105
4.431563 -0.066936 0.055569
4.429759 -0.082677 0.053500
4.388115 -0.162282 0.076988
4.394033 -0.178589 0.055380
4.385843 -0.182960 0.064213
4.385633 -0.196573 0.052998
4.293869 -0.299223 0.056326
4.290589 -0.315193 0.038314
4.280297 -0.307347 0.059339
3.919210 0.339988 0.055847
4.028354 0.363990 0.058933
4.051498 0.363670 0.061447
4.412262 0.085955 0.064247
4.431009 0.074338 0.036487
4.423206 -0.038389 0.061329
4.425436 -0.054138 0.054159
4.396466 -0.145294 0.060893
4.396844 -0.153909 0.054270
4.270905 -0.314941 0.042669
3.939946 0.350348 0.035909
3.957184 0.335808 0.069252
4.074211 0.358202 0.055153
4.403816 0.123192 0.043481
4.405404 0.103677 0.052026
4.416532 -0.022747 0.059907
4.388620 -0.129872 0.068794
3.877668 0.296962 0.060050
3.976308 0.335328 0.063687
4.092145 0.346171 0.058853
4.114516 0.347871 0.050588
4.375986 0.152032 0.053866
4.386956 0.136771 0.047082
4.407887 0.006831 0.060853
4.409179 -0.007726 0.058645
4.395276 -0.097445 0.060382
4.398260 -0.109951 0.048486
4.398265 -0.121812 0.041569
3.897448 0.291945 0.070237
3.995698 0.331087 0.063139
4.134200 0.333530 0.053787
4.151444 0.328316 0.055332
4.351556 0.184286 0.048169
4.360887 0.164644 0.052044
4.404861 0.021154 0.049205
4.390594 -0.085027 0.058940
3.915591 0.294807 0.065299
4.016574 0.334200 0.047432
4.163995 0.308633 0.068083
4.194372 0.310750 0.043209
4.205895 0.293238 0.064502
4.233484 0.293212 0.039040
4.253061 0.283896 0.033951
4.283047 0.257908 0.038589
4.293575 0.237725 0.053684
4.312256 0.226453 0.042670
4.322167 0.211541 0.046924
4.329138 0.190350 0.061194
4.382361 0.046922 0.070785
4.398487 0.034960 0.042571
4.392499 -0.060161 0.048885
4.383741 -0.069056 0.062484
3.933608 0.296519 0.060439
4.032951 0.314615 0.072014
4.255962 0.257355 0.056338
4.382155 0.064228 0.048700
4.374029 -0.033411 0.075855
4.384232 -0.044835 0.052959
3.950831 0.307884 0.035118
4.055778 0.320784 0.045472
4.363876 0.090899 0.054396
4.358360 0.075731 0.073913
4.377820 -0.020545 0.053662
3.966864 0.283249 0.075627
4.072331 0.305070 0.060022
4.088185 0.300515 0.067130
4.341275 0.120738 0.060033
4.354015 0.104960 0.047414
4.371979 0.005852 0.049497
4.368077 -0.007085 0.057948
3.985615 0.285581 0.065221
4.113534 0.299548 0.044783
4.124159 0.286660 0.067209
4.317892 0.144199 0.065239
4.327991 0.131988 0.058371
4.353994 0.017738 0.069609
4.004307 0.286568 0.054674
4.143736 0.276825 0.059814
4.160152 0.268274 0.066111
4.178600 0.265581 0.056231
4.200978 0.262418 0.040755
4.273049 0.198934 0.055614
4.283717 0.183892 0.060043
4.293515 0.172264 0.058935
4.306239 0.158819 0.052850
4.350206 0.041978 0.054530
4.352698 0.029923 0.052544
4.021011 0.279029 0.059327
4.208972 0.239102 0.059139
4.230173 0.233333 0.043124
4.244650 0.222256 0.042899
4.246986 0.201874 0.074587
4.337848 0.055057 0.058933
4.041319 0.282564 0.037758
4.051468 0.265942 0.076964
4.327064 0.082638 0.048573
4.329458 0.068150 0.052700
4.073740 0.269683 0.049526
4.313377 0.093089 0.052563
4.083958 0.252741 0.069815
4.106324 0.257840 0.049950
4.291815 0.116837 0.058444
4.301277 0.103201 0.051675
4.127984 0.254497 0.026543
4.131076 0.233368 0.076041
4.264272 0.153742 0.047969
4.270390 0.138401 0.058204
4.275974 0.126338 0.062675
4.150108 0.226171 0.058094
4.168169 0.222596 0.047625
4.175996 0.209183 0.069659
4.196486 0.204001 0.053356
4.207967 0.193400 0.058703
4.221904 0.182117 0.058539
4.236060 0.174701 0.047221
4.239502 0.156585 0.073705
