ply
format ascii 1.0
element vertex 4904
property float x
property float y
property float z
property int return_id
end_header
1.860428 -8.256043 2.930104 1
1.513866 -8.389945 2.989531 1
1.217867 -8.277830 2.986054 1
0.891465 -8.266712 3.014479 1
0.556696 -8.256323 3.047708 1
0.210067 -8.250985 3.087334 1
-0.152644 -8.254356 3.134928 1
-0.523328 -8.244490 3.184445 1
-0.927062 -8.264619 3.249704 1
-1.338801 -8.263079 3.315501 1
-1.858377 -8.223180 3.396303 1
-2.321683 -8.219960 3.480364 1
-2.800615 -8.198723 3.568233 1
-3.363318 -8.232567 3.688033 1
-3.895071 -8.187249 3.791498 1
-5.982834 -8.055101 4.245977 1
-4.708824 -6.574476 3.720946 1
-7.900120 -8.126787 4.729877 1
-4.594432 -5.570600 3.561039 1
-4.048345 -4.855254 3.335376 1
-5.375835 -5.101309 3.717219 1
-4.775646 -4.414011 3.488857 1
-5.199250 -4.182858 3.587582 1
-5.913337 -3.495683 3.746839 1
-7.258854 -3.390884 4.132195 1
14.309567 -4.228939 3.913094 1
10.843700 -4.585055 3.094685 1
10.647508 -4.876936 3.077903 1
9.514107 -4.626569 2.793438 1
9.486787 -4.965336 2.827570 1
9.455482 -5.317275 2.865965 1
16.182201 -10.999504 5.053169 1
16.184576 -11.889388 5.186181 1
16.138580 -12.799735 5.320843 1
16.179472 -13.864276 5.505205 1
10.155998 -8.327365 3.473961 1
9.652507 -8.386203 3.398545 1
9.099268 -8.344683 3.301009 1
8.664910 -8.411985 3.247503 1
8.209684 -8.417942 3.183080 1
7.763124 -8.398393 3.118869 1
7.349020 -8.394361 3.066249 1
6.963387 -8.408944 3.025082 1
6.569578 -8.373075 2.975739 1
6.225462 -8.417071 2.953297 1
5.944690 -8.374233 2.919393 1
5.586426 -8.324050 2.880351 1
5.259506 -8.338449 2.862535 1
4.936662 -8.343599 2.846329 1
4.619954 -8.351012 2.834538 1
4.303797 -8.332712 2.819968 1
3.995555 -8.340058 2.815479 1
3.688486 -8.334028 2.811158 1
3.382982 -8.304050 2.804317 1
3.079579 -8.311256 2.810256 1
2.775084 -8.316583 2.819207 1
2.472878 -8.280418 2.821162 1
2.167863 -8.265101 2.831909 1
-1.347061 -8.272208 3.222579 1
-1.841384 -8.195405 3.288738 1
-2.318022 -8.211441 3.375849 1
-2.826407 -8.225540 3.472669 1
-3.349017 -8.213173 3.571753 1
-3.944671 -8.233165 3.695786 1
-4.503108 -8.169258 3.802642 1
-5.197495 -8.029804 3.932880 1
-4.012043 -6.199037 3.395875 1
-4.803463 -6.150445 3.579605 1
-4.090110 -5.275469 3.298874 1
-5.391135 -5.105635 3.613806 1
-5.745236 -4.820791 3.681620 1
-5.847566 -4.422480 3.677778 1
-6.291180 -4.029076 3.772389 1
-7.480576 -3.915410 4.094447 1
-5.964625 -3.096817 3.636536 1
13.910560 -5.619135 3.783467 1
11.996294 -5.235107 3.318138 1
10.611795 -4.856981 2.975407 1
9.777769 -4.776854 2.785965 1
9.570916 -5.017324 2.769310 1
16.199749 -10.176997 4.765709 1
16.171375 -10.989021 4.868366 1
16.170834 -11.875799 4.994184 1
16.164227 -12.821209 5.135128 1
16.132589 -13.815915 5.287128 1
10.244745 -8.420202 3.392925 1
9.654410 -8.387619 3.290892 1
9.093256 -8.336555 3.194709 1
8.658784 -8.403181 3.143401 1
8.187586 -8.384748 3.074937 1
7.774771 -8.417288 3.028258 1
7.351148 -8.398263 2.973798 1
6.957404 -8.397356 2.930356 1
6.561466 -8.355680 2.881794 1
6.207217 -8.372639 2.853573 1
5.927688 -8.329008 2.821152 1
5.583311 -8.315797 2.793272 1
5.256581 -8.329803 2.776255 1
4.931427 -8.323617 2.758120 1
4.610194 -8.302657 2.740128 1
4.303315 -8.334611 2.738482 1
3.990853 -8.302257 2.724797 1
3.687007 -8.324417 2.727577 1
3.381514 -8.277217 2.717065 1
3.079547 -8.267285 2.718776 1
2.775703 -8.289800 2.731613 1
2.473334 -8.265052 2.736404 1
2.165542 -8.272228 2.752356 1
1.855856 -8.265850 2.768533 1
1.517510 -8.362060 2.814015 1
1.195036 -8.348434 2.836174 1
0.886527 -8.271847 2.846132 1
0.547191 -8.272504 2.880029 1
0.197266 -8.272588 2.918441 1
-0.157218 -8.255619 2.957229 1
-0.536455 -8.261461 3.007669 1
2.864217 -1.685032 1.169036 1
-4.181474 -5.751486 3.279488 1
-4.391337 -5.030024 3.251304 1
-5.451506 -5.131249 3.523850 1
-5.708195 -4.802277 3.560957 1
-6.085271 -4.508418 3.636053 1
-6.323600 -4.036467 3.668763 1
-7.964215 -4.042551 4.103992 1
12.144770 -2.427847 3.095506 1
13.342777 -4.406988 3.447459 1
10.678138 -4.225358 2.843922 1
9.782759 -4.085515 2.639066 1
10.600219 -4.849597 2.880523 1
9.799473 -4.788132 2.708340 1
9.616123 -5.044731 2.698765 1
16.195272 -10.171633 4.589046 1
16.176979 -10.991218 4.689514 1
16.177191 -11.879098 4.809502 1
16.192595 -12.845169 4.950471 1
16.136578 -13.818057 5.087756 1
10.250546 -8.425401 3.282332 1
9.677952 -8.413890 3.191164 1
9.104251 -8.349692 3.095289 1
8.665482 -8.411855 3.044925 1
8.202969 -8.407365 2.983314 1
7.776933 -8.420703 2.933541 1
7.344501 -8.386407 2.877647 1
6.953520 -8.389933 2.837420 1
6.574059 -8.384046 2.800039 1
6.212041 -8.385416 2.769260 1
5.931905 -8.341544 2.738297 1
5.588569 -8.333641 2.713000 1
5.256437 -8.331243 2.692960 1
4.924686 -8.297083 2.669257 1
4.614975 -8.331789 2.665098 1
4.299437 -8.313017 2.651971 1
3.990120 -8.303099 2.644205 1
3.684440 -8.296685 2.640475 1
3.380998 -8.300725 2.642320 1
3.078378 -8.273583 2.640194 1
2.772352 -8.324539 2.659180 1
2.467859 -8.305350 2.665287 1
2.161666 -8.289804 2.675491 1
1.837161 -8.356243 2.708373 1
1.515821 -8.363099 2.730950 1
1.197776 -8.333167 2.748413 1
0.886296 -8.267575 2.760830 1
0.546946 -8.268513 2.793528 1
0.199189 -8.263618 2.829214 1
-0.174537 -8.288213 2.877382 1
-0.539576 -8.263376 2.917887 1
-0.936791 -8.269585 2.972362 1
-1.371341 -8.302732 3.040945 1
-1.868160 -8.225570 3.102648 1
-2.364727 -8.264209 3.190394 1
-2.821630 -8.212374 3.259585 1
-3.372170 -8.230865 3.361250 1
-3.962417 -8.243328 3.473505 1
-4.577321 -8.229967 3.590931 1
-5.320767 -8.124289 3.726213 1
-6.014429 -8.067229 3.864130 1
-4.615297 -6.499639 3.365029 1
-8.702251 -7.939325 4.447427 1
4.013165 -8.536409 2.614599 1
3.684581 -8.313662 2.564092 1
3.379827 -8.289005 2.559773 1
3.076569 -8.307633 2.567910 1
2.773109 -8.295902 2.572475 1
2.468534 -8.288049 2.580959 1
2.160436 -8.289660 2.594680 1
1.834725 -8.361909 2.627538 1
1.505156 -8.402221 2.656919 1
1.188476 -8.360895 2.671318 1
0.877507 -8.289592 2.682190 1
0.545085 -8.268885 2.708567 1
0.190442 -8.280025 2.746794 1
-0.172091 -8.278827 2.786697 1
-0.544933 -8.269585 2.829580 1
-0.934161 -8.261104 2.878071 1
-1.356554 -8.275570 2.938744 1
-1.868979 -8.222965 3.004707 1
-2.345061 -8.235092 3.081097 1
-2.849113 -8.241198 3.164789 1
-3.386211 -8.242404 3.257211 1
-3.945612 -8.222725 3.354437 1
-4.581533 -8.230018 3.473914 1
-5.343650 -8.139377 3.609383 1
-6.020994 -8.068286 3.736574 1
-4.313522 -5.829750 3.120313 1
-4.254695 -5.362638 3.059732 1
-5.048058 -5.368700 3.237515 1
-5.540210 -5.167300 3.332716 1
-5.248564 -4.602953 3.222371 1
-5.326160 -4.219759 3.215344 1
-7.308706 -4.340332 3.698265 1
-6.175375 -3.555667 3.387073 1
-7.443684 -3.420757 3.694633 1
21.968975 -5.594863 5.051869 1
10.313410 -4.065626 2.583262 1
11.368029 -4.928293 2.852363 1
10.467308 -4.777831 2.667295 1
9.810732 -4.792237 2.544985 1
9.714202 -5.104347 2.557225 1
16.223675 -10.187310 4.248031 1
16.196999 -11.002420 4.336233 1
16.176460 -11.874434 4.438680 1
16.312496 -12.950739 4.598908 1
16.156096 -13.833816 4.694839 1
10.271400 -8.445579 3.064947 1
9.707853 -8.446696 2.985551 1
9.178042 -8.440716 2.913649 1
8.687064 -8.440360 2.851471 1
8.212854 -8.421510 2.792005 1
7.782494 -8.429554 2.745647 1
7.365738 -8.424697 2.701965 1
6.962297 -8.407941 2.660848 1
6.572165 -8.380913 2.622345 1
6.212037 -8.387021 2.595692 1
5.929561 -8.337254 2.566535 1
5.591349 -8.345201 2.547238 1
5.266085 -8.370205 2.535087 1
4.963386 -8.469997 2.541924 1
4.658937 -8.573745 2.552529 1
4.333097 -8.556326 2.540950 1
1.180922 -8.382385 2.592603 1
0.872528 -8.299918 2.600817 1
0.545510 -8.263146 2.622596 1
0.186439 -8.285173 2.661766 1
-0.188716 -8.309933 2.706240 1
-0.549831 -8.274927 2.741312 1
-0.948182 -8.281468 2.791612 1
-1.359562 -8.276480 2.844895 1
-1.872493 -8.224171 2.908291 1
-2.359694 -8.250237 2.985345 1
-2.831774 -8.216961 3.054313 1
-3.372426 -8.223680 3.144199 1
-3.988398 -8.261779 3.255263 1
-4.572248 -8.217667 3.353308 1
-5.343628 -8.135505 3.485875 1
-6.031108 -8.072053 3.610537 1
-7.013438 -8.161708 3.815344 1
-7.902610 -8.107012 3.990750 1
-8.912787 -8.052380 4.196455 1
-5.422740 -5.561966 3.231112 1
-5.520926 -5.155321 3.220118 1
-6.100181 -4.958748 3.334872 1
-6.779820 -4.639380 3.469245 1
-6.307257 -4.022967 3.329165 1
-8.097534 -4.068853 3.748113 1
10.497892 -4.143610 2.538945 1
11.189245 -4.840909 2.714934 1
10.483320 -4.784828 2.582018 1
9.919960 -4.853719 2.487069 1
9.781987 -5.145953 2.489453 1
16.219194 -10.181971 4.073683 1
16.184341 -10.990572 4.154832 1
16.173832 -11.870219 4.253967 1
16.306950 -12.943746 4.404593 1
16.163639 -13.839504 4.498668 1
10.270851 -8.444080 2.953424 1
9.718046 -8.457637 2.881320 1
9.183527 -8.446962 2.811888 1
8.674909 -8.423349 2.747340 1
8.226612 -8.441709 2.699747 1
7.783061 -8.430368 2.651331 1
7.363152 -8.420129 2.608783 1
6.959635 -8.402939 2.569801 1
6.581290 -8.401609 2.538841 1
6.258780 -8.503819 2.533559 1
5.941059 -8.613125 2.532943 1
5.674786 -8.606995 2.516631 1
5.336889 -8.629546 2.504143 1
5.010329 -8.676127 2.499682 1
4.681320 -8.697020 2.493213 1
4.349399 -8.674541 2.481279 1
4.025314 -8.671854 2.476259 1
3.683686 -8.328052 2.407461 1
3.378407 -8.314752 2.406152 1
3.074062 -8.327687 2.412748 1
2.769625 -8.315907 2.417270 1
2.462836 -8.319473 2.427634 1
2.154961 -8.309634 2.438210 1
1.836818 -8.337132 2.459281 1
1.494793 -8.433936 2.497795 1
-5.552233 -5.167190 3.120854 1
-4.815785 -4.415564 2.914596 1
-5.239295 -4.182241 2.992365 1
-6.962328 -4.225614 3.372252 1
-6.971501 -3.763826 3.356430 1
-8.543640 -3.660922 3.706627 1
22.189381 -5.640906 4.674698 1
13.299998 -5.346567 3.022643 1
10.505320 -4.511053 2.477946 1
10.539386 -4.812624 2.505108 1
10.103741 -4.957916 2.442677 1
9.834635 -5.178001 2.416991 1
16.208538 -10.172286 3.898796 1
16.183777 -10.988050 3.977334 1
16.160801 -11.857288 4.067615 1
16.291279 -12.927524 4.208744 1
16.149206 -13.823403 4.297444 1
10.277309 -8.449984 2.844241 1
9.700969 -8.437267 2.769634 1
9.274807 -8.560428 2.735354 1
8.682408 -8.433120 2.650106 1
8.217352 -8.427639 2.599846 1
7.771051 -8.410660 2.553001 1
7.376882 -8.444863 2.522179 1
6.969458 -8.422735 2.484285 1
6.675526 -8.610505 2.492756 1
6.348411 -8.727076 2.489931 1
5.980723 -8.725946 2.467429 1
5.632104 -8.751508 2.453578 1
5.322190 -8.578105 2.408869 1
5.013232 -8.691445 2.417390 1
4.685591 -8.723618 2.413505 1
4.355757 -8.723986 2.406605 1
4.031275 -8.738632 2.405214 1
3.683343 -8.336939 2.329722 1
3.377832 -8.335033 2.330789 1
3.073112 -8.324913 2.332963 1
2.769475 -8.301574 2.335303 1
2.461967 -8.316745 2.347495 1
2.154123 -8.306964 2.357751 1
1.834896 -8.340223 2.379036 1
1.500515 -8.403673 2.409279 1
1.175697 -8.390161 2.427849 1
0.863268 -8.318459 2.437998 1
0.529187 -8.297739 2.461513 1
0.174940 -8.303782 2.494163 1
-0.194163 -8.313171 2.531620 1
-0.558511 -8.283516 2.565050 1
-0.966534 -8.305425 2.614538 1
-1.470778 -8.275422 2.670994 1
-1.887985 -8.238518 2.719442 1
-2.383877 -8.273980 2.792188 1
-2.854272 -8.236209 2.854315 1
-3.412656 -8.260012 2.941159 1
-4.618825 -8.252926 3.132560 1
-5.389750 -8.165997 3.252889 1
-6.089698 -8.108732 3.369397 1
-7.001841 -8.145513 3.537631 1
-7.985485 -8.151215 3.720497 1
-9.958960 -7.752253 4.069061 1
14.008718 -5.649147 3.039838 1
10.712044 -4.608938 2.430955 1
10.605694 -4.943722 2.436006 1
10.182343 -5.001760 2.372901 1
10.062416 -5.320381 2.379496 1
16.205639 -10.168083 3.726524 1
16.177052 -10.980792 3.799213 1
16.150606 -11.846747 3.882997 1
10.279039 -8.450895 2.734111 1
9.702103 -8.437813 2.663680 1
9.261141 -8.542738 2.627311 1
8.672297 -8.418899 2.547893 1
8.233197 -8.450944 2.508373 1
7.776506 -8.419453 2.461238 1
7.367683 -8.428421 2.427258 1
6.968487 -8.421092 2.394528 1
6.734018 -8.740386 2.427222 1
6.351756 -8.736211 2.401927 1
5.993176 -8.762189 2.385739 1
5.637790 -8.771540 2.369812 1
5.363779 -8.731361 2.351533 1
5.025001 -8.745218 2.341876 1
4.693959 -8.772124 2.337379 1
4.354601 -8.721354 2.322085 1
4.031316 -8.747377 2.322941 1
3.682602 -8.339149 2.250935 1
3.376722 -8.325706 2.250137 1
3.072324 -8.315504 2.252386 1
2.767884 -8.309386 2.257841 1
2.461206 -8.313061 2.267553 1
2.151715 -8.314795 2.279531 1
1.824410 -8.387718 2.307043 1
1.498527 -8.406068 2.327720 1
1.170379 -8.403692 2.347619 1
0.860878 -8.320882 2.355469 1
0.526530 -8.300297 2.378031 1
0.172027 -8.306375 2.409215 1
-0.190041 -8.300314 2.441852 1
-0.564826 -8.291594 2.478060 1
-0.993601 -8.348320 2.532639 1
-1.447114 -8.235294 2.568566 1
-1.889707 -8.237242 2.623357 1
-2.386074 -8.273121 2.692681 1
-2.871776 -8.253229 2.756309 1
-3.388679 -8.230279 2.827154 1
-3.995269 -8.257433 2.920577 1
-4.598201 -8.230209 3.010608 1
-5.382368 -8.156076 3.128702 1
-6.169920 -8.165688 3.260873 1
-7.057522 -8.180149 3.414511 1
-7.981203 -8.144304 3.574218 1
-4.932884 -5.743177 2.832250 1
-5.248946 -5.462315 2.870282 1
-7.546257 -6.099060 3.345057 1
-4.788734 -4.399172 2.717147 1
-5.401487 -4.237410 2.828681 1
-7.720669 -4.457115 3.298156 1
-11.729537 -5.031063 4.123755 1
3.376326 -8.355938 2.176435 1
3.070599 -8.345694 2.178788 1
2.765205 -8.333781 2.183228 1
2.458681 -8.325811 2.190708 1
2.147727 -8.333156 2.203195 1
1.819528 -8.406137 2.229374 1
1.498076 -8.401990 2.245296 1
1.168398 -8.405366 2.265318 1
0.860552 -8.317008 2.272068 1
0.528264 -8.291127 2.292673 1
0.171686 -8.302888 2.323393 1
-0.185520 -8.286643 2.352550 1
-0.567970 -8.293631 2.390018 1
-1.229311 -8.568639 2.496692 1
-1.614701 -8.488962 2.528494 1
-2.038003 -8.441752 2.571841 1
-2.412408 -8.303327 2.600467 1
-2.866270 -8.243069 2.651880 1
-3.422322 -8.263143 2.729528 1
-3.998411 -8.256865 2.810124 1
-4.614824 -8.241729 2.898883 1
-5.373974 -8.145343 3.005029 1
-6.322870 -8.277725 3.167362 1
-7.055564 -8.174752 3.277658 1
-8.019332 -8.164296 3.437950 1
-9.148779 -8.171125 3.631987 1
-7.138817 -6.446094 3.163618 1
-5.075663 -4.517103 2.681000 1
-7.102908 -4.743563 3.067361 1
-7.435814 -4.364919 3.116052 1
-8.510821 -4.166743 3.315276 1
10.771894 -4.255778 2.243698 1
19.286419 -8.718487 3.715106 1
17.565929 -8.644117 3.464462 1
10.195432 -5.103730 2.209450 1
10.106505 -5.345805 2.213999 1
16.218899 -10.173145 3.387654 1
16.213955 -11.005060 3.455091 1
16.169823 -11.858898 3.524431 1
12.592965 -10.292473 2.957411 1
10.275898 -8.445765 2.513456 1
9.709473 -8.444766 2.453979 1
9.285692 -8.572196 2.426192 1
8.697920 -8.452918 2.357222 1
8.227703 -8.442202 2.314654 1
7.785848 -8.434476 2.277578 1
7.378737 -8.448426 2.248636 1
6.973013 -8.430649 2.218225 1
6.754948 -8.787758 2.253060 1
6.378971 -8.805437 2.234456 1
5.999783 -8.783157 2.212627 1
5.644986 -8.798085 2.199736 1
5.369905 -8.757694 2.183861 1
5.036323 -8.799831 2.180018 1
4.694322 -8.781620 2.169416 1
4.362629 -8.787843 2.165081 1
4.035827 -8.808430 2.165363 1
3.682008 -8.358355 2.096319 1
-0.197861 -8.308671 2.270194 1
-0.570699 -8.294888 2.302083 1
-1.268158 -8.630144 2.414085 1
-1.662690 -8.558790 2.446420 1
-2.122678 -8.556797 2.497213 1
-2.622507 -8.569811 2.557182 1
-3.046682 -8.452409 2.595856 1
-3.553262 -8.401560 2.655274 1
-3.992599 -8.247373 2.697924 1
0.609446 -3.600567 1.599450 1
-5.426791 -8.185176 2.895635 1
-6.305161 -8.260357 3.033521 1
-7.028615 -8.152037 3.136182 1
-8.056396 -8.183602 3.301091 1
-9.243370 -8.221266 3.496045 1
-10.602319 -8.066168 3.712357 1
-6.499233 -5.600464 2.881629 1
-6.075171 -4.933712 2.775885 1
-7.090506 -4.736068 2.945784 1
-11.712199 -5.018216 3.783580 1
21.661491 -4.690412 3.743806 1
13.958705 -5.621665 2.654254 1
19.276028 -8.710583 3.522883 1
17.609772 -8.664885 3.297796 1
10.216832 -5.115076 2.126669 1
10.102970 -5.342409 2.126577 1
16.206663 -10.162388 3.215575 1
16.198179 -10.990861 3.277102 1
16.186203 -11.870652 3.346904 1
13.830022 -10.675864 2.982967 1
12.706773 -10.404010 2.838918 1
10.303087 -8.473554 2.409583 1
9.719763 -8.455825 2.350875 1
9.273487 -8.556342 2.320069 1
8.685882 -8.436076 2.255845 1
8.219221 -8.429294 2.216995 1
7.774623 -8.416051 2.181692 1
7.376550 -8.444575 2.157196 1
6.962920 -8.410884 2.126517 1
6.769617 -8.820747 2.167002 1
6.394296 -8.844318 2.150596 1
6.015258 -8.827925 2.131205 1
5.660153 -8.848839 2.120144 1
5.383403 -8.808841 2.105502 1
5.037164 -8.806227 2.095606 1
4.697991 -8.805032 2.088356 1
4.362747 -8.794051 2.082072 1
4.036779 -8.826168 2.084187 1
3.681126 -8.358095 2.017692 1
3.374251 -8.344516 2.017677 1
3.068864 -8.334264 2.020211 1
2.764568 -8.310834 2.022943 1
2.455734 -8.331828 2.034171 1
2.149523 -8.304915 2.040651 1
1.822252 -8.378391 2.064110 1
1.491050 -8.419729 2.085407 1
1.165096 -8.406419 2.101082 1
0.860699 -8.306883 2.105987 1
0.518404 -8.308463 2.129052 1
0.151703 -8.341624 2.160217 1
1.700704 -3.289508 1.398214 1
1.601680 -3.230659 1.402304 1
13.980440 -5.629001 2.532888 1
19.279434 -8.709305 3.333529 1
17.564873 -8.638462 3.117362 1
10.217443 -5.114225 2.040462 1
10.103575 -5.341623 2.040155 1
16.183521 -10.143950 3.042603 1
16.185425 -10.978996 3.100576 1
13.575445 -10.442261 2.785598 1
12.807459 -10.502516 2.715054 1
10.273566 -8.441500 2.294584 1
9.713978 -8.448438 2.244611 1
8.693764 -8.446373 2.159512 1
8.226431 -8.439746 2.123548 1
7.781082 -8.426482 2.090869 1
7.382335 -8.455039 2.068213 1
6.975906 -8.436964 2.042116 1
6.764820 -8.810679 2.074383 1
6.396261 -8.850035 2.061519 1
6.018783 -8.839036 2.044441 1
5.657970 -8.843390 2.032106 1
5.299961 -8.824920 2.019198 1
5.036473 -8.805964 2.010424 1
4.695096 -8.793288 2.002407 1
4.362746 -8.799427 1.999068 1
4.032965 -8.796910 1.996724 1
3.680539 -8.362771 1.939950 1
3.373402 -8.349180 1.940201 1
3.068174 -8.321524 1.940538 1
2.760906 -8.350104 1.950255 1
2.454093 -8.336423 1.956377 1
2.148495 -8.303658 1.961934 1
1.818938 -8.388731 1.985607 1
1.493882 -8.401879 2.001836 1
1.163844 -8.405549 2.019123 1
0.857596 -8.311550 2.024885 1
0.517027 -8.307654 2.045933 1
0.159204 -8.319627 2.072138 1
-0.206685 -8.319181 2.099561 1
-0.575012 -8.295259 2.126592 1
1.899578 -3.401568 1.362436 1
-1.279876 -8.641936 2.226923 1
1.925587 -3.194076 1.337191 1
-1.706975 -8.618989 2.264348 1
1.869157 -3.087450 1.331082 1
-2.187040 -8.639402 2.313923 1
1.726548 -3.062038 1.342827 1
1.578432 -3.075875 1.359984 1
1.393627 -3.074433 1.380576 1
-3.724173 -8.579399 2.476009 1
1.155457 -3.108030 1.411705 1
-4.722236 -8.177095 2.562812 1
-5.409934 -8.163712 2.650190 1
-7.114316 -8.203449 2.882588 1
-8.039448 -8.164561 3.009830 1
-9.219279 -8.198653 3.181226 1
-10.648194 -8.080310 3.385519 1
-6.545323 -5.615843 2.657510 1
-6.130529 -4.951173 2.567399 1
-8.184360 -5.122146 2.892106 1
-7.464895 -3.878455 2.748098 1
13.984913 -5.628935 2.409081 1
19.275780 -8.704653 3.143692 1
17.559402 -8.633018 2.943925 1
10.192137 -5.098181 1.950863 1
10.058029 -5.411763 1.952895 1
14.186498 -8.734676 2.581604 1
16.161865 -10.958833 2.923266 1
13.529527 -10.398917 2.629479 1
12.721476 -10.416015 2.557481 1
10.283219 -8.450788 2.187533 1
9.722822 -8.457839 2.141452 1
9.250498 -8.526418 2.110247 1
8.701036 -8.455837 2.063044 1
8.242702 -8.463687 2.031993 1
7.796121 -8.450912 2.001961 1
7.370675 -8.434175 1.975005 1
6.962317 -8.410246 1.950386 1
6.771584 -8.826182 1.985542 1
6.395718 -8.849519 1.971762 1
6.018126 -8.838367 1.956192 1
5.658933 -8.848128 1.945685 1
5.299132 -8.823956 1.933305 1
5.035605 -8.804927 1.925385 1
4.695253 -8.797884 1.918919 1
4.360142 -8.786672 1.913994 1
4.029645 -8.772458 1.910695 1
3.679215 -8.354988 1.860825 1
3.372134 -8.329714 1.859929 1
3.066807 -8.336826 1.864747 1
2.760742 -8.336431 1.870487 1
2.454422 -8.322848 1.876464 1
2.147579 -8.301688 1.883371 1
1.813564 -8.409700 1.908436 1
1.488882 -8.417037 1.923092 1
1.167572 -8.387053 1.935117 1
0.852986 -8.320816 1.944510 1
0.517983 -8.300632 1.962218 1
0.158009 -8.318213 1.987644 1
-0.200537 -8.302144 2.011255 1
-0.581866 -8.304395 2.040508 1
-1.314545 -8.696310 2.140853 1
1.557588 -3.100490 1.336089 1
1.379117 -3.089462 1.353908 1
1.222762 -3.082513 1.370562 1
1.004208 -3.078213 1.395350 1
-5.424371 -8.171861 2.532571 1
-7.107657 -8.194839 2.746386 1
-8.077774 -8.184663 2.873123 1
-9.275082 -8.226407 3.036242 1
-10.588465 -8.045429 3.208840 1
-6.618948 -5.647229 2.553324 1
-6.167082 -4.963607 2.464171 1
-6.550590 -4.533631 2.507031 1
-11.724210 -5.009218 3.285470 1
2.759478 -8.339432 1.793064 1
2.451714 -8.337333 1.800191 1
2.146799 -8.298841 1.804948 1
1.810558 -8.418443 1.829607 1
1.486754 -8.420107 1.842809 1
1.165226 -8.390104 1.854284 1
0.859489 -8.296212 1.860029 1
0.515167 -8.303684 1.880116 1
0.154909 -8.321305 1.903964 1
-0.203922 -8.305255 1.926183 1
1.905191 -3.638132 1.326178 1
-0.585586 -8.307571 1.953624 1
1.889342 -3.417139 1.306501 1
1.999432 -3.070564 1.265887 1
1.893587 -3.048776 1.272752 1
1.714687 -3.075896 1.290910 1
-7.099821 -8.185431 2.610618 1
-8.105031 -8.197758 2.734208 1
-9.284300 -8.227359 2.883309 1
-10.666732 -8.080590 3.054732 1
-6.602459 -5.636379 2.434460 1
-6.240177 -4.991310 2.365796 1
-11.707829 -5.000821 3.117473 1
21.224823 -8.725885 2.958055 1
19.310223 -8.715360 2.770418 1
17.605042 -8.652209 2.605206 1
10.219343 -5.111730 1.783178 1
10.045408 -5.401354 1.779542 1
14.184781 -8.729904 2.297530 1
16.156445 -10.950599 2.577041 1
12.727666 -10.419585 2.275484 1
10.287979 -8.454016 1.971314 1
9.742029 -8.478385 1.935292 1
9.304699 -8.592912 1.914958 1
8.699974 -8.453513 1.867509 1
8.228207 -8.441555 1.839602 1
7.797335 -8.452675 1.817665 1
7.379912 -8.450915 1.797199 1
6.965209 -8.416552 1.775904 1
6.767092 -8.817327 1.803222 1
6.393528 -8.845741 1.792650 1
6.013873 -8.828735 1.779531 1
5.653174 -8.832685 1.770637 1
5.296789 -8.819403 1.761945 1
5.035851 -8.811443 1.756856 1
4.693984 -8.798558 1.751415 1
4.362820 -8.816035 1.750715 1
4.030944 -8.801867 1.748560 1
3.676781 -8.342828 1.703983 1
3.370777 -8.358196 1.707900 1
3.064550 -8.347817 1.710804 1
1.425120 -4.083735 1.366790 1
2.012767 -3.047626 1.237587 1
1.875610 -3.074662 1.250404 1
1.618941 -3.203126 1.281475 1
1.373527 -3.093584 1.295516 1
1.224951 -3.078223 1.308684 1
1.040410 -3.042980 1.324855 1
0.760136 -3.071330 1.355606 1
-6.232051 -4.985037 2.255125 1
21.281651 -8.746919 2.756849 1
19.364304 -8.738352 2.587509 1
18.377594 -9.059883 2.511553 1
10.176483 -5.085426 1.693311 1
10.047773 -5.401739 1.694312 1
14.162935 -8.712744 2.153754 1
16.160835 -10.951948 2.405411 1
13.556477 -10.419039 2.190582 1
12.733308 -10.423900 2.135133 1
10.303306 -8.469288 1.865082 1
9.714170 -8.445684 1.827183 1
9.281664 -8.563544 1.809378 1
8.705482 -8.460578 1.770964 1
8.233171 -8.448668 1.746001 1
7.801754 -8.459778 1.726397 1
7.383857 -8.458076 1.708156 1
6.971296 -8.428924 1.689713 1
6.760683 -8.803685 1.711636 1
6.398458 -8.858814 1.704830 1
6.022023 -8.852882 1.694289 1
5.655023 -8.840287 1.685031 1
5.302679 -8.843953 1.679016 1
5.038308 -8.824846 1.673662 1
4.694713 -8.806205 1.668570 1
4.361505 -8.812226 1.667240 1
4.032048 -8.821091 1.667690 1
3.678409 -8.384986 1.630275 1
3.369976 -8.365382 1.631058 1
3.064103 -8.325844 1.631454 1
2.756732 -8.348757 1.638847 1
2.449690 -8.335073 1.644397 1
2.141245 -8.319612 1.651245 1
1.804981 -8.433685 1.671706 1
1.483036 -8.424013 1.682367 1
1.151649 -8.427647 1.696003 1
0.849659 -8.316646 1.700138 1
0.500135 -8.334844 1.718786 1
0.138303 -8.352056 1.739492 1
-0.217167 -8.325149 1.757839 1
2.164627 -3.025752 1.200651 1
1.990030 -3.083892 1.216744 1
0.868514 -4.006853 1.365683 1
0.735693 -3.916571 1.370978 1
0.710084 -3.710391 1.360725 1
1.242785 -3.059079 1.275454 1
1.029127 -3.052276 1.294719 1
0.824389 -3.017376 1.312560 1
-7.176796 -8.230731 2.353115 1
-8.161574 -8.225203 2.455863 1
-9.314330 -8.235938 2.579621 1
-10.627748 -8.051768 2.717881 1
-11.726733 -4.997801 2.790275 1
19.843128 -8.964500 2.441131 1
18.381779 -9.059450 2.331150 1
10.188193 -5.091096 1.609621 1
9.995392 -5.366910 1.604123 1
13.915554 -8.536823 1.989467 1
16.168375 -10.955720 2.234311 1
13.600616 -10.457769 2.048020 1
12.746262 -10.435456 1.995671 1
10.305796 -8.471020 1.757175 1
9.720036 -8.451671 1.724049 1
9.276150 -8.556061 1.706883 1
8.703376 -8.457272 1.673435 1
8.224516 -8.435509 1.650549 1
7.796536 -8.451157 1.633732 1
7.375963 -8.443974 1.617272 1
6.974359 -8.435288 1.602882 1
6.765867 -8.815691 1.622648 1
6.396485 -8.854740 1.615481 1
6.018158 -8.843159 1.605952 1
5.656640 -8.847136 1.599357 1
5.300929 -8.839472 1.593426 1
5.037934 -8.825939 1.589371 1
4.696354 -8.818749 1.586098 1
4.360885 -8.813247 1.584375 1
4.028385 -8.793076 1.582894 1
3.674841 -8.338870 1.548942 1
3.368569 -8.336772 1.551406 1
3.063249 -8.320540 1.554026 1
2.756806 -8.331783 1.560094 1
2.449773 -8.323923 1.565957 1
2.139963 -8.320119 1.573482 1
1.818042 -8.359840 1.585998 1
1.486920 -8.401882 1.600286 1
1.159523 -8.394579 1.612025 1
0.851554 -8.306137 1.618264 1
0.508474 -8.308211 1.634032 1
0.143023 -8.336717 1.654131 1
1.571252 -4.122993 1.285069 1
2.854768 -1.696066 1.046992 1
1.067489 -4.069712 1.314602 1
-7.146444 -8.205781 2.215227 1
-8.116325 -8.192530 2.307606 1
-9.810779 -8.335872 2.478287 1
-12.192883 -8.043657 2.713233 1
-6.358310 -5.031994 2.051156 1
-11.750222 -5.000020 2.628564 1
19.820396 -8.950661 2.245584 1
18.358538 -9.044468 2.148848 1
10.264654 -5.134673 1.530887 1
9.981454 -5.356823 1.518476 1
13.924498 -8.541392 1.852772 1
13.251034 -8.712380 1.818049 1
13.635071 -10.487671 1.903593 1
10.694876 -8.402678 1.665766 1
10.315535 -8.480396 1.650064 1
9.721430 -8.452531 1.620460 1
9.299185 -8.584225 1.607709 1
8.721472 -8.481474 1.578353 1
8.238092 -8.455438 1.558155 1
7.806009 -8.466503 1.543239 1
7.370462 -8.434171 1.527186 1
6.971752 -8.430387 1.515223 1
6.758649 -8.800256 1.531576 1
6.391999 -8.844420 1.525930 1
6.021800 -8.854601 1.519433 1
5.651072 -8.830676 1.512079 1
5.297470 -8.828486 1.507632 1
5.029516 -8.792013 1.502831 1
4.692473 -8.801638 1.501500 1
4.360145 -8.813422 1.501567 1
4.025223 -8.769968 1.499154 1
3.673977 -8.338645 1.471800 1
3.367353 -8.318999 1.473217 1
3.062420 -8.314346 1.476774 1
2.754992 -8.343115 1.483779 1
2.448039 -8.329478 1.489045 1
2.137062 -8.331311 1.496592 1
1.824614 -8.319461 1.504414 1
1.505900 -8.316498 1.514172 1
1.172422 -8.343822 1.527575 1
0.848262 -8.311423 1.537966 1
2.063055 -4.168817 1.226382 1
1.732916 -4.125685 1.239506 1
2.178495 -2.997989 1.150308 1
2.023230 -3.027380 1.160783 1
1.054896 -4.085797 1.276748 1
0.833690 -4.047560 1.289481 1
0.714388 -3.938242 1.292601 1
1.049763 -3.031360 1.228806 1
0.800825 -3.034681 1.248801 1
-7.162822 -8.213139 2.083400 1
-8.158486 -8.215012 2.169950 1
-11.403987 -8.435438 2.467436 1
-6.530132 -5.100746 1.958287 1
-11.749732 -4.995886 2.464348 1
1.824669 -8.312598 1.425862 1
1.503429 -8.321127 1.435650 1
1.171228 -8.342875 1.447539 1
0.847053 -8.310376 1.457248 1
0.499430 -8.323438 1.471321 1
1.904113 -4.182003 1.198330 1
2.278069 -3.006717 1.122312 1
2.177369 -2.999037 1.126804 1
1.168870 -4.197550 1.235518 1
1.117086 -3.997408 1.229718 1
0.736629 -4.167676 1.259548 1
1.277088 -3.021243 1.181425 1
1.039176 -3.040017 1.198482 1
0.830070 -3.009605 1.212584 1
0.624626 -3.000663 1.227583 1
-8.184774 -8.227469 2.030093 1
-10.154155 -8.519067 2.193234 1
-11.439485 -8.448647 2.297334 1
-11.736266 -4.988328 2.299353 1
19.832436 -8.950495 1.860012 1
10.289389 -5.146749 1.361257 1
9.980688 -5.354093 1.350100 1
13.953111 -8.558075 1.579907 1
12.897838 -8.438019 1.532607 1
13.596710 -10.449786 1.605948 1
10.704501 -8.410214 1.446046 1
10.352777 -8.517874 1.436555 1
9.721905 -8.451602 1.413429 1
9.281055 -8.560399 1.402951 1
8.700443 -8.451974 1.382427 1
8.227707 -8.439430 1.369270 1
7.808257 -8.469955 1.360077 1
7.375087 -8.442628 1.349469 1
6.973143 -8.433706 1.341234 1
6.762253 -8.809301 1.352770 1
6.395029 -8.853598 1.349291 1
6.020319 -8.852764 1.344823 1
5.659816 -8.862252 1.341940 1
5.303234 -8.854733 1.339319 1
4.952709 -8.836563 1.337218 1
4.691758 -8.805237 1.335472 1
4.360761 -8.828417 1.336948 1
4.025658 -8.790791 1.336560 1
3.673131 -8.353225 1.318541 1
3.365669 -8.327627 1.320337 1
3.059942 -8.334731 1.324522 1
2.753858 -8.328577 1.328963 1
2.446108 -8.326538 1.334498 1
2.135098 -8.328405 1.341157 1
2.297489 -2.965865 1.096679 1
2.145949 -3.056067 1.106825 1
1.111773 -4.003355 1.191753 1
1.246869 -3.372141 1.163888 1
1.253793 -3.220495 1.158947 1
1.200933 -3.054539 1.157434 1
1.063171 -3.017091 1.164970 1
0.669067 -2.966124 1.189385 1
19.830505 -8.946616 1.667037 1
18.412682 -9.065251 1.611976 1
10.287947 -5.144706 1.275563 1
9.934874 -5.323537 1.264140 1
13.963346 -8.563548 1.442990 1
12.893415 -8.433119 1.404724 1
13.610421 -10.460796 1.459720 1
10.699776 -8.404541 1.335704 1
10.315846 -8.478051 1.326401 1
9.724922 -8.454323 1.310216 1
9.210676 -8.471948 1.297915 1
8.706345 -8.459573 1.286100 1
8.229886 -8.442398 1.275705 1
7.804043 -8.462973 1.268228 1
7.371037 -8.435428 1.260157 1
6.977168 -8.441983 1.254557 1
6.758646 -8.801851 1.262909 1
6.400364 -8.867680 1.261292 1
6.023035 -8.861594 1.258029 1
5.653480 -8.843288 1.255255 1
5.303522 -8.857991 1.254520 1
4.954053 -8.845646 1.253668 1
4.694884 -8.825773 1.253188 1
4.360486 -8.831832 1.254385 1
4.024000 -8.782547 1.254400 1
3.672803 -8.362178 1.241863 1
3.364616 -8.319101 1.243417 1
3.058881 -8.337830 1.247935 1
2.751418 -8.349177 1.252947 1
2.442097 -8.352881 1.258453 1
2.129026 -8.360423 1.264912 1
1.817383 -8.336820 1.270976 1
1.499035 -8.328089 1.278475 1
1.164760 -8.355379 1.288401 1
0.841662 -8.317328 1.296542 1
2.050896 -4.195410 1.121753 1
1.165082 -4.200154 1.156065 1
-8.199413 -8.228473 1.746671 1
-11.427902 -8.433325 1.950117 1
-11.778246 -4.991449 1.975715 1
10.827711 -3.189269 1.211949 1
10.552313 -3.789982 1.199168 1
19.821369 -8.939301 1.474068 1
18.480877 -9.098747 1.434041 1
10.321084 -5.162885 1.191018 1
9.932648 -5.320997 1.180712 1
13.967526 -8.564762 1.305749 1
12.897160 -8.434494 1.277323 1
13.579692 -10.431354 1.311799 1
10.706686 -8.410385 1.225979 1
10.310390 -8.471412 1.218529 1
9.723362 -8.451800 1.206830 1
9.209078 -8.469366 1.197844 1
8.715092 -8.471046 1.189749 1
8.234745 -8.449352 1.182237 1
7.802408 -8.460196 1.176724 1
7.375073 -8.442754 1.171456 1
6.980808 -8.449495 1.167728 1
6.757073 -8.798904 1.173396 1
6.401001 -8.870089 1.172752 1
6.023491 -8.864050 1.170947 1
5.655463 -8.851323 1.169708 1
5.305114 -8.866217 1.169834 1
4.951456 -8.836690 1.169546 1
4.692519 -8.816772 1.169806 1
4.357593 -8.816925 1.171360 1
4.023425 -8.785074 1.172744 1
3.672093 -8.364589 1.164889 1
3.363743 -8.321459 1.167014 1
3.057987 -8.334359 1.171169 1
2.752183 -8.322248 1.175279 1
2.443278 -8.331849 1.180604 1
2.128361 -8.356881 1.187039 1
1.816782 -8.333335 1.192785 1
1.498492 -8.324657 1.199664 1
1.173865 -8.318174 1.207365 1
0.839416 -8.319439 1.216128 1
2.029284 -4.250847 1.088117 1
2.306092 -2.946165 1.050644 1
2.157980 -3.031732 1.057436 1
2.043197 -2.990656 1.060741 1
1.121982 -3.986171 1.114128 1
0.602139 -4.061490 1.136932 1
1.219975 -3.209213 1.098034 1
1.252050 -3.043637 1.094463 1
1.124593 -2.959059 1.099393 1
0.702674 -2.938766 1.119731 1
-8.246765 -8.254162 1.607213 1
-10.262671 -8.566084 1.714688 1
-11.489964 -8.459919 1.780813 1
-11.799446 -4.993058 1.813601 1
10.638651 -3.133883 1.125579 1
10.376151 -3.385911 1.116977 1
10.368353 -3.719055 1.113827 1
10.350305 -4.057884 1.110894 1
19.810444 -8.931136 1.281417 1
18.485401 -9.098491 1.253469 1
10.313034 -5.156976 1.104994 1
9.895147 -5.295806 1.096772 1
13.989751 -8.578661 1.168813 1
12.927709 -8.456440 1.150383 1
10.712823 -8.415463 1.116106 1
10.233858 -8.545970 1.110428 1
9.728787 -8.457283 1.103690 1
9.228745 -8.493323 1.098309 1
8.723213 -8.481665 1.093129 1
8.252110 -8.474915 1.088911 1
7.821630 -8.491449 1.085820 1
7.372944 -8.439003 1.082469 1
6.986624 -8.461330 1.080825 1
6.757532 -8.800452 1.084057 1
6.401332 -8.871737 1.084192 1
6.015817 -8.843566 1.083550 1
5.650285 -8.836108 1.083718 1
5.303479 -8.862160 1.084851 1
4.947420 -8.821134 1.085571 1
4.693196 -8.824142 1.086888 1
4.357893 -8.824363 1.089012 1
4.023922 -8.798299 1.091235 1
3.670311 -8.348537 1.087633 1
3.362856 -8.322996 1.090591 1
3.056967 -8.335872 1.094596 1
2.751028 -8.323812 1.098686 1
2.442628 -8.327540 1.103526 1
2.128695 -8.346787 1.109166 1
1.819698 -8.311888 1.114377 1
1.495437 -8.331720 1.121173 1
1.167197 -8.336528 1.128316 1
0.833724 -8.331994 1.135934 1
2.116831 -4.327205 1.050843 1
2.409004 -2.988796 1.025917 1
2.282498 -2.993379 1.029454 1
2.168400 -3.011460 1.032977 1
2.209953 -2.799451 1.029435 1
2.156394 -2.723687 1.030352 1
0.566108 -4.101377 1.096284 1
0.509192 -3.913193 1.097265 1
1.088961 -2.990571 1.070803 1
0.579367 -3.211108 1.091818 1
0.650008 -2.977376 1.088570 1
-8.248393 -8.251073 1.464833 1
-10.255071 -8.557300 1.552038 1
-11.446113 -8.433071 1.605752 1
2.176311 -4.261412 1.012819 1
2.422184 -2.956735 1.003165 1
2.281945 -2.993448 1.006510 1
2.220543 -2.914262 1.007833 1
2.235806 -2.754244 1.007187 1
2.180991 -2.684472 1.008527 1
0.709600 -2.931530 1.052797 1
0.328151 -2.988215 1.065279 1
10.528105 -3.099547 0.964774 1
10.266901 -3.347089 0.959955 1
9.724023 -3.472969 0.956562 1
9.652027 -3.757500 0.952038 1
9.609554 -4.060326 0.947496 1
18.489315 -9.095258 0.892251 1
10.304680 -5.149692 0.933585 1
9.852430 -5.266185 0.931559 1
13.977902 -8.566881 0.893839 1
12.915991 -8.444442 0.894860 1
12.481244 -8.746211 0.891432 1
13.142782 -10.029477 0.877241 1
10.722473 -8.423020 0.895958 1
10.239035 -8.549822 0.895342 1
9.729847 -8.457026 0.897111 1
9.218630 -8.479523 0.898019 1
8.713478 -8.467546 0.899482 1
8.236221 -8.450724 0.901159 1
7.806599 -8.466713 0.902650 1
7.373031 -8.439309 0.904735 1
6.983906 -8.456484 0.906518 1
6.754825 -8.795524 0.905405 1
6.407415 -8.888511 0.906896 1
6.023020 -8.866227 0.909616 1
5.654673 -8.853557 0.912392 1
5.299539 -8.851480 0.915228 1
4.950062 -8.839095 0.918302 1
4.691948 -8.824875 0.920746 1
4.358124 -8.836685 0.923922 1
4.022334 -8.799009 0.927613 1
3.668999 -8.355149 0.933952 1
3.361323 -8.341168 0.937622 1
3.054836 -8.342394 0.941397 1
2.748888 -8.324420 0.945471 1
2.439667 -8.334033 0.949639 1
2.125301 -8.353279 0.954029 1
1.814779 -8.323970 0.958840 1
1.491200 -8.338013 0.963807 1
1.164133 -8.337066 0.969125 1
3.019834 -1.661404 0.978891 1
-10.312325 -8.580133 1.229104 1
-11.484330 -8.442889 1.261646 1
-11.836813 -4.990944 1.324987 1
22.111633 -3.908594 0.786626 1
12.309168 -2.801605 0.878645 1
10.246375 -3.017951 0.889101 1
9.671914 -3.149118 0.890691 1
9.548546 -3.405501 0.886614 1
9.517178 -3.698850 0.881207 1
9.524731 -4.018756 0.875066 1
9.707401 -4.445036 0.865659 1
10.263986 -5.124723 0.848724 1
9.861996 -5.271229 0.849155 1
13.991716 -8.574861 0.756188 1
12.924740 -8.449650 0.767026 1
12.821656 -9.735976 0.744962 1
10.726168 -8.425680 0.785706 1
10.234488 -8.544072 0.787879 1
9.725445 -8.451243 0.793939 1
9.214363 -8.473611 0.798102 1
8.709404 -8.461567 0.802887 1
8.242129 -8.459239 0.807246 1
7.809033 -8.470575 0.811139 1
7.378072 -8.448437 0.815651 1
6.980599 -8.450191 0.819520 1
6.756504 -8.799774 0.816012 1
6.406668 -8.887478 0.818147 1
6.018322 -8.854136 0.822730 1
5.655579 -8.858098 0.826516 1
5.303183 -8.867528 0.830177 1
3.618505 -2.580179 0.949869 1
4.950453 -8.843820 0.834451 1
4.610337 -8.844449 0.838267 1
4.023162 -8.815608 0.845507 1
3.668432 -8.360028 0.856977 1
3.360396 -8.340317 0.861008 1
3.054029 -8.335724 0.864844 1
2.748293 -8.317749 0.868954 1
2.438000 -8.338957 0.872563 1
2.122483 -8.363836 0.876249 1
1.812561 -8.328760 0.880889 1
2.648452 -3.630481 0.945142 1
1.484583 -8.359898 0.884775 1
2.611251 -3.441403 0.948687 1
2.508814 -2.973748 0.957671 1
2.428264 -2.940283 0.959362 1
2.283677 -2.987792 0.960670 1
2.172464 -3.000866 0.962084 1
2.237910 -2.748875 0.965300 1
1.289848 -3.001438 0.975678 1
1.151423 -2.930748 0.979138 1
1.007474 -2.896646 0.982076 1
0.764145 -2.888540 0.986203 1
0.457457 -2.899114 0.991080 1
-10.310608 -8.574627 1.066580 1
-11.477514 -8.434737 1.088906 1
-11.823405 -4.983439 1.161505 1
22.120701 -3.906121 0.586570 1
11.166003 -2.923544 0.799024 1
10.138435 -2.985898 0.815426 1
9.676596 -3.149451 0.819685 1
9.509283 -3.389514 0.817060 1
9.489352 -3.685854 0.810547 1
9.513250 -4.012169 0.802526 1
9.649591 -4.413328 0.790777 1
10.262941 -5.122921 0.763616 1
9.846199 -5.259999 0.767308 1
13.999583 -8.578658 0.618354 1
12.932418 -8.454035 0.638969 1
12.851939 -9.053234 0.625633 1
10.741386 -8.439735 0.674849 1
10.257069 -8.567502 0.679366 1
9.720251 -8.444557 0.690912 1
9.209469 -8.466916 0.698327 1
8.718587 -8.473629 0.705741 1
8.237703 -8.452378 0.713627 1
7.804812 -8.463582 0.719873 1
7.385480 -8.461819 0.726167 1
6.982152 -8.453554 0.732314 1
6.762639 -8.813892 0.726166 1
6.403364 -8.880087 0.729589 1
6.019197 -8.857773 0.735592 1
5.652798 -8.850662 0.740873 1
5.302124 -8.865663 0.745282 1
4.946912 -8.830513 0.750995 1
4.610313 -8.848388 0.754991 1
4.352909 -8.810774 0.759349 1
4.022144 -8.813737 0.763534 1
3.667155 -8.352602 0.780206 1
3.359731 -8.356194 0.783939 1
3.051712 -8.386606 0.786904 1
2.743776 -8.368556 0.791080 1
2.432563 -8.377987 0.794502 1
2.119764 -8.373726 0.798235 1
2.766297 -3.606393 0.916453 1
1.803727 -8.367249 0.801995 1
2.738792 -3.345506 0.923626 1
2.678872 -3.277813 0.926067 1
2.581784 -3.263057 0.927510 1
2.524648 -3.128187 0.931649 1
2.516788 -2.951482 0.936344 1
2.412064 -2.977164 0.936755 1
2.288548 -2.976795 0.938009 1
2.155551 -3.030978 0.937921 1
2.211337 -2.793457 0.943494 1
2.098763 -2.769583 0.945175 1
1.868756 -2.898148 0.944032 1
1.733178 -2.871753 0.945927 1
1.584674 -2.888207 0.946828 1
1.433231 -2.855588 0.948957 1
1.252463 -2.876359 0.949977 1
1.034028 -2.873486 0.951867 1
0.796538 -2.863233 0.954054 1
0.520198 -2.855921 0.956439 1
-10.343210 -8.588225 0.903971 1
-11.484822 -8.433695 0.916332 1
2.525467 -1.305574 0.977834 1
21.983147 -3.881293 0.390853 1
12.920363 -2.917525 0.665339 1
11.112890 -2.909268 0.715466 1
10.102993 -2.974495 0.741565 1
9.569426 -3.112856 0.752555 1
9.535115 -3.398099 0.745947 1
9.493176 -3.686348 0.739279 1
9.506351 -4.007767 0.730042 1
9.647867 -4.411301 0.714923 1
10.225734 -5.100008 0.680048 1
9.849388 -5.260951 0.684977 1
14.015903 -8.588387 0.479869 1
12.948370 -8.464760 0.510256 1
12.620279 -8.858246 0.506104 1
11.817272 -8.819948 0.526672 1
10.739157 -8.436530 0.564458 1
10.254930 -8.564340 0.571544 1
9.674413 -8.549014 0.585239 1
9.229495 -8.491316 0.597075 1
8.723724 -8.480186 0.608492 1
8.265337 -8.493212 0.617814 1
7.803174 -8.460802 0.628523 1
7.386794 -8.464254 0.636812 1
6.985901 -8.461286 0.644782 1
6.756311 -8.800414 0.637156 1
6.408461 -8.893592 0.640247 1
6.019769 -8.860559 0.648359 1
5.658360 -8.870347 0.654222 1
5.299353 -8.857267 0.660646 1
4.950664 -8.850660 0.666443 1
4.611134 -8.857179 0.671395 1
4.355068 -8.831312 0.676115 1
4.025110 -8.851850 0.680029 1
3.666160 -8.350057 0.703366 1
3.358412 -8.330273 0.708047 1
3.051715 -8.349028 0.711091 1
2.744882 -8.336944 0.715072 1
2.919403 -3.967728 0.874132 1
2.911798 -3.551066 0.889537 1
2.868275 -3.321771 0.898393 1
2.803045 -3.156174 0.905073 1
2.752597 -3.073440 0.908540 1
2.680012 -3.006181 0.911588 1
2.604995 -2.958211 0.913898 1
2.522766 -2.934523 0.915327 1
2.411903 -2.976432 0.914538 1
2.338969 -2.922939 0.916859 1
2.224886 -2.902335 0.918169 1
2.165829 -2.826802 0.921064 1
1.996001 -2.882370 0.919801 1
1.892774 -2.864552 0.920740 1
1.747811 -2.852983 0.921510 1
1.604024 -2.865591 0.921387 1
1.457763 -2.829909 0.922771 1
1.269503 -2.859607 0.922000 1
1.047380 -2.861380 0.922048 1
0.833832 -2.834275 0.922874 1
0.563467 -2.866877 0.921749 1
-10.410146 -8.620901 0.740013 1
-4.877439 -5.214842 0.846237 1
11.055320 -2.892409 0.548937 1
10.035515 -2.952695 0.595818 1
9.597566 -3.119743 0.611215 1
9.551826 -3.402064 0.603920 1
9.509485 -3.691018 0.595806 1
9.506430 -4.005574 0.584531 1
9.559830 -4.362540 0.568676 1
10.224858 -5.097121 0.510509 1
9.843710 -5.255120 0.520739 1
13.992230 -8.568304 0.205402 1
12.953801 -8.465901 0.253264 1
12.244060 -8.541217 0.278984 1
11.476556 -8.507789 0.311151 1
10.694970 -8.390841 0.346989 1
10.228553 -8.534252 0.357811 1
9.664518 -8.536019 0.378422 1
9.201808 -8.455598 0.398906 1
8.704446 -8.453083 0.416252 1
8.240688 -8.455991 0.431585 1
7.801464 -8.457798 0.445592 1
7.376565 -8.446033 0.459299 1
6.976429 -8.443011 0.471245 1
6.730535 -8.744396 0.461776 1
6.415403 -8.912521 0.460943 1
6.023879 -8.874514 0.472939 1
5.658341 -8.873500 0.481695 1
5.303532 -8.877552 0.489388 1
4.952641 -8.865637 0.497379 1
4.611342 -8.866570 0.503925 1
4.352426 -8.823478 0.511064 1
4.022656 -8.844008 0.515381 1
3.665710 -8.371865 0.548073 1
3.356740 -8.340517 0.554093 1
3.049473 -8.359244 0.556720 1
2.743282 -8.329566 0.561664 1
3.021155 -3.518278 0.837044 1
2.430903 -8.362341 0.562584 1
2.969412 -3.291816 0.850545 1
2.895235 -3.153067 0.859054 1
2.847521 -3.044459 0.865553 1
2.772717 -2.986687 0.869182 1
2.694149 -2.953909 0.871272 1
2.617617 -2.917653 0.873425 1
2.526779 -2.921633 0.873204 1
2.446062 -2.894291 0.874599 1
2.348921 -2.900050 0.874009 1
2.227674 -2.895252 0.873734 1
2.144953 -2.859790 0.875126 1
1.999405 -2.875465 0.873231 1
1.910195 -2.839067 0.874306 1
1.778203 -2.852836 0.872284 1
1.611981 -2.854870 0.870284 1
1.470411 -2.815362 0.870358 1
1.286968 -2.841565 0.866549 1
1.074759 -2.836641 0.863534 1
0.829674 -2.835474 0.859542 1
0.593009 -2.844590 0.855004 1
-10.401611 -8.606997 0.413135 1
-4.870122 -5.205808 0.655131 1
-6.265016 -5.430895 0.617879 1
21.857777 -3.057212 -0.176134 1
12.970022 -2.921384 0.351814 1
11.079198 -2.896576 0.463015 1
9.986551 -2.937493 0.524967 1
9.543924 -3.100863 0.544646 1
9.477089 -3.372738 0.538398 1
9.419785 -3.651719 0.530789 1
9.428902 -3.967566 0.517457 1
9.519871 -4.340325 0.496697 1
10.281237 -5.128813 0.421125 1
9.839767 -5.251498 0.438694 1
10.748436 -8.442701 0.231533 1
10.144519 -8.443042 0.258776 1
9.648991 -8.517145 0.276244 1
9.205184 -8.459219 0.298387 1
8.711182 -8.461813 0.318502 1
8.247107 -8.465261 0.336595 1
7.801335 -8.457479 0.353916 1
7.379334 -8.451080 0.369548 1
6.973699 -8.437861 0.384324 1
6.737503 -8.760360 0.371443 1
6.408542 -8.896281 0.372792 1
6.023520 -8.874678 0.385357 1
5.656191 -8.868119 0.395746 1
5.301571 -8.872253 0.404412 1
4.950845 -8.860349 0.413382 1
4.608721 -8.855631 0.421010 1
4.351735 -8.824000 0.428208 1
4.021295 -8.838741 0.433135 1
3.664906 -8.372738 0.470644 1
3.355750 -8.335659 0.477508 1
3.048304 -8.365980 0.479131 1
3.095087 -3.596222 0.804752 1
2.740559 -8.353808 0.483054 1
3.040206 -3.302293 0.825306 1
2.984690 -3.163389 0.835179 1
2.931550 -3.063330 0.842291 1
2.857527 -2.991863 0.847438 1
2.775379 -2.974114 0.848814 1
2.697335 -2.941411 0.851023 1
2.615804 -2.921903 0.852185 1
2.533026 -2.904008 0.853072 1
2.450703 -2.882376 0.854038 1
2.351563 -2.893503 0.852613 1
2.247267 -2.858274 0.853885 1
2.145155 -2.858519 0.852734 1
2.006148 -2.864531 0.850556 1
1.913907 -2.833131 0.851062 1
1.752048 -2.845134 0.847661 1
1.635660 -2.827452 0.846530 1
1.466758 -2.818160 0.843661 1
1.295993 -2.832284 0.839204 1
1.093181 -2.820339 0.835137 1
0.862976 -2.809564 0.829989 1
0.622572 -2.823320 0.823055 1
0.193731 -2.890498 0.808191 1
-4.867789 -5.201976 0.559580 1
-6.193202 -5.394696 0.511593 1
12.980576 -2.921484 0.246818 1
11.090908 -2.897827 0.377402 1
9.948212 -2.925321 0.454261 1
9.545105 -3.100057 0.474789 1
9.478187 -3.371993 0.468251 1
9.404740 -3.644197 0.461459 1
9.456175 -3.979434 0.443052 1
9.551634 -4.356005 0.419207 1
10.301487 -5.139419 0.333562 1
9.830152 -5.244240 0.357174 1
7.748859 -8.371771 0.270344 1
7.367425 -8.429766 0.282022 1
6.967936 -8.426686 0.297947 1
6.746462 -8.780740 0.280211 1
6.401355 -8.879230 0.284949 1
6.022864 -8.874001 0.297717 1
5.664072 -8.895372 0.307004 1
5.299396 -8.866132 0.319495 1
4.951342 -8.865596 0.328503 1
4.605915 -8.843628 0.338295 1
4.271354 -8.852248 0.344650 1
4.020429 -8.838458 0.350479 1
3.663726 -8.367042 0.393609 1
3.355097 -8.353286 0.399135 1
3.047625 -8.354430 0.402726 1
3.132085 -3.380791 0.794279 1
2.739892 -8.348125 0.406163 1
3.073563 -3.180961 0.810537 1
3.017887 -3.066254 0.819943 1
2.935871 -3.033073 0.822934 1
2.861981 -2.967518 0.828226 1
2.778103 -2.961299 0.828706 1
2.703748 -2.917645 0.831893 1
2.619554 -2.909384 0.832127 1
2.541350 -2.880922 0.833732 1
2.462293 -2.854232 0.834995 1
2.361808 -2.871071 0.832597 1
2.250306 -2.851736 0.832447 1
2.151436 -2.847120 0.831161 1
2.032235 -2.866232 0.827628 1
-4.864688 -5.197748 0.464065 1
-6.168287 -5.380238 0.404024 1
15.687038 -2.378247 -0.056584 1
12.961442 -2.915799 0.143993 1
11.078945 -2.893424 0.293483 1
9.948485 -2.924100 0.380841 1
9.567770 -3.106321 0.402844 1
9.473217 -3.368961 0.398541 1
9.426605 -3.652365 0.388844 1
9.451170 -3.975944 0.371065 1
9.572275 -4.365800 0.341967 1
10.215139 -5.087882 0.256426 1
9.878734 -5.274262 0.269547 1
10.064070 -5.807889 0.225129 1
9.947056 -6.158371 0.211408 1
9.494072 -6.241557 0.235803 1
7.807777 -7.231990 0.265267 1
7.321251 -7.674153 0.255333 1
7.102680 -7.954297 0.243089 1
6.883138 -8.258368 0.228000 1
6.579906 -8.412327 0.227886 1
6.243827 -8.488029 0.234659 1
5.645988 -8.838146 0.225660 1
5.181756 -8.419191 0.276454 1
4.850036 -8.402890 0.287245 1
4.567028 -8.624214 0.274915 1
4.286179 -8.372219 0.303705 1
3.980947 -8.448668 0.303153 1
3.663164 -8.372199 0.315585 1
3.354251 -8.358365 0.321389 1
3.202049 -3.616951 0.747571 1
3.046179 -8.371289 0.323904 1
3.161126 -3.257859 0.780125 1
3.102803 -3.082272 0.796329 1
3.020978 -3.035672 0.800994 1
2.941999 -2.991155 0.805218 1
1.921810 -2.820621 0.804984 1
1.753219 -2.841921 0.798399 1
1.633053 -2.828597 0.795521 1
1.488665 -2.794312 0.792979 1
1.301866 -2.825027 0.784008 1
1.108402 -2.805804 0.777753 1
0.878960 -2.795704 0.768940 1
0.648902 -2.803308 0.758552 1
0.300909 -2.822892 0.741767 1
2.865387 -2.946806 0.788491 1
2.785051 -2.929509 0.789827 1
2.702423 -2.919621 0.790152 1
2.619934 -2.905812 0.790586 1
2.541824 -2.877439 0.792199 1
2.458319 -2.861423 0.792279 1
2.357499 -2.878054 0.788699 1
2.248383 -2.853353 0.788392 1
2.152405 -2.843647 0.786692 1
2.039728 -2.853023 0.782531 1
1.925916 -2.814164 0.782146 1
1.787626 -2.837528 0.775254 1
1.645470 -2.813822 0.771697 1
1.493696 -2.788366 0.767374 1
1.311397 -2.815295 0.757250 1
1.122957 -2.792760 0.750077 1
0.894279 -2.783301 0.739428 1
0.669533 -2.788204 0.727482 1
0.347345 -2.793511 0.709812 1
-4.845200 -5.182462 0.274129 1
-6.125892 -5.354793 0.189665 1
-10.279090 -4.549155 -0.029539 1
11.171574 -2.912378 0.113243 1
9.952399 -2.922605 0.233219 1
9.594246 -3.112619 0.259209 1
9.679045 -3.444021 0.234104 1
9.516409 -3.688238 0.236277 1
9.607307 -4.047903 0.206892 1
10.584288 -4.897566 0.064669 1
10.085806 -5.010148 0.102471 1
9.762794 -5.197821 0.118328 1
9.531193 -5.432092 0.121716 1
9.314624 -5.672064 0.122197 1
9.075047 -5.890010 0.125057 1
8.867744 -6.025570 0.130846 1
8.528109 -6.136435 0.148177 1
8.248907 -6.290562 0.156110 1
8.004293 -6.474014 0.157816 1
7.752786 -6.645835 0.159905 1
7.543266 -6.871472 0.153092 1
7.280231 -7.026209 0.155249 1
7.078362 -7.277772 0.143213 1
6.833941 -7.471709 0.138156 1
6.548310 -7.593158 0.141446 1
6.256392 -7.696618 0.145728 1
5.632936 -7.775289 0.166006 1
5.102216 -7.827232 0.181195 1
4.800844 -7.836947 0.190417 1
4.518794 -7.924612 0.189460 1
4.219789 -7.913329 0.198692 1
3.922260 -7.871561 0.210140 1
3.631930 -7.851458 0.217963 1
3.343488 -7.749684 0.233707 1
3.229586 -3.455243 0.710308 1
3.061778 -7.727776 0.239460 1
3.162441 -3.206836 0.738488 1
3.102904 -3.072209 0.753819 1
3.022114 -3.019922 0.759936 1
2.947274 -2.952777 0.767359 1
2.866588 -2.939009 0.768614 1
2.783828 -2.933084 0.768697 1
2.705805 -2.906487 0.770749 1
2.616553 -2.914764 0.768615 1
2.542178 -2.875388 0.771462 1
2.463284 -2.848789 0.772570 1
2.350472 -2.891703 0.765398 1
2.273584 -2.851475 0.767319 1
2.164955 -2.821837 0.766821 1
2.043635 -2.846181 0.760188 1
1.936988 -2.798266 0.760589 1
1.788521 -2.835522 0.750903 1
1.658036 -2.798892 0.748254 1
1.490631 -2.790572 0.740786 1
1.329707 -2.797447 0.731863 1
1.124303 -2.790725 0.721157 1
0.895751 -2.781261 0.708686 1
0.685552 -2.776271 0.696384 1
0.408863 -2.754961 0.680541 1
-4.881046 -5.198237 0.174811 1
-6.140429 -5.358586 0.079588 1
-6.144652 -4.777950 0.112181 1
-6.911767 -4.599298 0.066954 1
12.303825 -2.782335 -0.092186 1
10.101509 -2.963455 0.141132 1
9.763845 -3.167138 0.167258 1
9.617367 -3.419638 0.169089 1
10.455978 -4.449832 0.019267 1
10.401058 -4.799626 0.001712 1
9.771529 -4.825943 0.062651 1
9.417480 -4.975709 0.086206 1
9.157481 -5.169130 0.096102 1
8.966058 -5.404293 0.094976 1
8.353088 -5.567119 0.135957 1
7.906678 -5.929843 0.140580 1
7.673650 -6.094945 0.143419 1
7.452844 -6.271413 0.143018 1
7.255776 -6.480108 0.136451 1
7.022350 -6.642476 0.136015 1
6.815431 -6.848808 0.127993 1
6.558075 -6.976242 0.130438 1
6.293495 -7.086724 0.133966 1
6.008651 -7.148184 0.142886 1
5.708698 -7.158237 0.157213 1
5.508782 -7.217680 0.160025 1
5.254200 -7.330591 0.158321 1
4.955652 -7.292060 0.174992 1
4.702692 -7.409463 0.170382 1
4.425941 -7.424783 0.177573 1
4.156079 -7.467637 0.180113 1
3.881276 -7.464287 0.187197 1
3.608678 -7.454522 0.193868 1
3.336782 -7.346484 0.211301 1
3.229774 -3.377011 0.693997 1
3.072418 -7.307308 0.219161 1
3.162239 -3.204208 0.715636 1
3.080865 -3.073910 0.731946 1
3.024007 -3.000223 0.741011 1
2.945544 -2.961893 0.745565 1
2.888908 -2.929197 0.749234 1
2.785400 -2.925092 0.748841 1
2.704493 -2.909740 0.749592 1
2.622380 -2.896033 0.749786 1
2.546690 -2.862397 0.752073 1
2.466013 -2.841383 0.752449 1
2.363537 -2.863430 0.747014 1
2.279655 -2.839098 0.746964 1
-4.335363 -4.915522 0.138937 1
-4.630197 -4.658800 0.132831 1
-5.552526 -4.538674 0.066930 1
-6.745340 -4.074580 -0.005452 1
11.419378 -1.561643 -0.038694 1
11.151426 -1.878263 -0.015698 1
11.297197 -2.237503 -0.046273 1
10.284307 -4.367028 -0.040700 1
10.017132 -4.595921 -0.027229 1
9.677984 -4.770355 -0.003344 1
9.145624 -4.800716 0.051052 1
8.741179 -4.876441 0.086909 1
8.387255 -4.960428 0.115555 1
8.194366 -5.066234 0.125144 1
7.990808 -5.244287 0.128207 1
7.835097 -5.464682 0.121466 1
7.636755 -5.645281 0.121309 1
7.438750 -5.825547 0.119914 1
7.222192 -5.983436 0.121198 1
6.972005 -6.093846 0.129099 1
6.745309 -6.230279 0.131067 1
6.486058 -6.311483 0.140475 1
6.291043 -6.496631 0.132139 1
6.038961 -6.580813 0.138277 1
5.853874 -6.647405 0.141421 1
5.598417 -6.710917 0.148145 1
5.336125 -6.746169 0.157536 1
5.103173 -6.857739 0.154700 1
4.845986 -6.891827 0.161608 1
4.584045 -6.891886 0.171886 1
4.342766 -6.976947 0.169242 1
4.093344 -7.028222 0.170081 1
3.833565 -6.987983 0.182005 1
3.578335 -6.930362 0.194941 1
3.311450 -3.694210 0.626033 1
3.329681 -6.908798 0.201849 1
3.229944 -3.304493 0.678533 1
3.162708 -3.183974 0.695097 1
3.105076 -3.032475 0.715431 1
3.023983 -2.997686 0.720203 1
2.947397 -2.947840 0.726564 1
2.889036 -2.926735 0.728955 1
2.786991 -2.917030 0.729116 1
2.160665 -2.827122 0.721548 1
2.048639 -2.836767 0.715231 1
1.925315 -2.812314 0.711700 1
1.794478 -2.826334 0.702972 1
1.652916 -2.802854 0.697087 1
1.489424 -2.790021 0.688027 1
1.328558 -2.796714 0.676576 1
1.114447 -2.797092 0.661416 1
0.904362 -2.772949 0.647967 1
0.709077 -2.758253 0.634100 1
0.413649 -2.750033 0.611018 1
10.523504 -1.808952 -0.014629 1
10.540437 -2.122034 -0.028461 1
10.520574 -2.433441 -0.038934 1
10.504364 -2.749175 -0.051661 1
10.245514 -3.001431 -0.031215 1
10.204139 -3.309153 -0.043406 1
10.040365 -3.576040 -0.039126 1
9.630434 -4.055436 -0.021298 1
9.371934 -4.254626 -0.005177 1
9.273382 -4.533749 -0.015906 1
9.074003 -4.753905 -0.011449 1
8.633820 -4.800330 0.034185 1
8.226295 -4.754167 0.083486 1
7.922620 -4.843631 0.107633 1
7.754641 -5.033660 0.106193 1
7.591201 -5.228179 0.102539 1
7.410901 -5.407142 0.100914 1
7.219295 -5.573880 0.100419 1
7.017098 -5.727363 0.101101 1
6.791550 -5.848133 0.106352 1
6.555924 -5.948461 0.113606 1
6.308688 -6.022101 0.123778 1
6.055421 -6.073433 0.135938 1
5.869683 -6.110572 0.144116 1
5.662131 -6.234498 0.141614 1
5.419724 -6.279700 0.150441 1
5.201509 -6.378617 0.149461 1
4.964720 -6.424184 0.155484 1
4.730416 -6.469743 0.160174 1
4.504308 -6.544486 0.159255 1
4.257667 -6.518243 0.172036 1
4.029147 -6.577848 0.170923 1
3.792848 -6.581581 0.176745 1
3.614714 -6.553861 0.184685 1
3.307016 -3.528686 0.621201 1
3.230015 -3.249218 0.662090 1
3.162087 -3.192354 0.670858 1
2.729575 -2.893424 0.710612 1
2.626915 -2.879994 0.710117 1
2.541591 -2.873570 0.708581 1
2.467254 -2.836405 0.711102 1
2.369969 -2.848009 0.705913 1
2.278584 -2.839182 0.703199 1
2.161607 -2.824630 0.699517 1
2.049711 -2.834228 0.692493 1
1.933359 -2.800534 0.689940 1
1.803067 -2.814780 0.680253 1
1.654341 -2.800380 0.672082 1
1.478764 -2.799848 0.659729 1
1.317576 -2.805961 0.647037 1
1.120861 -2.790837 0.633105 1
0.897243 -2.777323 0.615922 1
0.711476 -2.755651 0.601922 1
0.188258 -2.886267 0.543814 1
-4.092839 -4.786251 -0.008679 1
-4.509058 -4.598051 -0.034810 1
-4.900685 -4.372705 -0.057674 1
-5.352291 -4.043127 -0.081888 1
3.106515 -3.003502 0.676860 1
3.026592 -2.968950 0.682182 1
2.947633 -2.942168 0.685866 1
2.866170 -2.934242 0.686216 1
2.810049 -2.904913 0.689775 1
2.733039 -2.879524 0.692034 1
2.623810 -2.888100 0.687942 1
2.544280 -2.865383 0.688723 1
2.465724 -2.838924 0.689623 1
2.373288 -2.840091 0.685573 1
2.254984 -2.836461 0.680443 1
2.153738 -2.836766 0.675027 1
2.050914 -2.831491 0.669783 1
1.938072 -2.793271 0.667623 1
1.789999 -2.830102 0.652919 1
1.652097 -2.801999 0.646300 1
1.480574 -2.797137 0.633494 1
1.323775 -2.799328 0.620328 1
1.114110 -2.795525 0.602582 1
0.899635 -2.774593 0.585218 1
0.704506 -2.759445 0.568219 1
0.136950 -2.916401 0.497877 1
-3.614408 -4.538765 -0.026105 1
-3.862171 -4.297735 -0.033296 1
-4.021348 -4.009127 -0.029146 1
-4.913567 -2.425430 -0.039596 1
9.851647 -1.733772 -0.064993 1
9.817186 -2.294588 -0.083697 1
9.812858 -2.582303 -0.097883 1
9.684492 -2.840508 -0.093405 1
9.617191 -3.114047 -0.100673 1
9.413538 -3.338390 -0.086208 1
9.228945 -3.560640 -0.076031 1
9.104462 -3.803689 -0.077733 1
8.990196 -4.051363 -0.082891 1
8.815308 -4.265199 -0.078302 1
8.637422 -4.472794 -0.074344 1
8.494124 -4.700737 -0.078585 1
8.224689 -4.751369 -0.049463 1
7.805108 -4.746294 0.003418 1
7.632571 -4.923862 0.004043 1
7.473728 -5.113400 0.000169 1
7.250546 -5.237435 0.010116 1
7.039455 -5.367159 0.016550 1
6.846009 -5.513355 0.017534 1
6.615905 -5.608718 0.027546 1
6.384012 -5.692468 0.037884 1
6.165873 -5.789018 0.043749 1
5.972947 -5.806417 0.057644 1
5.744392 -5.868110 0.066983 1
5.532427 -5.955564 0.069838 1
5.297428 -5.985171 0.081723 1
5.073744 -6.030424 0.089100 1
4.860398 -6.098629 0.090932 1
4.629146 -6.101213 0.102751 1
4.417205 -6.166388 0.102321 1
4.196939 -6.193916 0.106976 1
4.027321 -6.180376 0.115296 1
3.811743 -6.224644 0.114759 1
3.589594 -6.196170 0.124966 1
3.304215 -3.440039 0.582085 1
3.229355 -3.259305 0.612760 1
3.163077 -3.150936 0.631147 1
3.106054 -3.005918 0.655177 1
3.026645 -2.965756 0.661710 1
2.951313 -2.916385 0.669268 1
2.896012 -2.884220 0.673841 1
2.818160 -2.868353 0.675099 1
2.738077 -2.859938 0.674642 1
2.624378 -2.885181 0.667363 1
2.542942 -2.867773 0.667195 1
2.468769 -2.830790 0.669840 1
2.371675 -2.842444 0.663569 1
-2.940392 -4.191463 -0.001307 1
-3.179318 -3.981270 -0.011304 1
-3.598432 -3.504185 -0.025201 1
-3.787969 -3.164056 -0.025797 1
-3.988358 -2.264797 -0.002144 1
9.306789 -1.417669 -0.035462 1
9.273268 -2.188278 -0.061724 1
9.223242 -2.441296 -0.067241 1
9.201348 -2.703118 -0.079466 1
9.101794 -2.943945 -0.079609 1
8.820325 -3.386453 -0.069104 1
8.656496 -3.590267 -0.061360 1
8.536258 -3.811300 -0.063322 1
8.362021 -4.000634 -0.055953 1
8.253962 -4.226767 -0.063414 1
8.130747 -4.445473 -0.069563 1
7.980561 -4.567923 -0.062704 1
7.792626 -4.735405 -0.057100 1
7.568846 -4.866596 -0.044075 1
7.325386 -4.969411 -0.026613 1
7.080547 -5.058159 -0.008714 1
6.869596 -5.172359 0.000296 1
6.688066 -5.316144 0.000422 1
6.466451 -5.405229 0.011130 1
6.220721 -5.449498 0.029361 1
6.066360 -5.519890 0.033613 1
5.867967 -5.622430 0.036015 1
5.636660 -5.659498 0.050029 1
5.416550 -5.706079 0.060201 1
5.200950 -5.752474 0.068658 1
4.989112 -5.799455 0.075366 1
4.771492 -5.820329 0.085397 1
4.562632 -5.858559 0.090638 1
4.401565 -5.864239 0.097808 1
4.200400 -5.925390 0.096389 1
3.989124 -5.931839 0.103456 1
3.780233 -5.940402 0.108729 1
3.571547 -5.933948 0.115270 1
3.328129 -3.406185 0.561561 1
3.363818 -5.895988 0.125958 1
3.228922 -3.278350 0.585365 1
3.164698 -3.101300 0.616889 1
3.106808 -2.991023 0.636386 1
3.028646 -2.945276 0.644248 1
2.972188 -2.910301 0.649925 1
2.895241 -2.886568 0.653062 1
2.821138 -2.854002 0.657252 1
2.740110 -2.851247 0.655687 1
2.257288 -2.830325 0.637250 1
2.162212 -2.820832 0.632658 1
2.044193 -2.839809 0.621622 1
1.930971 -2.801094 0.618799 1
1.800751 -2.814973 0.606262 1
1.648267 -2.804490 0.594495 1
1.488943 -2.786951 0.582066 1
1.324271 -2.797055 0.564674 1
1.106096 -2.800320 0.541875 1
0.891599 -2.778686 0.521272 1
0.558213 -2.816342 0.479599 1
0.352328 -2.783262 0.459033 1
8.801079 -1.150007 -0.004085 1
8.743649 -1.379982 -0.000609 1
8.848553 -1.623754 -0.027778 1
8.845802 -1.862517 -0.037471 1
8.775805 -2.091142 -0.036584 1
8.747114 -2.327385 -0.044899 1
8.685987 -2.556844 -0.048862 1
8.740910 -2.824635 -0.076775 1
8.518110 -3.000571 -0.052902 1
8.417774 -3.214983 -0.054055 1
8.261570 -3.402137 -0.045360 1
8.129220 -3.596085 -0.042732 1
8.004211 -3.791728 -0.043027 1
7.943995 -4.027832 -0.059132 1
7.753902 -4.180901 -0.048134 1
7.635404 -4.308982 -0.046008 1
7.489891 -4.487744 -0.047316 1
7.332783 -4.656256 -0.047308 1
7.139828 -4.789492 -0.039429 1
6.954372 -4.925004 -0.034408 1
6.734024 -5.016825 -0.020423 1
6.526671 -5.114663 -0.010415 1
6.323904 -5.211154 -0.002255 1
6.121887 -5.302382 0.005126 1
5.959966 -5.350296 0.013998 1
5.743152 -5.403677 0.026314 1
5.531707 -5.456263 0.036795 1
5.329923 -5.519625 0.043176 1
5.113421 -5.541365 0.056419 1
4.914483 -5.595809 0.061255 1
4.707234 -5.619371 0.070681 1
4.558554 -5.652512 0.073657 1
4.360219 -5.692798 0.077111 1
4.154145 -5.690279 0.087325 1
3.957915 -5.729105 0.088174 1
3.756913 -5.730903 0.094630 1
3.557395 -5.729490 0.100262 1
3.325682 -3.344345 0.547310 1
3.358930 -5.719918 0.106016 1
3.251956 -3.170961 0.580647 1
3.166777 -3.040217 0.605740 1
3.108387 -2.964475 0.619996 1
3.029393 -2.935954 0.625088 1
2.629454 -2.867551 0.628423 1
2.552753 -2.839794 0.630047 1
2.466145 -2.834791 0.626675 1
2.363911 -2.856563 0.617302 1
2.247525 -2.847196 0.611625 1
2.157663 -2.827437 0.608657 1
2.042587 -2.841308 0.597810 1
1.922407 -2.811767 0.592636 1
1.769297 -2.814326 0.578731 1
1.642703 -2.809792 0.567459 1
1.479059 -2.795968 0.553038 1
1.326827 -2.793786 0.537274 1
1.100057 -2.804394 0.510788 1
0.899366 -2.771946 0.491456 1
0.642741 -2.798627 0.457330 1
0.380877 -2.764879 0.428277 1
-2.387887 -3.904901 -0.049019 1
-2.557209 -3.691327 -0.051932 1
-2.681330 -3.453427 -0.048321 1
-2.883058 -3.241451 -0.059523 1
-2.995044 -2.990930 -0.056902 1
-3.170909 -2.683163 -0.061816 1
-3.204329 -2.406925 -0.050320 1
-3.215032 -2.128984 -0.037264 1
8.485553 -1.141726 -0.004956 1
8.428842 -1.358516 -0.000723 1
8.408829 -1.575655 -0.004966 1
8.436882 -1.800273 -0.020070 1
8.398088 -2.017266 -0.024031 1
8.316840 -2.224508 -0.021253 1
8.282606 -2.442275 -0.029324 1
8.172956 -2.637697 -0.023825 1
8.184958 -2.874810 -0.044844 1
8.058430 -3.061946 -0.038916 1
7.940274 -3.249026 -0.036048 1
7.829874 -3.437683 -0.036260 1
7.736638 -3.635388 -0.041878 1
7.586297 -3.798507 -0.035958 1
7.522054 -3.951406 -0.043860 1
7.396725 -4.129780 -0.046506 1
7.254574 -4.295160 -0.046542 1
7.109982 -4.457763 -0.047449 1
6.921486 -4.577941 -0.037812 1
6.780788 -4.742039 -0.042660 1
6.602341 -4.865771 -0.038077 1
6.383517 -4.935942 -0.021699 1
6.191833 -5.031345 -0.014173 1
6.040375 -5.088070 -0.006236 1
5.844532 -5.166308 0.001902 1
5.629865 -5.205128 0.017212 1
5.440070 -5.278820 0.022509 1
5.236124 -5.317682 0.033808 1
5.041401 -5.367708 0.040836 1
4.847827 -5.413942 0.047014 1
4.696368 -5.425392 0.055473 1
4.508557 -5.477479 0.057633 1
4.313588 -5.499123 0.064577 1
4.120056 -5.517416 0.070665 1
3.930230 -5.549383 0.072524 1
3.735537 -5.538889 0.081422 1
3.544446 -5.542471 0.086050 1
3.323846 -3.299711 0.530912 1
3.353121 -5.503978 0.097540 1
3.251535 -3.126646 0.566063 1
2.975896 -2.880394 0.614545 1
2.899080 -2.862648 0.616759 1
2.823362 -2.841426 0.619092 1
2.741300 -2.844277 0.616055 1
2.651341 -2.864900 0.608786 1
2.553669 -2.836275 0.609703 1
2.467178 -2.831336 0.606025 1
2.375032 -2.832434 0.600322 1
2.254381 -2.833701 0.591993 1
2.165100 -2.814173 0.588732 1
2.047367 -2.833158 0.576015 1
1.924256 -2.808365 0.569323 1
1.801032 -2.812824 0.557004 1
0.325918 -2.797213 0.381019 1
-1.863426 -3.702858 -0.021844 1
-2.081821 -3.471178 -0.030424 1
-2.170394 -3.242411 -0.022596 1
-2.336402 -3.042096 -0.030608 1
-2.473388 -2.824966 -0.034669 1
-2.495858 -2.507147 -0.015955 1
-2.646762 -2.285911 -0.026003 1
-2.613032 -2.024619 -0.006338 1
-2.737731 -1.474199 -0.002702 1
-2.745797 -1.223621 0.003814 1
6.966358 -4.059512 -0.025119 1
6.879044 -4.252107 -0.039058 1
6.720090 -4.382824 -0.034760 1
6.560047 -4.509550 -0.031288 1
6.387827 -4.619997 -0.025138 1
6.247727 -4.766425 -0.030704 1
6.063298 -4.856363 -0.022720 1
5.914185 -4.904482 -0.013122 1
5.732270 -4.987380 -0.006944 1
5.539459 -5.046682 0.003137 1
5.353792 -5.111750 0.009893 1
3.188448 -3.004144 0.569210 1
3.109168 -2.945247 0.581691 1
3.032230 -2.905488 0.589580 1
2.976957 -2.870939 0.596082 1
2.899472 -2.858823 0.597187 1
2.822583 -2.843283 0.598393 1
2.587616 -3.217514 0.514890 1
2.655650 -2.850313 0.590836 1
2.556671 -2.827297 0.590530 1
2.463741 -2.838256 0.583104 1
2.373817 -2.833944 0.578151 1
1.636097 -2.815339 0.513916 1
1.488554 -2.784648 0.501778 1
1.332742 -2.786509 0.482641 1
1.106739 -2.796972 0.452442 1
0.902111 -2.767992 0.429148 1
0.641467 -2.797488 0.389262 1
-1.508433 -3.515170 -0.010141 1
-1.625337 -3.321998 -0.007884 1
-1.777856 -3.080145 -0.008481 1
-1.877753 -2.874836 -0.006333 1
8.039871 -1.129622 -0.025656 1
8.029894 -1.330725 -0.029695 1
8.068411 -1.537260 -0.045707 1
8.064030 -1.742549 -0.054422 1
8.056086 -1.949408 -0.064168 1
7.966846 -2.139806 -0.057922 1
7.941914 -2.344545 -0.067436 1
7.874968 -2.538362 -0.069342 1
7.810532 -2.732845 -0.073495 1
7.748365 -2.929033 -0.079941 1
7.615433 -3.093542 -0.071259 1
7.521935 -3.274089 -0.073462 1
7.435725 -3.459025 -0.079202 1
7.329930 -3.573233 -0.074147 1
7.249019 -3.763244 -0.084414 1
7.108864 -3.913249 -0.080688 1
5.145355 -5.122512 -0.021998 1
4.963247 -5.179602 -0.016841 1
4.827728 -5.222485 -0.014107 1
4.626823 -5.216075 0.002921 1
4.450948 -5.276595 0.002594 1
4.260428 -5.279416 0.013876 1
4.077235 -5.301539 0.019095 1
3.898156 -5.343283 0.018376 1
3.713324 -5.343143 0.025439 1
3.531158 -5.357488 0.027753 1
3.321759 -3.255642 0.490834 1
3.250968 -3.123230 0.520901 1
3.188135 -3.005374 0.547272 1
3.109181 -2.940991 0.561552 1
3.053295 -2.892184 0.571938 1
2.978047 -2.861299 0.577780 1
2.897797 -2.865950 0.575209 1
2.720505 -3.083665 0.523414 1
2.609842 -3.141893 0.506727 1
2.506547 -3.156425 0.498778 1
2.254791 -2.831004 0.547644 1
2.171503 -2.801696 0.546180 1
2.054400 -2.820683 0.531810 1
1.925163 -2.805325 0.521695 1
1.798523 -2.814116 0.506533 1
1.634889 -2.815773 0.487491 1
1.483314 -2.788992 0.473361 1
1.335836 -2.782743 0.455347 1
1.079372 -2.818693 0.415260 1
0.896688 -2.771063 0.396199 1
0.291595 -2.815910 0.299362 1
-2.014722 -2.677607 -0.072387 1
-2.032262 -2.443591 -0.057479 1
-2.125509 -2.171529 -0.055604 1
-2.116206 -1.937104 -0.040117 1
-2.183093 -1.716509 -0.041042 1
-2.234710 -1.433806 -0.038691 1
-2.235896 -1.204158 -0.031455 1
7.743230 -1.122122 -0.012779 1
7.739593 -1.311173 -0.017834 1
7.784614 -1.506129 -0.035435 1
7.759218 -1.696198 -0.039073 1
7.697296 -1.879537 -0.036068 1
7.667060 -2.068120 -0.041902 1
7.606780 -2.249514 -0.042451 1
7.571195 -2.438215 -0.050478 1
7.489868 -2.612071 -0.049288 1
7.522401 -2.832683 -0.077760 1
7.367999 -2.975663 -0.061856 1
7.259490 -3.135347 -0.058665 1
7.164579 -3.300844 -0.060497 1
7.083280 -3.418699 -0.060229 1
6.994826 -3.588771 -0.066794 1
6.880584 -3.742012 -0.067940 1
6.777190 -3.904145 -0.073993 1
6.640927 -4.039634 -0.071937 1
6.499250 -4.168513 -0.069584 1
6.368116 -4.306983 -0.072195 1
6.197070 -4.401095 -0.062609 1
6.051988 -4.521954 -0.063315 1
5.925824 -4.589786 -0.058260 1
5.753224 -4.670212 -0.050467 1
5.638890 -4.838459 -0.068841 1
5.438314 -4.869430 -0.051112 1
5.252337 -4.915381 -0.039726 1
5.073521 -4.967873 -0.032072 1
4.931016 -4.983547 -0.021562 1
4.765407 -5.057739 -0.022569 1
4.578675 -5.070788 -0.010128 1
4.404219 -5.112879 -0.006568 1
4.223280 -5.125170 0.002484 1
4.047667 -5.151522 0.006516 1
3.874017 -5.186450 0.006966 1
3.737504 -5.163544 0.017713 1
3.564116 -5.196157 0.015986 1
3.319934 -3.210647 0.476632 1
3.250674 -3.118216 0.498979 1
3.164975 -3.056818 0.513832 1
3.110016 -2.925165 0.544058 1
3.055186 -2.870913 0.556178 1
2.980789 -2.840319 0.562202 1
2.834517 -3.080603 0.504541 1
2.552823 -2.835121 0.546370 1
2.466315 -2.830155 0.541791 1
2.374254 -2.830999 0.534873 1
2.256457 -2.826989 0.526037 1
2.170331 -2.802695 0.523131 1
2.046967 -2.830956 0.505461 1
1.924006 -2.805974 0.497189 1
1.793800 -2.819043 0.479905 1
1.633827 -2.816039 0.460977 1
1.486349 -2.785046 0.447184 1
1.322311 -2.794270 0.423234 1
1.078691 -2.818296 0.384515 1
0.882405 -2.780711 0.360664 1
0.522180 -2.835177 0.296515 1
0.252714 -2.838396 0.252399 1
-1.105046 -3.300902 -0.032661 1
-1.228767 -3.132066 -0.034745 1
-1.346355 -2.957065 -0.036874 1
-1.497344 -2.734666 -0.042426 1
-1.523392 -2.521869 -0.028430 1
-1.601370 -2.326426 -0.027319 1
-1.717109 -2.083028 -0.031988 1
-1.693240 -1.863878 -0.014066 1
-1.791515 -1.665369 -0.022538 1
-1.732130 -1.395113 0.000514 1
-1.703423 -1.185592 0.013018 1
7.447422 -1.114771 0.006191 1
7.484135 -1.293958 -0.007924 1
7.467698 -1.471614 -0.011358 1
7.466557 -1.651777 -0.020059 1
7.462790 -1.833640 -0.029898 1
7.406908 -2.005893 -0.028940 1
7.354949 -2.177985 -0.030505 1
7.306355 -2.350895 -0.034535 1
7.239582 -2.517716 -0.035660 1
7.260330 -2.721162 -0.061067 1
7.147044 -2.870395 -0.053670 1
7.078521 -3.039514 -0.059649 1
6.960890 -3.129953 -0.047079 1
6.880714 -3.291734 -0.052653 1
6.793037 -3.450203 -0.057942 1
6.648307 -3.567862 -0.047942 1
6.543593 -3.713213 -0.051332 1
6.419831 -3.842881 -0.050389 1
6.319392 -3.994337 -0.058838 1
6.207429 -4.137731 -0.065582 1
6.036240 -4.216830 -0.052716 1
5.930049 -4.298543 -0.051798 1
5.768768 -4.380717 -0.043912 1
5.624414 -4.482857 -0.044019 1
5.478663 -4.583140 -0.045184 1
5.328518 -4.676993 -0.046077 1
5.184627 -4.784274 -0.052201 1
4.994602 -4.797940 -0.034507 1
4.879800 -4.863647 -0.037411 1
4.691176 -4.861360 -0.019144 1
4.525235 -4.909395 -0.015902 1
4.356074 -4.944088 -0.010919 1
4.187535 -4.976702 -0.007074 1
4.017074 -4.996104 -0.001580 1
3.891174 -5.017748 -0.000271 1
3.721744 -5.034740 0.003001 1
3.552012 -5.044110 0.006544 1
3.319087 -3.193969 0.456484 1
3.250424 -3.130141 0.472985 1
3.188341 -2.978970 0.509940 1
3.108849 -2.937509 0.520054 1
2.780000 -2.930692 0.514796 1
2.697055 -2.920710 0.513534 1
2.516507 -3.124924 0.456931 1
2.445604 -3.050193 0.469418 1
2.472175 -2.815507 0.523820 1
2.370850 -2.837030 0.511193 1
2.255468 -2.827810 0.503143 1
2.172245 -2.798586 0.501321 1
2.049120 -2.826769 0.482707 1
1.926339 -2.801914 0.473884 1
-0.823029 -3.151968 -0.017149 1
-0.904486 -2.977983 -0.011283 1
-1.005267 -2.812206 -0.011686 1
-1.181305 -2.619414 -0.025651 1
-1.208326 -2.421689 -0.012743 1
-1.254798 -2.232113 -0.006134 1
-1.355165 -2.055010 -0.012957 1
7.220761 -1.109012 0.014693 1
7.229476 -1.276902 0.007212 1
7.213892 -1.443895 0.004022 1
7.202824 -1.611766 -0.001912 1
7.195374 -1.781535 -0.010442 1
7.163996 -1.947831 -0.014676 1
7.147620 -2.119028 -0.024453 1
7.074605 -2.274473 -0.021308 1
7.032549 -2.439610 -0.027853 1
6.962297 -2.594554 -0.028573 1
6.916359 -2.760608 -0.037619 1
6.847581 -2.917493 -0.042182 1
6.768665 -3.020427 -0.038889 1
6.678755 -3.165215 -0.040208 1
6.559018 -3.289676 -0.034063 1
6.466771 -3.431689 -0.037772 1
6.376769 -3.576759 -0.044045 1
6.267346 -3.707080 -0.045792 1
6.148175 -3.828554 -0.045839 1
6.027635 -3.948445 -0.046998 1
5.922573 -4.022227 -0.043398 1
5.800751 -4.140629 -0.046925 1
5.656417 -4.231114 -0.042953 1
5.531316 -4.347412 -0.048820 1
5.370163 -4.410232 -0.039879 1
5.216140 -4.480030 -0.035037 1
5.083197 -4.587802 -0.042893 1
4.963530 -4.631145 -0.039024 1
4.808699 -4.697031 -0.037670 1
4.649188 -4.750474 -0.034555 1
4.480837 -4.775387 -0.025472 1
4.326585 -4.841038 -0.028973 1
4.163698 -4.878084 -0.026485 1
4.031259 -4.855141 -0.012553 1
3.865556 -4.861797 -0.005204 1
3.700665 -4.860954 0.002390 1
3.541685 -4.914914 -0.005527 1
3.318235 -3.177041 0.436649 1
3.056699 -2.850520 0.520208 1
2.980668 -2.836904 0.522442 1
2.859057 -2.954133 0.490178 1
2.813606 -2.875759 0.507866 1
2.730023 -2.878117 0.503634 1
2.622554 -2.880784 0.497167 1
2.426309 -3.097792 0.432724 1
2.478061 -2.800813 0.506104 1
2.372465 -2.832650 0.490067 1
1.777162 -2.799362 0.430795 1
1.640164 -2.807160 0.410527 1
1.489224 -2.780344 0.393719 1
1.304763 -2.808539 0.360490 1
1.074107 -2.820154 0.321619 1
0.891838 -2.771753 0.299017 1
0.547340 -2.816367 0.231986 1
0.303795 -2.805283 0.189608 1
-1.312313 -1.796814 -0.038403 1
-1.362465 -1.608506 -0.038622 1
-1.415140 -1.369283 -0.039171 1
-1.345841 -1.171819 -0.017426 1
6.759368 -2.508193 -0.016047 1
6.711978 -2.663333 -0.023737 1
6.687538 -2.832783 -0.040136 1
6.586758 -2.916807 -0.029131 1
6.515802 -3.063069 -0.034793 1
6.419269 -3.193630 -0.034200 1
6.326634 -3.326492 -0.036433 1
6.227925 -3.455003 -0.038335 1
6.098322 -3.556649 -0.031036 1
6.014079 -3.698660 -0.041455 1
5.899183 -3.813138 -0.042602 1
5.802160 -3.887121 -0.040268 1
5.675371 -3.987518 -0.039386 1
5.547774 -4.086460 -0.039703 1
5.403181 -4.161068 -0.033757 1
5.277077 -4.261881 -0.037973 1
5.140600 -4.347637 -0.038957 1
5.006870 -4.353429 -0.023093 1
4.873554 -4.442531 -0.028101 1
4.724463 -4.499538 -0.025203 1
4.567370 -4.533875 -0.017537 1
4.420578 -4.593189 -0.018657 1
4.281721 -4.683683 -0.029898 1
3.249673 -3.051445 0.446777 1
3.188413 -2.957484 0.472053 1
3.109779 -2.916325 0.482926 1
3.054587 -2.868121 0.495107 1
2.882577 -3.187187 0.408671 1
2.865230 -2.921508 0.476869 1
2.814373 -2.870916 0.487956 1
2.729464 -2.878738 0.482017 1
2.625522 -2.870689 0.478080 1
2.440346 -3.060985 0.418018 1
2.259465 -2.818559 0.460093 1
2.170758 -2.799145 0.455070 1
2.053988 -2.817549 0.437415 1
1.928373 -2.797335 0.426121 1
1.802372 -2.805694 0.407431 1
1.624415 -2.823718 0.378274 1
1.464753 -2.803878 0.357836 1
1.268944 -2.802668 0.326471 1
1.087284 -2.808289 0.294776 1
0.869232 -2.787544 0.259905 1
0.567080 -2.802217 0.202061 1
0.270895 -2.824099 0.142508 1
-0.542140 -3.053233 -0.049042 1
-0.639341 -2.850644 -0.042266 1
-0.734998 -2.696058 -0.043473 1
-0.830137 -2.538794 -0.046081 1
-0.879206 -2.316088 -0.034304 1
-0.960072 -2.150707 -0.037140 1
-0.957032 -1.963599 -0.021574 1
-0.993455 -1.741712 -0.014472 1
-1.024529 -1.564631 -0.011282 1
-1.031692 -1.384853 -0.004365 1
-1.022529 -1.160465 0.005842 1
7.018601 -1.102986 -0.020385 1
6.993734 -1.260296 -0.019016 1
7.001513 -1.419810 -0.028020 1
6.997171 -1.579644 -0.035529 1
6.941088 -1.731261 -0.030689 1
6.939553 -1.893436 -0.042447 1
6.909066 -2.050652 -0.048030 1
6.855383 -2.201497 -0.048810 1
6.800555 -2.351562 -0.050915 1
4.155981 -4.677251 -0.061159 1
4.000167 -4.706912 -0.058384 1
3.847871 -4.757054 -0.063018 1
3.686707 -4.750301 -0.053459 1
3.530155 -4.775439 -0.054455 1
3.316902 -3.153972 0.394767 1
3.249372 -3.040196 0.427112 1
3.187966 -2.963239 0.448780 1
3.109461 -2.916686 0.461549 1
3.056542 -2.846335 0.480282 1
2.934660 -3.001724 0.435687 1
2.476804 -2.801590 0.462628 1
2.376148 -2.822954 0.448056 1
2.261534 -2.813804 0.438594 1
2.167167 -2.804116 0.430296 1
2.050212 -2.822281 0.411808 1
1.924416 -2.801732 0.399951 1
1.772392 -2.803284 0.378005 1
1.612715 -2.835761 0.346946 1
1.444476 -2.823194 0.322589 1
1.264727 -2.805508 0.295599 1
1.070053 -2.821549 0.258086 1
0.842536 -2.806344 0.218724 1
0.572798 -2.797379 0.168238 1
0.291999 -2.810237 0.110266 1
-0.318547 -2.932241 -0.033056 1
-0.394379 -2.734310 -0.022328 1
-0.490497 -2.592217 -0.025452 1
-0.549488 -2.433386 -0.020230 1
-0.577272 -2.220457 -0.004384 1
-0.654320 -2.067762 -0.007859 1
-0.686956 -1.902205 -0.001774 1
-0.737373 -1.697369 0.000942 1
6.787875 -1.097388 0.000912 1
6.797253 -1.247150 -0.006700 1
6.794504 -1.397259 -0.012640 1
6.796720 -1.549235 -0.021693 1
6.764295 -1.696723 -0.022683 1
6.747814 -1.847628 -0.029908 1
6.741088 -2.002909 -0.041790 1
6.684225 -2.145026 -0.040789 1
6.626658 -2.286009 -0.041169 1
6.558016 -2.421928 -0.039778 1
6.499061 -2.561480 -0.042986 1
6.486502 -2.682710 -0.056657 1
6.391586 -2.805166 -0.051492 1
6.325334 -2.943286 -0.057322 1
6.238700 -3.069228 -0.058065 1
6.160342 -3.201318 -0.063451 1
6.058240 -3.315862 -0.062070 1
5.964247 -3.436851 -0.065354 1
5.860746 -3.549850 -0.066768 1
5.787632 -3.639527 -0.070863 1
5.671322 -3.740072 -0.070104 1
5.557947 -3.843873 -0.072310 1
5.422935 -3.920095 -0.066102 1
5.320553 -4.040725 -0.077496 1
5.178547 -4.104799 -0.070656 1
5.067726 -4.143087 -0.063589 1
4.920253 -4.189957 -0.054638 1
4.798564 -4.285532 -0.063278 1
4.653955 -4.334563 -0.058621 1
4.515743 -4.397803 -0.060142 1
4.357048 -4.401635 -0.045228 1
4.259445 -4.468070 -0.054469 1
4.113551 -4.508274 -0.053598 1
3.970515 -4.563901 -0.058903 1
3.817945 -4.574011 -0.052519 1
3.670444 -4.616477 -0.057216 1
3.516531 -4.601894 -0.047141 1
3.319055 -3.226152 0.350093 1
3.249050 -3.017517 0.410829 1
3.187519 -2.968876 0.425286 1
3.187892 -1.957704 0.713357 1
3.109968 -2.905544 0.443318 1
3.055063 -2.857746 0.456365 1
2.814787 -2.866024 0.446730 1
2.710640 -2.868279 0.440559 1
2.629960 -2.854975 0.438933 1
2.537487 -2.869391 0.428048 1
2.449542 -2.863529 0.422045 1
2.368251 -2.838245 0.420840 1
2.252874 -2.828555 0.410942 1
2.160771 -2.813703 0.403771 1
2.049775 -2.821982 0.387587 1
2.898896 -1.433917 0.833685 1
-0.739784 -1.526615 -0.034167 1
-0.711795 -1.355978 -0.018710 1
-0.758325 -1.150162 -0.022555 1
6.602967 -1.092818 0.014011 1
6.640743 -1.236580 -0.001724 1
6.638546 -1.380138 -0.007643 1
6.624879 -1.523125 -0.011909 1
6.588227 -1.662395 -0.011066 1
6.567741 -1.804634 -0.016656 1
6.525056 -1.941800 -0.017255 1
6.492287 -2.081857 -0.022533 1
6.458579 -2.222691 -0.029295 1
6.392799 -2.351648 -0.027660 1
6.326711 -2.479509 -0.027462 1
6.296797 -2.585118 -0.034882 1
6.186629 -2.688669 -0.022671 1
6.211180 -2.871662 -0.058527 1
6.090542 -2.967561 -0.045809 1
6.021137 -3.096931 -0.052966 1
5.923482 -3.205690 -0.051388 1
5.825792 -3.313646 -0.051325 1
5.752794 -3.394731 -0.052463 1
5.639024 -3.486385 -0.048488 1
5.551737 -3.605963 -0.057713 1
5.454755 -3.717864 -0.064983 1
5.321777 -3.785437 -0.056821 1
5.215511 -3.887970 -0.063544 1
5.116898 -3.937868 -0.059802 1
4.982779 -3.997763 -0.054182 1
4.859867 -4.075951 -0.056680 1
4.716487 -4.113449 -0.047187 1
4.594560 -4.195345 -0.054164 1
4.454301 -4.235165 -0.049044 1
4.345399 -4.251959 -0.042248 1
4.208559 -4.296149 -0.041635 1
4.079390 -4.372361 -0.052522 1
3.935329 -4.393772 -0.048090 1
3.789946 -4.402686 -0.041602 1
3.646347 -4.416236 -0.038241 1
3.538826 -4.425799 -0.036643 1
3.393013 -4.383970 -0.019734 1
3.320040 -3.264117 0.313800 1
3.248785 -3.022622 0.386686 1
3.186914 -2.979720 0.399991 1
2.945329 -2.929463 0.411917 1
2.891399 -2.887172 0.422477 1
2.811883 -2.876875 0.422014 1
2.704014 -2.889749 0.412261 1
2.615297 -2.897320 0.404031 1
2.541071 -2.858873 0.408913 1
2.388855 -2.946918 0.370703 1
2.365397 -2.843089 0.396451 1
1.907316 -2.822845 0.342436 1
1.765127 -2.810185 0.323283 1
1.597970 -2.850201 0.286362 1
1.437252 -2.828496 0.262963 1
1.270160 -2.798708 0.238236 1
1.071903 -2.818044 0.195834 1
0.741010 -2.879510 0.117078 1
0.609393 -2.771032 0.108821 1
0.364327 -2.764358 0.056496 1
-0.096973 -2.811302 -0.054621 1
-0.149681 -2.660671 -0.044693 1
-0.227246 -2.479556 -0.038569 1
-0.297640 -2.337736 -0.038095 1
-0.330492 -2.182336 -0.028683 1
-0.383828 -1.993375 -0.023052 1
-0.424656 -1.841679 -0.020059 1
-0.461111 -1.648775 -0.014872 1
-0.443970 -1.488432 -0.000436 1
-0.448521 -1.333035 0.006331 1
-0.465860 -1.140123 0.009212 1
6.435637 -1.088682 0.025822 1
6.467905 -1.225064 0.011479 1
6.427283 -1.357308 0.017391 1
6.442492 -1.495536 0.004796 1
6.401692 -1.626145 0.007608 1
6.404719 -1.765710 -0.004747 1
6.396099 -1.905097 -0.015337 1
6.343657 -2.032849 -0.013802 1
6.306890 -2.165541 -0.018923 1
6.243630 -2.288189 -0.017034 1
6.165155 -2.402694 -0.011501 1
6.147646 -2.508318 -0.022491 1
6.114033 -2.647079 -0.035534 1
6.040320 -2.764783 -0.036318 1
5.942899 -2.866295 -0.029903 1
5.904710 -3.009584 -0.047560 1
5.802211 -3.106537 -0.042377 1
5.700468 -3.202125 -0.038765 1
5.663495 -3.309985 -0.053735 1
5.549515 -3.394036 -0.047831 1
5.454921 -3.497357 -0.052099 1
5.341269 -3.579334 -0.049144 1
5.227753 -3.660277 -0.047641 1
5.126795 -3.758946 -0.054579 1
5.026207 -3.796665 -0.047181 1
4.909426 -3.872273 -0.048335 1
4.778770 -3.922809 -0.042233 1
4.651533 -3.977289 -0.039381 1
4.530968 -4.046242 -0.043155 1
4.427232 -4.066107 -0.036327 1
4.301987 -4.125202 -0.039611 1
4.164210 -4.146348 -0.032121 1
4.039997 -4.215374 -0.041754 1
3.909270 -4.268061 -0.047622 1
3.802482 -4.264832 -0.039586 1
3.663155 -4.268032 -0.032797 1
3.527410 -4.298176 -0.036084 1
3.386472 -4.244941 -0.015233 1
3.110210 -2.894040 0.403912 1
3.058501 -2.818871 0.426376 1
2.941589 -2.951040 0.383225 1
2.896290 -2.859599 0.409393 1
2.785460 -2.899061 0.392260 1
2.706815 -2.878704 0.393585 1
2.616771 -2.891650 0.383294 1
2.257723 -2.817730 0.367812 1
2.151689 -2.826716 0.351669 1
2.011753 -2.835645 0.329604 1
1.890523 -2.844448 0.308925 1
1.740089 -2.839431 0.285665 1
1.609462 -2.836506 0.263735 1
1.457552 -2.807290 0.242605 1
1.249923 -2.815909 0.200485 1
0.940546 -2.885141 0.123065 1
0.679508 -2.923969 0.060011 1
0.601867 -2.774970 0.070693 1
0.299263 -2.802534 -0.003020 1
0.114864 -2.696964 -0.028990 1
-0.011695 -2.428424 -0.020464 1
-0.082845 -2.257114 -0.016286 1
-0.080377 -2.100388 0.002559 1
-0.173322 -1.936226 -0.004641 1
-0.179016 -1.786068 0.007446 1
6.224561 -1.856560 0.003348 1
6.211560 -1.989272 -0.007229 1
6.181881 -2.118382 -0.014107 1
6.089894 -2.222862 -0.001366 1
6.054808 -2.350087 -0.009706 1
5.999093 -2.431878 -0.006719 1
5.954106 -2.556153 -0.014694 1
5.908065 -2.681983 -0.024286 1
5.841938 -2.796929 -0.028247 1
5.788742 -2.922616 -0.039251 1
5.677059 -3.004264 -0.028416 1
5.622527 -3.088276 -0.033278 1
5.550160 -3.202559 -0.041791 1
5.452477 -3.293970 -0.040994 1
5.351019 -3.380847 -0.039968 1
5.242376 -3.458607 -0.036867 1
5.137376 -3.539982 -0.037075 1
5.062531 -3.606704 -0.040549 1
4.947903 -3.674744 -0.038353 1
4.827874 -3.732757 -0.034148 1
4.705798 -3.785011 -0.029658 1
4.594014 -3.856721 -0.033933 1
4.504561 -3.899919 -0.034355 1
4.374686 -3.931311 -0.027241 1
4.247969 -3.967290 -0.023528 1
4.127897 -4.023771 -0.028410 1
3.994020 -4.031859 -0.018714 1
3.906761 -4.092268 -0.030525 1
3.317865 -3.216441 0.277681 1
3.248190 -2.998660 0.348537 1
3.186550 -2.972715 0.357392 1
3.109953 -2.893513 0.382534 1
3.055358 -2.846194 0.396908 1
2.948255 -2.906570 0.375087 1
2.863592 -2.920696 0.367346 1
2.771985 -2.952401 0.352757 1
2.542589 -2.852552 0.366054 1
2.393189 -2.934875 0.326648 1
2.365035 -2.841703 0.350695 1
2.244089 -2.841461 0.335915 1
2.151529 -2.825986 0.327741 1
1.996046 -2.857717 0.296237 1
1.880640 -2.856745 0.278187 1
1.751051 -2.825257 0.264239 1
1.613625 -2.830933 0.238012 1
1.446245 -2.817600 0.209208 1
0.706789 -3.254627 -0.039584 1
0.624148 -3.139348 -0.032553 1
0.521042 -2.996281 -0.026406 1
0.594598 -2.778725 0.032250 1
0.388445 -2.747637 -0.011010 1
0.291180 -2.601731 -0.010065 1
-0.185289 -1.637424 -0.021903 1
-0.245597 -1.461707 -0.026925 1
-0.210138 -1.311417 -0.008887 1
-0.249201 -1.131701 -0.012788 1
6.297894 -1.084472 -0.003109 1
6.307989 -1.213704 -0.010968 1
6.268078 -1.339299 -0.004300 1
6.283967 -1.470846 -0.017462 1
6.249855 -1.595911 -0.015950 1
6.237748 -1.725280 -0.023409 1
5.828795 -2.484844 -0.003014 1
5.790457 -2.608339 -0.014618 1
5.732075 -2.721524 -0.020435 1
5.677616 -2.839296 -0.029855 1
5.582577 -2.926984 -0.024133 1
5.522045 -3.000710 -0.025371 1
5.441247 -3.099341 -0.028520 1
5.340309 -3.178380 -0.023945 1
5.266012 -3.285496 -0.033951 1
5.150903 -3.346940 -0.025141 1
5.086077 -3.418630 -0.030799 1
4.982676 -3.493142 -0.030745 1
4.866939 -3.548690 -0.024775 1
4.766320 -3.627451 -0.029728 1
4.638345 -3.657635 -0.017667 1
4.560379 -3.712842 -0.022155 1
4.444403 -3.762843 -0.020707 1
3.768964 -4.073593 -0.050906 1
3.644065 -4.125278 -0.060443 1
3.511424 -4.121518 -0.053057 1
3.378889 -4.090483 -0.038373 1
3.317874 -3.225531 0.249276 1
3.247911 -2.997528 0.326059 1
3.186123 -2.977269 0.333327 1
3.109712 -2.892738 0.361106 1
3.027732 -2.914930 0.352543 1
2.950624 -2.889403 0.358757 1
2.709513 -2.866628 0.353188 1
2.619989 -2.879509 0.342065 1
2.532499 -2.877596 0.334708 1
2.384155 -2.953950 0.295717 1
2.367318 -2.835917 0.329440 1
2.236005 -2.855092 0.306942 1
2.137124 -2.848701 0.294874 1
1.989940 -2.865677 0.267536 1
0.922077 -3.243623 -0.029800 1
0.847758 -3.129631 -0.019329 1
0.280942 -2.450151 -0.026382 1
0.201695 -2.334471 -0.030085 1
0.145587 -2.170606 -0.022858 1
0.124618 -2.032220 -0.011544 1
0.055221 -1.909258 -0.017359 1
0.053401 -1.732633 -0.000640 1
0.011491 -1.601418 -0.001778 1
0.002926 -1.429769 0.007610 1
-0.010955 -1.294080 0.010990 1
-0.054859 -1.124957 0.004924 1
6.181892 -1.081502 0.000162 1
6.158859 -1.203828 0.003385 1
6.136156 -1.324916 0.004900 1
6.158143 -1.451727 -0.010361 1
6.135874 -1.573614 -0.012355 1
6.119351 -1.696952 -0.018018 1
6.097528 -1.819895 -0.023594 1
6.038489 -1.931851 -0.017691 1
6.032095 -2.061478 -0.032323 1
5.953039 -2.164153 -0.022264 1
5.953786 -2.266662 -0.038062 1
5.886499 -2.373341 -0.035159 1
4.322445 -3.797625 -0.050188 1
4.208494 -3.852509 -0.053931 1
4.112250 -3.861191 -0.046015 1
3.990526 -3.890474 -0.043467 1
3.871319 -3.930442 -0.046394 1
3.744331 -3.931983 -0.037481 1
3.623268 -3.966249 -0.041719 1
3.498755 -3.978429 -0.039940 1
3.405139 -3.984115 -0.038524 1
3.314962 -3.146153 0.250850 1
3.247645 -3.007078 0.299789 1
3.185539 -2.986937 0.307248 1
3.108688 -2.902728 0.335858 1
2.866532 -2.902458 0.328764 1
2.774402 -2.939322 0.311247 1
2.697060 -2.908018 0.316287 1
2.630439 -2.847223 0.330764 1
2.536389 -2.866273 0.315681 1
2.384244 -2.952564 0.271640 1
2.355264 -2.859694 0.297183 1
1.898271 -2.831124 0.235769 1
1.759547 -2.813097 0.215189 1
1.608020 -2.835189 0.179702 1
0.786579 -3.006057 -0.041972 1
0.682986 -2.918089 -0.047540 1
0.582042 -2.784889 -0.045111 1
0.524272 -2.663647 -0.036435 1
2.027975 -1.706855 0.534176 1
0.486421 -2.532813 -0.022553 1
0.429812 -2.377601 -0.011626 1
0.389428 -2.252749 -0.003397 1
0.343720 -2.131065 0.001127 1
0.297796 -1.975427 0.008023 1
0.230741 -1.859719 0.001714 1
6.038629 -1.078066 0.015299 1
6.021506 -1.194738 0.016896 1
6.026816 -1.312926 0.009077 1
6.010886 -1.429526 0.006993 1
5.967969 -1.541142 0.012836 1
5.995993 -1.667511 -0.008253 1
5.964834 -1.782334 -0.009970 1
5.912788 -1.890483 -0.005649 1
5.877017 -2.003263 -0.008906 1
5.841413 -2.116672 -0.013958 1
5.808408 -2.199512 -0.016488 1
5.763776 -2.310205 -0.021157 1
5.685550 -2.402982 -0.014005 1
5.655264 -2.523353 -0.028125 1
5.591345 -2.624681 -0.030222 1
5.554181 -2.746431 -0.045970 1
5.495166 -2.815983 -0.045384 1
5.418359 -2.910040 -0.046903 1
5.341403 -3.004396 -0.050152 1
5.248401 -3.083353 -0.047156 1
5.159654 -3.166035 -0.047868 1
5.077713 -3.257353 -0.054207 1
4.995484 -3.300498 -0.048350 1
4.893952 -3.366872 -0.046299 1
4.789614 -3.428235 -0.043892 1
4.691245 -3.499011 -0.047166 1
4.608294 -3.536474 -0.044242 1
4.504656 -3.599236 -0.047043 1
4.389074 -3.636996 -0.041610 1
4.276398 -3.679473 -0.039828 1
4.195958 -3.722581 -0.043875 1
4.075016 -3.740050 -0.035618 1
3.961193 -3.778591 -0.036994 1
3.847860 -3.822809 -0.042049 1
3.725433 -3.823627 -0.032963 1
3.610317 -3.868032 -0.041314 1
3.517923 -3.855103 -0.032078 1
3.397939 -3.857870 -0.028437 1
3.314602 -3.143900 0.226724 1
3.247386 -3.027335 0.269333 1
2.939260 -3.261230 0.183779 1
2.949460 -2.892437 0.313534 1
2.869677 -2.885044 0.312533 1
2.809608 -2.878549 0.311370 1
2.706255 -2.875000 0.305309 1
2.609334 -2.908471 0.285667 1
2.534433 -2.870135 0.291109 1
2.228577 -2.866449 0.253657 1
2.140744 -2.840705 0.248257 1
2.003526 -2.843755 0.224605 1
1.902078 -2.825038 0.211968 1
1.735555 -2.840993 0.175615 1
1.161294 -3.232965 -0.048933 1
1.078402 -3.135893 -0.041865 1
0.957967 -3.030629 -0.043366 1
0.910222 -2.905344 -0.025188 1
0.810806 -2.822582 -0.031210 1
0.737183 -2.719332 -0.027961 1
0.660461 -2.580626 -0.020368 1
0.645326 -2.445002 0.001013 1
0.268084 -1.683357 -0.004654 1
0.222589 -1.562137 -0.008118 1
0.193597 -1.404358 -0.005724 1
0.191667 -1.275772 0.001044 1
0.198766 -1.115765 0.009995 1
5.906636 -1.187078 0.025341 1
5.895887 -1.298753 0.023376 1
5.913465 -1.414665 0.009495 1
5.844140 -1.517085 0.025633 1
5.862429 -1.635740 0.008030 1
5.843319 -1.747936 0.002446 1
5.803326 -1.854429 0.003063 1
5.774317 -1.964566 -0.002162 1
5.735314 -2.071553 -0.005232 1
5.708746 -2.153353 -0.009743 1
5.641647 -2.247418 -0.004400 1
5.575803 -2.340568 -0.000935 1
5.562157 -2.465037 -0.021425 1
5.473545 -2.543962 -0.011401 1
5.479318 -2.690228 -0.045656 1
5.404919 -2.743782 -0.036913 1
5.339521 -2.841318 -0.042455 1
5.257498 -2.924861 -0.041683 1
5.194766 -3.027965 -0.052744 1
5.104720 -3.104362 -0.051413 1
5.034058 -3.157640 -0.049655 1
4.938514 -3.226270 -0.047799 1
4.833857 -3.281402 -0.041624 1
4.724226 -3.326431 -0.033015 1
4.660800 -3.389243 -0.040461 1
4.553219 -3.435061 -0.035441 1
4.458714 -3.505474 -0.042411 1
4.342710 -3.531365 -0.032769 1
4.263384 -3.566466 -0.033094 1
4.155663 -3.608714 -0.033160 1
4.037977 -3.619496 -0.022708 1
3.929236 -3.656553 -0.024172 1
3.819881 -3.694111 -0.027415 1
3.731057 -3.689014 -0.018423 1
3.624119 -3.749971 -0.033200 1
3.506032 -3.735191 -0.021465 1
3.390802 -3.732225 -0.015838 1
3.185556 -2.967009 0.268276 1
3.107895 -2.905268 0.290561 1
2.939248 -3.258382 0.158140 1
2.948482 -2.896423 0.289714 1
2.863119 -2.915692 0.278753 1
2.786115 -2.888487 0.283789 1
2.703171 -2.884155 0.279096 1
2.389376 -2.938692 0.227411 1
2.355783 -2.856415 0.250508 1
2.239565 -2.845485 0.237366 1
2.143962 -2.834390 0.225801 1
1.994804 -2.855518 0.193566 1
1.876470 -2.858356 0.170775 1
1.344892 -3.214550 -0.039714 1
1.254702 -3.132829 -0.036518 1
1.179801 -3.035986 -0.027560 1
1.125904 -2.921964 -0.010956 1
1.026721 -2.849134 -0.017407 1
0.620634 -2.318038 -0.017646 1
0.539430 -2.186450 -0.019832 1
0.491102 -2.073111 -0.017273 1
0.463778 -1.920198 -0.004771 1
0.409731 -1.808478 -0.008171 1
0.390526 -1.655467 0.001956 1
0.384389 -1.532593 0.011095 1
0.362257 -1.382624 0.015090 1
0.349910 -1.262027 0.018124 1
0.368528 -1.109987 0.030717 1
5.891518 -1.073969 0.003577 1
5.777563 -1.615375 0.008660 1
5.743462 -1.719609 0.009200 1
5.720407 -1.827017 0.003802 1
5.677160 -1.927965 0.004716 1
5.619577 -2.022428 0.009912 1
5.614472 -2.109698 -0.002875 1
5.554261 -2.202389 0.000645 1
5.509445 -2.302675 -0.003953 1
5.464694 -2.404048 -0.010428 1
5.414957 -2.503631 -0.016607 1
5.378361 -2.614606 -0.031024 1
5.332203 -2.685557 -0.034465 1
5.256791 -2.769244 -0.033821 1
5.181892 -2.853184 -0.035070 1
5.106900 -2.937431 -0.038060 1
5.031681 -3.022459 -0.042897 1
4.946127 -3.052616 -0.030664 1
4.878433 -3.148010 -0.043333 1
4.767666 -3.187284 -0.030676 1
4.673976 -3.248185 -0.030202 1
4.607352 -3.299968 -0.033661 1
4.503613 -3.343719 -0.028522 1
4.410563 -3.407189 -0.033625 1
4.303158 -3.441269 -0.027909 1
4.216542 -3.449858 -0.017856 1
4.115569 -3.495382 -0.020039 1
4.010682 -3.530777 -0.019736 1
3.908456 -3.577446 -0.025495 1
3.823694 -3.581447 -0.018698 1
3.715155 -3.603286 -0.017598 1
3.313674 -3.133161 0.180428 1
3.246809 -3.028415 0.221364 1
3.185156 -2.970392 0.243838 1
3.106524 -2.919816 0.262592 1
2.857475 -3.646242 -0.016953 1
2.950957 -2.878618 0.273914 1
2.892247 -2.869654 0.274490 1
2.623637 -2.863463 0.256213 1
2.534832 -2.866637 0.245613 1
2.387530 -2.941617 0.201280 1
2.353728 -2.859531 0.225004 1
2.234672 -2.853277 0.209346 1
2.130308 -2.855783 0.191404 1
1.629245 -3.285934 -0.037052 1
1.549137 -3.198822 -0.026115 1
1.441568 -3.146596 -0.033099 1
0.946112 -2.720641 -0.041608 1
0.894791 -2.610893 -0.030718 1
0.848423 -2.500003 -0.019952 1
0.778090 -2.370652 -0.014463 1
0.747336 -2.254723 -0.002039 1
0.679445 -2.125478 -0.000731 1
0.638803 -2.016052 0.003619 1
0.612819 -1.901867 0.011609 1
5.826366 -1.072120 -0.003227 1
5.787867 -1.178613 0.007295 1
5.804721 -1.288124 -0.004993 1
5.795416 -1.396243 -0.008968 1
5.754280 -1.498931 -0.002217 1
5.544655 -1.962074 0.015289 1
5.525559 -2.068531 0.003934 1
5.462276 -2.155046 0.009802 1
5.429019 -2.256871 0.000909 1
5.372314 -2.346250 0.000729 1
5.325052 -2.441984 -0.005539 1
5.302674 -2.524315 -0.017882 1
5.242617 -2.613936 -0.021594 1
5.182745 -2.704722 -0.027325 1
5.102665 -2.778111 -0.024262 1
5.027020 -2.855120 -0.025110 1
4.982820 -2.926771 -0.034202 1
4.879605 -2.973128 -0.021752 1
4.808595 -3.057079 -0.030460 1
4.711232 -3.107028 -0.023896 1
4.637531 -3.141890 -0.019074 1
4.554154 -3.211112 -0.024810 1
4.454215 -3.252756 -0.019531 1
4.360207 -3.304389 -0.020488 1
4.286057 -3.335653 -0.019024 1
4.186107 -3.374182 -0.017213 1
4.086506 -3.413322 -0.017333 1
3.605538 -3.620590 -0.047915 1
3.494466 -3.621680 -0.042039 1
3.384281 -3.623912 -0.038355 1
3.301633 -3.614216 -0.032275 1
3.246524 -3.036676 0.194067 1
3.184928 -2.968078 0.221355 1
3.105966 -2.923164 0.238464 1
2.871271 -3.549761 -0.010941 1
2.788872 -2.874085 0.243627 1
2.704999 -2.874990 0.236478 1
2.538086 -3.044732 0.156868 1
2.539033 -2.854506 0.226923 1
2.388054 -2.939235 0.177096 1
2.325151 -2.867621 0.193552 1
1.834534 -3.234299 -0.014042 1
1.724086 -3.199985 -0.023700 1
1.375613 -3.044631 -0.050971 1
1.279839 -2.936431 -0.043161 1
1.209371 -2.845174 -0.036063 1
1.147324 -2.747958 -0.026945 1
1.054623 -2.675334 -0.034140 1
1.020443 -2.525169 -0.008318 1
0.968168 -2.425396 -0.001497 1
0.571716 -1.762114 -0.016695 1
0.598723 -1.637001 0.006765 1
0.544292 -1.502715 0.001031 1
0.545231 -1.358475 0.012650 1
0.506344 -1.247789 0.005801 1
0.519709 -1.104142 0.016835 1
5.696039 -1.069126 0.016870 1
5.679655 -1.171479 0.019290 1
5.702230 -1.276999 0.004666 1
5.693458 -1.380827 0.000728 1
5.669057 -1.482277 0.001387 1
5.667206 -1.588561 -0.008768 1
5.644811 -1.691125 -0.012327 1
5.612626 -1.791073 -0.013528 1
5.570959 -1.887550 -0.012367 1
3.978711 -3.427289 -0.039193 1
3.902351 -3.449970 -0.038913 1
3.796975 -3.465386 -0.033849 1
3.695246 -3.496877 -0.037154 1
3.591078 -3.518518 -0.038051 1
3.511781 -3.527180 -0.036743 1
3.405136 -3.524941 -0.030912 1
3.298799 -3.500681 -0.017936 1
3.193937 -3.514941 -0.022168 1
3.162649 -3.002637 0.183921 1
2.950939 -2.874320 0.230398 1
2.860038 -2.925272 0.205376 1
2.781229 -2.903425 0.208547 1
2.700665 -2.888370 0.207624 1
2.591160 -2.956756 0.170404 1
2.537409 -2.857470 0.201951 1
2.057280 -3.282621 -0.023356 1
2.225758 -2.867230 0.152792 1
1.614376 -3.112867 -0.050112 1
1.520966 -3.050935 -0.051466 1
1.455868 -2.956843 -0.038006 1
1.376272 -2.880138 -0.035075 1
1.273057 -2.787214 -0.035689 1
1.213272 -2.692810 -0.026509 1
0.938238 -2.313046 -0.018527 1
0.887169 -2.184180 -0.009160 1
0.829036 -2.089699 -0.010898 1
0.794790 -1.955130 0.000147 1
0.755494 -1.852767 0.002149 1
0.722975 -1.719643 0.008683 1
0.730020 -1.605899 0.024463 1
0.666281 -1.480411 0.014234 1
0.666481 -1.370144 0.023357 1
5.609828 -1.066976 0.022021 1
5.588161 -1.165395 0.026871 1
5.594794 -1.265413 0.018592 1
5.581160 -1.363954 0.016929 1
5.578979 -1.464743 0.008862 1
5.561850 -1.563521 0.005289 1
5.535462 -1.660261 0.003946 1
5.514926 -1.758965 -0.001584 1
5.439174 -1.838209 0.015333 1
5.450361 -1.922722 -0.002911 1
5.422907 -2.020660 -0.010243 1
5.376287 -2.110361 -0.010626 1
5.344819 -2.208549 -0.019871 1
5.267208 -2.280190 -0.008710 1
5.222748 -2.371551 -0.015214 1
5.211133 -2.456895 -0.032609 1
5.132802 -2.525922 -0.025188 1
5.109231 -2.640368 -0.049105 1
5.024091 -2.703392 -0.041300 1
4.959226 -2.784986 -0.046675 1
4.906185 -2.842444 -0.049435 1
4.813640 -2.894123 -0.040768 1
4.745891 -2.975275 -0.049915 1
4.658293 -3.031632 -0.047494 1
4.578162 -3.051490 -0.035656 1
4.504090 -3.127470 -0.046203 1
4.397449 -3.148258 -0.031628 1
4.340468 -3.205551 -0.041740 1
4.232667 -3.217505 -0.026633 1
4.143732 -3.268955 -0.031523 1
4.043221 -3.291265 -0.024982 1
3.972847 -3.321445 -0.027178 1
3.878142 -3.361368 -0.031337 1
3.776515 -3.375897 -0.026190 1
3.674700 -3.385422 -0.020677 1
3.601156 -3.407886 -0.024135 1
3.500054 -3.419932 -0.022649 1
3.398616 -3.428123 -0.021230 1
3.105312 -2.923434 0.192059 1
2.911667 -3.446891 -0.029067 1
2.950958 -2.871979 0.208516 1
2.712620 -3.392754 -0.017943 1
2.781449 -2.900879 0.186014 1
2.694899 -2.906609 0.176159 1
2.382919 -2.948241 0.122151 1
1.970700 -3.216720 -0.045348 1
1.888189 -3.147810 -0.036299 1
1.809351 -3.075724 -0.027149 1
1.701326 -3.043789 -0.039670 1
1.597236 -2.960219 -0.036284 1
1.532040 -2.873551 -0.024855 1
1.170111 -2.586429 -0.042581 1
1.177490 -2.449215 -0.005716 1
1.086279 -2.351010 -0.010953 1
1.055336 -2.246817 0.002155 1
1.002585 -2.126622 0.009373 1
0.661806 -1.233773 -0.000451 1
0.675466 -1.098301 0.010852 1
5.447398 -1.635341 0.013412 1
5.417712 -1.727051 0.012403 1
5.389005 -1.819151 0.009312 1
5.365700 -1.887806 0.006682 1
5.329886 -1.977699 0.003863 1
5.280436 -2.061132 0.005826 1
5.250976 -2.155253 -0.003522 1
5.189557 -2.231613 0.001087 1
5.151584 -2.322737 -0.007801 1
5.106622 -2.380437 -0.007162 1
5.052688 -2.461904 -0.010988 1
5.015463 -2.558816 -0.026229 1
4.969100 -2.651235 -0.038949 1
4.905483 -2.693880 -0.032729 1
4.840593 -2.770458 -0.037972 1
4.754738 -2.823749 -0.031431 1
4.680025 -2.889537 -0.033786 1
4.603816 -2.911468 -0.022006 1
4.527762 -2.974807 -0.026117 1
4.437588 -3.016402 -0.020735 1
4.372644 -3.051174 -0.019713 1
4.294423 -3.113990 -0.027763 1
4.197211 -3.138968 -0.019250 1
4.105610 -3.174039 -0.017368 1
4.035716 -3.196757 -0.015428 1
3.943441 -3.229161 -0.015287 1
3.849822 -3.257544 -0.014986 1
3.773844 -3.255112 -0.005367 1
3.295789 -3.393488 -0.032917 1
3.195626 -3.396845 -0.032899 1
3.121200 -3.381052 -0.026189 1
3.022595 -3.365673 -0.021141 1
2.920723 -3.377902 -0.029602 1
2.946801 -2.895817 0.175244 1
2.865676 -2.893656 0.171503 1
2.618116 -2.874394 0.157041 1
2.546282 -2.832002 0.165298 1
2.232957 -3.219159 -0.032363 1
2.136348 -3.184592 -0.034639 1
2.048887 -3.131711 -0.030088 1
1.936543 -3.070965 -0.029392 1
1.866996 -2.992252 -0.015709 1
1.451313 -2.803606 -0.055035 1
1.410002 -2.697839 -0.034567 1
1.357741 -2.605758 -0.023007 1
1.272495 -2.508471 -0.021917 1
1.256025 -2.394248 0.002593 1
1.194976 -2.313154 0.002874 1
0.949086 -1.922586 -0.001713 1
0.887004 -1.807529 -0.005774 1
0.861822 -1.679940 0.002910 1
0.843497 -1.578266 0.008529 1
0.802824 -1.454906 0.005973 1
0.814519 -1.348984 0.019561 1
0.795289 -1.222328 0.020658 1
0.814759 -1.093696 0.034162 1
5.508500 -1.064017 0.007392 1
5.487223 -1.158224 0.012666 1
5.499319 -1.254540 0.001885 1
5.470230 -1.346791 0.007294 1
5.468724 -1.442925 -0.001001 1
5.442129 -1.534681 0.000069 1
5.032995 -2.326495 0.004396 1
4.973049 -2.398288 0.005224 1
4.922256 -2.477778 -0.000866 1
4.875893 -2.530781 -0.001843 1
4.841098 -2.628922 -0.021623 1
4.768158 -2.691003 -0.019874 1
4.692610 -2.749546 -0.017861 1
4.639934 -2.798161 -0.020181 1
4.541156 -2.824362 -0.003459 1
4.477580 -2.898458 -0.014737 1
4.413730 -2.930503 -0.011633 1
3.681896 -3.291289 -0.040150 1
3.585610 -3.307320 -0.038981 1
3.487595 -3.308238 -0.032817 1
3.390839 -3.316076 -0.031454 1
3.317402 -3.296542 -0.020366 1
3.221262 -3.306329 -0.022845 1
3.125869 -3.285105 -0.013389 1
3.032792 -3.254215 -0.001347 1
2.642437 -3.256192 -0.025504 1
2.596717 -3.155316 0.012624 1
2.608336 -2.901848 0.120239 1
2.539135 -2.849214 0.133274 1
2.270316 -3.136798 -0.023255 1
2.186871 -3.084894 -0.016568 1
1.774984 -2.945263 -0.049640 1
1.702329 -2.873721 -0.042453 1
1.633130 -2.799484 -0.035238 1
1.545670 -2.709066 -0.029728 1
1.472284 -2.640111 -0.029318 1
1.442891 -2.533533 -0.006364 1
1.156626 -2.188669 -0.010481 1
1.122789 -2.093695 -0.001595 1
1.062900 -1.984338 -0.001159 1
1.047696 -1.883288 0.011793 1
0.992745 -1.771708 0.009615 1
1.007361 -1.664451 0.030953 1
0.930976 -1.557418 0.015109 1
5.391021 -1.061435 0.031094 1
5.375364 -1.151037 0.034289 1
5.398447 -1.243734 0.018632 1
5.369951 -1.331773 0.024316 1
5.369047 -1.423685 0.015973 1
5.333002 -1.508878 0.021947 1
5.339898 -1.604595 0.006523 1
5.316661 -1.693473 0.003238 1
5.274395 -1.775809 0.007328 1
5.257369 -1.842862 0.002307 1
5.208905 -1.921584 0.006715 1
5.180921 -2.009671 -0.000673 1
5.144340 -2.094400 -0.005585 1
5.099218 -2.174824 -0.007848 1
5.063282 -2.234013 -0.009564 1
4.323189 -2.962358 -0.031489 1
4.246246 -3.018268 -0.037508 1
4.151011 -3.036729 -0.026226 1
4.093452 -3.080881 -0.034068 1
3.997169 -3.091568 -0.022316 1
3.912549 -3.132632 -0.027075 1
3.845541 -3.153565 -0.026981 1
3.750153 -3.156866 -0.016812 1
3.661485 -3.186573 -0.020715 1
3.568848 -3.196674 -0.017208 1
3.500927 -3.215562 -0.020861 1
3.407651 -3.218766 -0.017157 1
2.938798 -3.240655 -0.026608 1
2.945412 -2.899925 0.126084 1
2.892915 -2.854566 0.143171 1
2.765866 -2.958732 0.087336 1
2.693298 -2.907514 0.102705 1
2.108187 -3.024838 -0.036209 1
2.016312 -2.989172 -0.040992 1
1.940645 -2.927190 -0.033904 1
1.864898 -2.866549 -0.029084 1
1.773171 -2.787806 -0.023710 1
1.397062 -2.443605 -0.023772 1
1.350963 -2.327221 -0.006896 1
1.278993 -2.258716 -0.013751 1
1.257991 -2.131403 0.009695 1
1.212043 -2.047983 0.011784 1
0.927799 -1.431564 -0.001464 1
0.940117 -1.330945 0.012600 1
0.894758 -1.213039 0.002262 1
0.914266 -1.089658 0.016199 1
5.204714 -1.749593 0.014346 1
5.158952 -1.802444 0.024017 1
5.112362 -1.877108 0.028612 1
5.090995 -1.963544 0.018693 1
5.065650 -2.049721 0.008823 1
5.004365 -2.115651 0.016484 1
4.992417 -2.186551 0.002447 1
4.930265 -2.251080 0.007941 1
4.898447 -2.338398 -0.005902 1
4.842123 -2.407812 -0.007264 1
4.798018 -2.458360 -0.008257 1
4.747290 -2.534183 -0.016491 1
4.703491 -2.619851 -0.031968 1
4.627605 -2.671751 -0.027350 1
4.574124 -2.714206 -0.027296 1
4.497680 -2.763783 -0.024628 1
4.427857 -2.822746 -0.029033 1
4.363616 -2.848733 -0.023251 1
4.284297 -2.892496 -0.022208 1
4.200829 -2.927937 -0.018493 1
4.127476 -2.930489 -0.004488 1
4.054807 -2.987466 -0.014994 1
3.969786 -3.016665 -0.012930 1
3.901533 -3.024533 -0.005587 1
3.313230 -3.185296 -0.025941 1
3.221631 -3.205553 -0.033581 1
3.154620 -3.153979 -0.009422 1
3.064499 -3.151032 -0.009240 1
2.973184 -3.154518 -0.013739 1
2.890225 -3.101718 0.006386 1
2.608108 -2.899692 0.071391 1
2.533149 -2.862089 0.077727 1
2.339296 -3.040266 -0.028996 1
2.259675 -2.991395 -0.022199 1
2.182637 -2.939341 -0.015316 1
2.066078 -2.908484 -0.027157 1
1.721199 -2.700580 -0.035626 1
1.648210 -2.639128 -0.035479 1
1.585414 -2.567384 -0.030614 1
1.538997 -2.451349 -0.008583 1
1.492807 -2.369264 0.000877 1
1.183113 -1.930008 -0.002519 1
1.159855 -1.838041 0.006161 1
1.107210 -1.732355 0.003566 1
1.086723 -1.640405 0.009464 1
1.069453 -1.524235 0.018002 1
1.047190 -1.409971 0.021564 1
5.291090 -1.058660 0.023550 1
5.233326 -1.141610 0.046951 1
5.288229 -1.231510 0.015876 1
5.255308 -1.314231 0.024462 1
5.270629 -1.404234 0.008459 1
5.240737 -1.486552 0.012394 1
5.227956 -1.572703 0.006400 1
5.211059 -1.658502 0.000654 1
3.813566 -3.041412 -0.027407 1
3.725394 -3.053984 -0.021919 1
3.645028 -3.103430 -0.036216 1
3.572143 -3.073141 -0.015171 1
3.485709 -3.089699 -0.016376 1
3.398507 -3.103021 -0.017678 1
3.331771 -3.089602 -0.008544 1
3.244374 -3.110698 -0.016488 1
2.863752 -2.895359 0.074593 1
2.787256 -2.869021 0.080397 1
2.694633 -2.899860 0.056603 1
2.612275 -2.886004 0.052921 1
2.467708 -2.968497 -0.004650 1
2.002191 -2.835282 -0.040691 1
1.926932 -2.781705 -0.038370 1
1.860721 -2.716828 -0.031109 1
1.769901 -2.646070 -0.030561 1
1.728880 -2.556672 -0.011132 1
1.467143 -2.273359 -0.007803 1
1.412157 -2.173593 -0.000216 1
1.373732 -2.091253 0.006640 1
1.318805 -1.992789 0.009089 1
1.297604 -1.903441 0.020395 1
1.054104 -1.314562 0.005713 1
1.046971 -1.199646 0.010989 1
1.045356 -1.084845 0.015956 1
5.133080 -1.461200 0.039653 1
5.146750 -1.549825 0.020886 1
5.125832 -1.630606 0.017671 1
5.091462 -1.706886 0.019726 1
5.071702 -1.766191 0.017091 1
5.031480 -1.839422 0.019499 1
5.002248 -1.917674 0.014367 1
4.969496 -1.994883 0.009353 1
4.924203 -2.065275 0.009692 1
4.909304 -2.130640 -0.002351 1
4.853848 -2.194863 0.000932 1
4.811922 -2.269084 -0.005721 1
4.776392 -2.322254 -0.009469 1
4.712914 -2.379311 -0.005465 1
4.665489 -2.451551 -0.014027 1
4.607322 -2.514291 -0.017210 1
4.572708 -2.572434 -0.027749 1
4.505489 -2.626686 -0.027792 1
4.438943 -2.682038 -0.030169 1
4.387709 -2.722156 -0.032127 1
4.300089 -2.745102 -0.018365 1
4.227732 -2.790900 -0.019868 1
4.177211 -2.833066 -0.026381 1
4.091953 -2.854056 -0.017007 1
4.016402 -2.894838 -0.020215 1
3.951693 -2.905361 -0.013044 1
3.870106 -2.929644 -0.010510 1
3.787713 -2.950294 -0.007821 1
3.728926 -2.977243 -0.012744 1
3.647917 -3.006273 -0.017153 1
3.157047 -3.080583 -0.028239 1
3.071743 -3.057125 -0.018006 1
2.986344 -3.045345 -0.015180 1
2.901698 -3.029752 -0.012155 1
2.862070 -2.901623 0.046847 1
2.381299 -2.944218 -0.034934 1
2.303212 -2.902078 -0.030575 1
2.229769 -2.852117 -0.023600 1
2.087873 -2.748031 -0.011951 1
1.699864 -2.459281 -0.013873 1
1.636620 -2.396957 -0.014019 1
1.578687 -2.301757 -0.003817 1
1.551884 -2.213076 0.013190 1
1.266097 -1.795228 0.002594 1
1.222967 -1.716207 -0.000955 1
1.206729 -1.604872 0.010391 1
1.190968 -1.495081 0.019022 1
1.174181 -1.408793 0.021973 1
1.172996 -1.298248 0.032319 1
1.145295 -1.191246 0.027888 1
5.176098 -1.055731 0.027507 1
5.181943 -1.137580 0.021046 1
5.173675 -1.218942 0.019906 1
5.167486 -1.300629 0.016076 1
5.167715 -1.384019 0.007304 1
4.696352 -2.254186 0.017403 1
4.662673 -2.332711 0.003078 1
4.606170 -2.391758 0.002273 1
4.547804 -2.419082 0.012394 1
4.494118 -2.480668 0.006792 1
4.443722 -2.548059 -0.003783 1
4.397229 -2.588824 -0.006180 1
3.558468 -2.990374 -0.026746 1
3.474897 -3.001256 -0.025459 1
3.410254 -2.986537 -0.014026 1
3.325947 -2.964517 0.000848 1
3.243787 -2.995796 -0.012840 1
3.181990 -2.971880 -0.000350 1
2.782209 -2.885883 0.022447 1
2.700687 -2.876121 0.018253 1
2.609179 -2.892215 -0.001301 1
2.519255 -2.893893 -0.015419 1
2.434442 -2.876802 -0.021592 1
2.606740 -2.232150 0.305609 1
2.018816 -2.693548 -0.033991 1
1.935700 -2.623281 -0.028730 1
1.890311 -2.543716 -0.011183 1
1.823819 -2.489474 -0.011428 1
1.471989 -2.033804 0.006112 1
1.415746 -1.966741 0.000340 1
1.395849 -1.857747 0.017511 1
1.153913 -1.080753 0.010819 1
5.069449 -1.286108 0.041047 1
5.090778 -1.369191 0.021589 1
5.057560 -1.442869 0.028719 1
5.046498 -1.521297 0.022643 1
5.021892 -1.596304 0.022080 1
5.005664 -1.653331 0.019374 1
4.984941 -1.730199 0.013736 1
4.941627 -1.797704 0.019039 1
4.923419 -1.876898 0.008430 1
4.883305 -1.945711 0.008662 1
4.868415 -2.006424 -0.001402 1
4.826708 -2.075126 -0.003346 1
4.773706 -2.135986 0.000164 1
4.734173 -2.206789 -0.006669 1
4.326113 -2.630524 -0.028537 1
4.258877 -2.677853 -0.030449 1
4.204694 -2.707320 -0.029305 1
4.126693 -2.735215 -0.022629 1
4.052212 -2.768497 -0.020986 1
3.995055 -2.790207 -0.019046 1
3.916560 -2.812447 -0.014259 1
3.842161 -2.845305 -0.017081 1
3.779888 -2.849377 -0.009088 1
3.703494 -2.876050 -0.011471 1
3.626735 -2.904066 -0.016160 1
3.564175 -2.899641 -0.007324 1
3.099517 -2.965287 -0.023542 1
3.019099 -2.944569 -0.015428 1
2.936932 -2.940850 -0.017815 1
2.858953 -2.912835 -0.009232 1
2.780332 -2.891664 -0.005863 1
2.367732 -2.818047 -0.033129 1
2.297552 -2.770998 -0.026081 1
2.209200 -2.715032 -0.021143 1
2.138671 -2.670369 -0.019146 1
1.793036 -2.399756 -0.014975 1
1.722255 -2.322280 -0.012289 1
1.684967 -2.244925 0.000134 1
1.647214 -2.169840 0.009929 1
1.384224 -1.770394 0.005339 1
1.325082 -1.679981 -0.003179 1
1.315430 -1.572680 0.010940 1
1.275277 -1.474545 0.006971 1
1.274728 -1.388956 0.017435 1
1.274203 -1.283742 0.027984 1
5.082886 -1.053240 0.025109 1
5.073208 -1.130280 0.026655 1
5.086048 -1.209165 0.014791 1
4.702239 -2.083755 0.021961 1
4.685000 -2.142833 0.009728 1
4.633127 -2.200123 0.011115 1
4.578790 -2.254864 0.012740 1
4.546567 -2.304072 0.006593 1
4.480587 -2.346772 0.014270 1
4.443340 -2.421159 -0.002519 1
4.384999 -2.441998 0.008524 1
4.332446 -2.500681 0.000508 1
4.268025 -2.544189 0.001117 1
4.229196 -2.591908 -0.009031 1
3.484813 -2.915961 -0.034199 1
3.402768 -2.903829 -0.022204 1
3.322584 -2.897364 -0.015016 1
3.263214 -2.912704 -0.021457 1
3.184361 -2.879151 -0.002910 1
3.104957 -2.888191 -0.008613 1
2.708352 -2.846926 -0.016887 1
2.631457 -2.823945 -0.015773 1
2.551887 -2.807220 -0.019909 1
2.476907 -2.777325 -0.018462 1
2.072864 -2.618047 -0.040429 1
2.013034 -2.559681 -0.033014 1
1.983388 -2.467887 -0.004286 1
1.901597 -2.407629 -0.007022 1
1.618454 -2.065311 0.004937 1
2.607267 -1.405198 0.605147 1
1.570568 -1.999634 0.004069 1
1.524766 -1.909236 0.008803 1
1.497761 -1.810526 0.021137 1
1.278189 -1.179040 0.012453 1
1.282328 -1.076239 0.019878 1
4.993307 -1.274304 0.033193 1
4.979218 -1.347507 0.032488 1
4.972284 -1.422348 0.026212 1
4.967021 -1.498560 0.017237 1
4.938462 -1.568668 0.019585 1
4.908543 -1.617885 0.025202 1
4.884546 -1.688749 0.022230 1
4.857198 -1.758520 0.019521 1
4.840490 -1.834097 0.008601 1
4.797733 -1.896945 0.011756 1
4.775425 -1.949555 0.006957 1
4.744737 -2.020082 -0.000573 1
4.163237 -2.634661 -0.035637 1
4.081335 -2.647361 -0.020290 1
4.036914 -2.689181 -0.029889 1
3.958358 -2.704216 -0.019495 1
3.879943 -2.715538 -0.008962 1
3.832774 -2.755299 -0.020430 1
3.756289 -2.769885 -0.014899 1
3.680795 -2.785773 -0.011898 1
3.623519 -2.793793 -0.008604 1
3.548177 -2.808123 -0.007743 1
3.029799 -2.847548 -0.014352 1
2.971739 -2.842057 -0.014470 1
2.898652 -2.810787 -0.002965 1
2.823018 -2.796460 -0.002405 1
2.414223 -2.720716 -0.028684 1
2.343105 -2.684866 -0.027004 1
2.278828 -2.637272 -0.019830 1
2.217072 -2.587110 -0.012544 1
1.877629 -2.318038 -0.006172 1
1.816236 -2.266734 -0.009529 1
1.768473 -2.178110 0.003669 1
1.478238 -1.731434 0.005017 1
1.455602 -1.634199 0.014427 1
1.427808 -1.539565 0.018222 1
1.404250 -1.464171 0.018654 1
1.420397 -1.360911 0.040343 1
4.969918 -1.050538 0.037390 1
4.986188 -1.124315 0.025102 1
4.983734 -1.197999 0.021380 1
4.631654 -2.031908 0.021948 1
4.607824 -2.082384 0.014985 1
4.558606 -2.136539 0.016474 1
4.510760 -2.191679 0.015381 1
4.476814 -2.235101 0.011900 1
4.420894 -2.282542 0.014184 1
4.376223 -2.342641 0.005328 1
4.330111 -2.373497 0.008257 1
4.274380 -2.421673 0.005619 1
4.231455 -2.456711 0.003423 1
4.160766 -2.482886 0.012830 1
3.472022 -2.818760 -0.031205 1
3.412954 -2.804708 -0.019051 1
3.337590 -2.814196 -0.020219 1
3.261599 -2.804983 -0.012654 1
3.205424 -2.787549 -0.002247 1
2.746334 -2.783253 -0.029064 1
2.678411 -2.742690 -0.016882 1
2.607712 -2.713704 -0.012973 1
2.534554 -2.691040 -0.014501 1
2.157581 -2.534065 -0.030132 1
2.110486 -2.467337 -0.014340 1
2.042459 -2.398617 -0.006400 1
1.745351 -2.097335 -0.003048 1
1.717887 -2.022996 0.009623 1
1.679619 -1.934799 0.019890 1
1.627770 -1.854966 0.019054 1
1.410051 -1.264246 0.021108 1
1.384123 -1.169653 0.015584 1
1.419578 -1.071622 0.039110 1
4.899069 -1.331742 0.030427 1
4.877805 -1.399782 0.032689 1
4.873356 -1.471988 0.023526 1
4.841165 -1.536649 0.029000 1
4.841195 -1.593111 0.017597 1
4.804045 -1.655420 0.023309 1
4.778128 -1.721833 0.020593 1
4.762797 -1.794008 0.009371 1
4.721888 -1.853697 0.012714 1
4.705197 -1.906491 0.004926 1
4.659283 -1.962782 0.008820 1
4.102023 -2.527368 -0.015641 1
4.052722 -2.551956 -0.014340 1
3.994682 -2.600650 -0.024248 1
3.921978 -2.618940 -0.016442 1
3.866060 -2.627234 -0.008522 1
3.806031 -2.677280 -0.023357 1
3.747564 -2.675948 -0.011963 1
3.678523 -2.701457 -0.014741 1
3.604932 -2.708625 -0.008363 1
3.130318 -2.787093 -0.026891 1
3.058759 -2.753320 -0.009876 1
2.984642 -2.751401 -0.012759 1
2.912372 -2.736063 -0.009639 1
2.472910 -2.641651 -0.026310 1
2.414468 -2.590574 -0.013467 1
2.353885 -2.546186 -0.006248 1
2.002658 -2.328325 -0.015058 1
1.952126 -2.271969 -0.010345 1
1.899260 -2.193054 0.000422 1
1.870586 -2.120301 0.016178 1
1.629429 -1.769827 0.017928 1
1.571110 -1.693042 0.008313 1
1.545324 -1.602437 0.015104 1
1.539196 -1.526136 0.026626 1
1.506486 -1.438629 0.024565 1
4.883697 -1.048322 0.039405 1
4.904935 -1.118751 0.023889 1
4.897589 -1.188522 0.023127 1
4.877561 -1.256492 0.028102 1
4.404226 -2.163385 0.023811 1
4.365149 -2.222563 0.014401 1
4.266216 -2.293828 0.020153 1
3.548244 -2.704075 -0.022830 1
3.478738 -2.730017 -0.030625 1
3.402457 -2.698494 -0.006190 1
3.350013 -2.716592 -0.013618 1
3.277984 -2.708192 -0.005903 1
2.845373 -2.697511 -0.018663 1
2.790762 -2.690450 -0.021305 1
2.723367 -2.661605 -0.014640 1
2.659352 -2.625348 -0.005026 1
2.298149 -2.494571 -0.020051 1
2.230424 -2.431172 -0.009276 1
2.184189 -2.371919 0.003969 1
1.832873 -2.055863 -0.000432 1
1.796523 -1.970236 0.012973 1
1.783116 -1.893936 0.031441 1
1.522826 -1.340402 0.022990 1
1.493491 -1.252282 0.017330 1
1.498855 -1.159690 0.028073 1
1.523937 -1.067960 0.046756 1
4.780669 -1.445759 0.033478 1
4.764160 -1.511203 0.030296 1
4.750506 -1.560088 0.027592 1
4.724291 -1.622452 0.027614 1
4.690615 -1.681369 0.030909 1
4.676817 -1.749779 0.019405 1
4.641808 -1.788781 0.026183 1
4.631213 -1.861210 0.008950 1
4.574815 -1.906195 0.022074 1
4.559659 -1.957676 0.011380 1
4.515671 -2.010107 0.012947 1
4.477213 -2.066944 0.008608 1
4.455102 -2.116186 -0.001405 1
4.319635 -2.249698 -0.002919 1
4.216807 -2.343249 -0.008682 1
4.170640 -2.368216 -0.004941 1
4.103924 -2.392283 0.004932 1
4.071517 -2.438795 -0.008965 1
4.000376 -2.453089 0.004410 1
3.962132 -2.492071 -0.005998 1
3.895958 -2.513871 -0.000960 1
3.832827 -2.541974 -0.001819 1
3.786278 -2.565838 -0.005303 1
3.719231 -2.583741 -0.002506 1
3.659080 -2.627478 -0.017491 1
3.206708 -2.691221 -0.018447 1
3.136253 -2.686213 -0.016067 1
3.085665 -2.659882 -0.001857 1
3.015509 -2.659210 -0.005031 1
2.593467 -2.595145 -0.024650 1
2.529391 -2.562728 -0.020474 1
2.473909 -2.514225 -0.007312 1
2.033951 -2.191523 0.006428 1
1.737395 -1.816818 0.009573 1
1.714310 -1.729456 0.022601 1
1.683820 -1.665841 0.023409 1
4.793337 -1.046126 0.047614 1
4.819400 -1.113016 0.028680 1
4.792377 -1.177242 0.040154 1
4.792878 -1.243633 0.033337 1
4.790046 -1.310283 0.026843 1
4.784484 -1.377150 0.020293 1
3.601071 -2.610494 -0.022197 1
3.534335 -2.629203 -0.024604 1
3.482330 -2.632358 -0.020729 1
3.412369 -2.626384 -0.010814 1
3.344826 -2.641056 -0.015387 1
2.948538 -2.635075 -0.019143 1
2.883486 -2.608666 -0.009860 1
2.812366 -2.608198 -0.018507 1
2.752852 -2.566393 -0.002765 1
2.428366 -2.450432 -0.008516 1
2.359233 -2.397931 -0.000656 1
2.310312 -2.347878 0.009826 1
2.007667 -2.119745 0.002432 1
1.973620 -2.058066 0.012892 1
1.924163 -1.987852 0.017838 1
1.673152 -1.575632 0.015563 1
1.657573 -1.489668 0.024956 1
1.631588 -1.407218 0.025360 1
1.614375 -1.322563 0.028338 1
1.600996 -1.237290 0.030907 1
4.645245 -1.589831 0.035196 1
4.635735 -1.655774 0.023130 1
4.591774 -1.706087 0.033118 1
4.580051 -1.754386 0.024663 1
4.553671 -1.813834 0.019350 1
4.511966 -1.863983 0.023656 1
4.489900 -1.907643 0.018877 1
4.451999 -1.960236 0.017458 1
4.415612 -2.014382 0.013032 1
4.391424 -2.058321 0.005771 1
4.336028 -2.095820 0.014387 1
4.311607 -2.140781 0.004601 1
4.256500 -2.177432 0.010567 1
4.203130 -2.215060 0.013690 1
4.173090 -2.256130 0.004659 1
4.110712 -2.281107 0.014695 1
4.077422 -2.319270 0.006175 1
4.018161 -2.347518 0.010490 1
3.974641 -2.369738 0.011776 1
3.920033 -2.406119 0.007253 1
3.870439 -2.415350 0.015428 1
3.818788 -2.460721 0.002059 1
3.752829 -2.471222 0.010851 1
3.291713 -2.597280 -0.009090 1
3.224988 -2.596503 -0.007139 1
3.158730 -2.587604 -0.001784 1
3.110116 -2.572224 0.006601 1
2.692447 -2.531204 -0.015865 1
2.632551 -2.498663 -0.008828 1
2.595939 -2.456960 0.007168 1
2.263869 -2.295579 -0.002409 1
2.210753 -2.253765 -0.000785 1
2.179503 -2.187871 0.018942 1
1.904377 -1.918036 0.011180 1
1.862081 -1.845082 0.015804 1
1.844833 -1.777947 0.028808 1
1.621632 -1.148721 0.027621 1
1.626307 -1.063958 0.035303 1
4.723077 -1.169573 0.039267 1
4.728619 -1.233721 0.029259 1
4.701827 -1.293189 0.038339 1
4.706558 -1.358533 0.025409 1
4.689207 -1.419556 0.025134 1
4.664338 -1.478153 0.028252 1
4.674962 -1.532144 0.009743 1
3.705095 -2.482708 -0.008704 1
3.644239 -2.506592 -0.011952 1
3.590168 -2.490385 0.007194 1
3.531291 -2.523096 -0.004849 1
3.467369 -2.533751 -0.003974 1
3.044046 -2.567290 -0.016288 1
2.980134 -2.550131 -0.010176 1
2.918425 -2.525365 -0.000754 1
2.522728 -2.416933 -0.010855 1
2.492947 -2.368506 0.008541 1
2.419914 -2.332156 0.007107 1
2.125936 -2.123598 0.004460 1
1.818519 -1.697858 0.016541 1
1.787199 -1.621658 0.020530 1
1.769183 -1.540862 0.030415 1
1.750376 -1.461410 0.036928 1
4.709096 -1.043646 0.034449 1
4.710136 -1.105606 0.030619 1
4.472912 -1.764578 0.036334 1
4.437485 -1.814117 0.037661 1
4.428892 -1.863859 0.023134 1
4.381284 -1.904953 0.031379 1
4.360921 -1.947554 0.023732 1
4.324774 -1.997816 0.019416 1
4.282825 -2.021782 0.028454 1
4.252975 -2.079090 0.015030 1
4.200628 -2.113469 0.021195 1
4.168159 -2.146732 0.018055 1
4.113255 -2.176549 0.024739 1
4.072466 -2.198554 0.028711 1
4.034201 -2.251979 0.013388 1
3.986148 -2.262348 0.024287 1
3.936533 -2.299565 0.019173 1
3.414491 -2.501062 -0.000193 1
3.352637 -2.520768 -0.008416 1
3.304120 -2.502972 0.005807 1
3.241339 -2.498081 0.010847 1
2.860635 -2.487973 -0.007073 1
2.826369 -2.434653 0.021538 1
2.742034 -2.439756 0.003390 1
2.387131 -2.264170 0.011189 1
2.352801 -2.204305 0.031358 1
2.011491 -1.942149 0.008373 1
1.988262 -1.860881 0.028604 1
1.748902 -1.394348 0.026551 1
1.722321 -1.317732 0.023262 1
1.708943 -1.238120 0.025695 1
1.719065 -1.156303 0.039970 1
4.624684 -1.339082 0.036751 1
4.608253 -1.396696 0.036559 1
4.593683 -1.454873 0.033438 1
4.586358 -1.500012 0.027418 1
4.553680 -1.551887 0.034266 1
4.540924 -1.611793 0.025085 1
4.514789 -1.649393 0.029273 1
4.493147 -1.706000 0.023546 1
3.889871 -2.309817 0.005721 1
3.831526 -2.329229 0.010991 1
3.785208 -2.377309 -0.006457 1
3.733998 -2.372432 0.009226 1
3.678081 -2.397873 0.005493 1
3.631720 -2.402669 0.011713 1
3.584208 -2.400658 0.021633 1
3.179938 -2.465640 0.010552 1
3.133896 -2.465666 0.009538 1
3.071962 -2.467328 0.005612 1
2.707364 -2.396540 0.000986 1
2.653216 -2.364993 0.008215 1
2.582640 -2.333158 0.009486 1
2.916566 -1.610879 0.535738 1
2.290827 -2.180788 -0.001692 1
2.928104 -1.377522 0.669487 1
2.247005 -2.111972 0.015992 1
1.965321 -1.800223 0.017036 1
1.946045 -1.721740 0.033949 1
1.904680 -1.656052 0.031857 1
1.732908 -1.075717 0.031872 1
4.620925 -1.041660 0.049975 1
4.631662 -1.100439 0.039651 1
4.630087 -1.159241 0.035998 1
4.621481 -1.217445 0.035491 1
4.600469 -1.273369 0.041925 1
3.527077 -2.422976 -0.005905 1
3.464394 -2.414859 0.007997 1
3.418221 -2.407302 0.018219 1
3.359257 -2.412820 0.019492 1
3.014979 -2.432001 0.003240 1
2.957968 -2.409256 0.012821 1
2.899043 -2.397934 0.012802 1
2.541375 -2.279239 0.008141 1
2.483453 -2.257518 0.002807 1
2.182520 -2.002168 0.019388 1
2.131577 -1.945988 0.021036 1
1.895044 -1.592362 0.023185 1
1.887101 -1.513989 0.039546 1
1.850607 -1.446388 0.033412 1
4.476751 -1.520260 0.049118 1
4.469638 -1.578877 0.036345 1
4.440218 -1.612112 0.044197 1
4.428525 -1.670148 0.031639 1
4.393236 -1.715751 0.036196 1
4.363771 -1.747573 0.041224 1
4.356599 -1.811864 0.019128 1
4.308756 -1.830134 0.038115 1
4.292593 -1.890385 0.019925 1
4.255251 -1.934555 0.018837 1
4.222464 -1.963230 0.021551 1
4.188235 -2.010871 0.014276 1
4.149728 -2.033191 0.020862 1
4.117733 -2.085067 0.007398 1
4.074266 -2.100515 0.017787 1
4.026951 -2.133769 0.018494 1
3.998225 -2.168952 0.009249 1
3.940581 -2.186231 0.020531 1
3.902233 -2.206245 0.021840 1
3.850276 -2.231061 0.023585 1
3.812331 -2.251707 0.022200 1
3.762177 -2.281061 0.017606 1
3.313694 -2.395232 0.013018 1
3.255466 -2.405305 0.008115 1
3.197361 -2.388996 0.020101 1
2.845912 -2.364901 0.004842 1
2.784311 -2.361969 -0.004741 1
2.751727 -2.321375 0.015298 1
2.447634 -2.200605 0.002014 1
2.398155 -2.166795 0.003237 1
2.365192 -2.112326 0.020887 1
2.108128 -1.887011 0.013591 1
2.078888 -1.816494 0.027961 1
2.037277 -1.755422 0.029192 1
1.855001 -1.366615 0.030952 1
1.839338 -1.293739 0.033621 1
1.817399 -1.221609 0.029521 1
1.822923 -1.145959 0.041053 1
4.544567 -1.205907 0.047567 1
4.533669 -1.260367 0.047500 1
4.534497 -1.317438 0.037262 1
4.514380 -1.370026 0.040649 1
4.505249 -1.410974 0.037739 1
4.494374 -1.466415 0.031355 1
3.712051 -2.271178 0.016258 1
3.664841 -2.309176 0.002010 1
3.617304 -2.300344 0.018619 1
3.561673 -2.311007 0.022155 1
3.524446 -2.339272 0.008726 1
3.140097 -2.374067 0.008146 1
3.097911 -2.363411 0.013841 1
3.041548 -2.353922 0.016590 1
2.686928 -2.285572 0.001729 1
2.652883 -2.255493 0.012258 1
3.009312 -1.489402 0.610641 1
2.324213 -2.047123 0.017791 1
2.267925 -2.021872 0.005750 1
2.035407 -1.688456 0.031558 1
2.004328 -1.623375 0.035636 1
1.836812 -1.070866 0.034137 1
4.533995 -1.039352 0.048445 1
4.535053 -1.093955 0.044699 1
4.533744 -1.148703 0.041025 1
4.199591 -1.865812 0.040108 1
4.169837 -1.912337 0.032428 1
4.137756 -1.938098 0.035474 1
4.101018 -1.978609 0.031729 1
4.078855 -2.015878 0.021391 1
4.021110 -2.031364 0.038961 1
3.462519 -2.316989 0.012554 1
3.421845 -2.328346 0.009350 1
3.365325 -2.325004 0.017347 1
3.323167 -2.318048 0.025490 1
2.984710 -2.345586 -0.004663 1
2.933872 -2.312908 0.012116 1
2.880296 -2.295976 0.015543 1
2.611800 -2.209008 0.008936 1
2.549414 -2.175208 0.010121 1
2.264060 -1.944359 0.022560 1
2.212311 -1.895664 0.020613 1
1.989818 -1.550888 0.028464 1
1.969977 -1.482558 0.035384 1
1.939734 -1.417903 0.032012 1
4.413003 -1.437005 0.053430 1
4.396430 -1.487013 0.050587 1
4.386117 -1.540177 0.040888 1
4.370808 -1.577117 0.038619 1
4.360264 -1.632067 0.025617 1
4.310708 -1.665292 0.044526 1
4.290852 -1.699696 0.042822 1
4.277542 -1.755154 0.026873 1
4.243207 -1.779816 0.036172 1
4.228768 -1.836994 0.017240 1
3.987501 -2.054128 0.019432 1
3.949917 -2.095429 0.009690 1
3.909574 -2.108057 0.017939 1
3.866457 -2.141998 0.012226 1
3.820886 -2.142805 0.028014 1
3.777527 -2.176772 0.019467 1
3.733960 -2.177974 0.032146 1
3.700755 -2.203134 0.024159 1
3.267664 -2.309254 0.013617 1
3.213517 -2.289416 0.029405 1
3.158640 -2.304049 0.017635 1
2.845134 -2.266814 0.008479 1
2.795490 -2.241719 0.015623 1
2.513826 -2.125414 0.007369 1
2.478283 -2.079529 0.022018 1
2.439574 -2.039896 0.029877 1
2.201675 -1.831569 0.024444 1
2.170839 -1.768839 0.035789 1
1.963444 -1.338483 0.044255 1
1.935042 -1.273990 0.036724 1
1.923489 -1.205587 0.038848 1
4.454709 -1.192261 0.053063 1
4.448954 -1.243786 0.049670 1
4.454697 -1.298248 0.035638 1
4.431028 -1.346320 0.042872 1
4.440392 -1.390068 0.025736 1
3.651699 -2.226454 -0.000451 1
3.605371 -2.213464 0.020353 1
3.554551 -2.228407 0.020332 1
3.514030 -2.229221 0.027457 1
3.460903 -2.230823 0.034967 1
3.120625 -2.270521 0.020550 1
3.067416 -2.266916 0.019607 1
2.727360 -2.225368 -0.011225 1
2.706574 -2.172003 0.020420 1
2.421139 -1.977058 0.038183 1
2.361499 -1.943517 0.029077 1
2.135695 -1.709520 0.019659 1
2.115657 -1.642742 0.034158 1
2.084408 -1.598121 0.030958 1
1.934265 -1.134673 0.033448 1
1.933731 -1.066382 0.038160 1
4.448345 -1.037171 0.051445 1
4.440170 -1.087692 0.054866 1
4.457453 -1.140198 0.036927 1
4.193525 -1.741784 0.043646 1
4.169751 -1.787846 0.035130 1
4.138513 -1.811410 0.041323 1
4.123087 -1.849134 0.029871 1
4.080743 -1.879281 0.036556 1
4.055932 -1.908790 0.032774 1
4.020133 -1.945708 0.029154 1
3.981358 -1.958737 0.040282 1
3.958899 -2.014317 0.015685 1
3.910836 -2.012871 0.038212 1
3.875589 -2.028445 0.043013 1
3.422705 -2.241411 0.011494 1
3.368365 -2.224978 0.030392 1
3.330566 -2.236821 0.024321 1
3.015073 -2.255190 0.002320 1
2.981402 -2.222733 0.022912 1
2.912757 -2.226934 0.008625 1
2.664251 -2.136366 0.011261 1
2.623948 -2.100165 0.022497 1
2.294017 -1.842100 0.028334 1
2.087859 -1.522488 0.038564 1
2.055947 -1.464208 0.035071 1
4.328448 -1.406221 0.063079 1
4.334404 -1.461181 0.041959 1
4.309188 -1.490992 0.050447 1
4.289878 -1.536555 0.048014 1
4.280736 -1.587931 0.034583 1
4.251808 -1.614612 0.043514 1
4.242065 -1.667442 0.027038 1
4.214646 -1.694569 0.032603 1
3.831014 -2.052372 0.024585 1
3.796836 -2.068758 0.026308 1
3.756628 -2.101568 0.017312 1
3.711862 -2.094414 0.037689 1
3.677965 -2.110267 0.036617 1
3.633252 -2.133458 0.032073 1
3.278103 -2.219492 0.020464 1
3.239998 -2.205356 0.032894 1
3.189184 -2.216452 0.024010 1
2.882203 -2.190357 0.009658 1
2.837015 -2.163053 0.020345 1
2.982263 -1.438147 0.594305 1
2.572354 -2.058454 0.010610 1
2.549594 -2.000707 0.039817 1
2.912203 -1.452564 0.555119 1
2.273082 -1.774528 0.030468 1
2.252250 -1.726204 0.041674 1
2.044904 -1.397919 0.025050 1
2.045465 -1.330240 0.041845 1
2.031242 -1.267404 0.044251 1
4.370914 -1.179566 0.059714 1
4.374553 -1.229175 0.048995 1
4.358414 -1.275445 0.052911 1
4.353507 -1.324289 0.045853 1
4.358673 -1.364091 0.031857 1
3.596194 -2.141289 0.015417 1
3.548445 -2.156065 0.015213 1
3.507118 -2.143993 0.033545 1
3.460884 -2.163356 0.026461 1
3.141286 -2.179317 0.032090 1
3.091311 -2.181151 0.027264 1
2.791955 -2.136829 0.007932 1
2.757625 -2.089651 0.033535 1
2.978479 -1.474612 0.558827 1
2.223026 -1.668778 0.029690 1
2.208410 -1.604534 0.048061 1
2.032001 -1.188939 0.037122 1
2.042528 -1.124298 0.052807 1
2.032967 -1.061967 0.050377 1
4.364181 -1.035122 0.058889 1
4.360740 -1.082359 0.058913 1
4.382196 -1.131884 0.036703 1
4.136793 -1.698230 0.041627 1
4.111883 -1.724074 0.044219 1
4.074975 -1.754900 0.050591 1
4.074182 -1.802670 0.023651 1
4.033081 -1.813051 0.041998 1
4.007621 -1.855687 0.030455 1
3.974524 -1.872609 0.038021 1
3.934471 -1.898960 0.042026 1
3.918746 -1.937718 0.023933 1
3.880853 -1.946808 0.036098 1
3.420675 -2.147327 0.025491 1
3.371135 -2.140497 0.037473 1
3.336428 -2.156820 0.027271 1
3.057612 -2.155087 0.025017 1
3.009223 -2.148572 0.024211 1
2.716372 -2.060549 0.021558 1
2.676670 -2.030827 0.029330 1
2.469437 -1.863396 0.049969 1
2.428372 -1.819532 0.054526 1
2.185608 -1.546010 0.035923 1
2.169449 -1.485857 0.046711 1
4.258206 -1.380565 0.066097 1
4.272912 -1.435624 0.036707 1
4.244648 -1.461834 0.049426 1
4.234517 -1.508581 0.039414 1
4.206615 -1.546819 0.044584 1
4.183084 -1.573574 0.050141 1
4.178414 -1.625662 0.029313 1
4.152455 -1.650894 0.035176 1
3.839515 -1.970912 0.018009 1
3.803678 -1.980587 0.026847 1
3.763481 -2.005785 0.024748 1
3.730803 -2.019924 0.026724 1
3.695940 -2.028940 0.032553 1
3.656513 -2.057048 0.023767 1
3.286805 -2.131595 0.031807 1
3.251368 -2.127115 0.037005 1
2.960015 -2.142761 0.000438 1
2.919759 -2.106512 0.022355 1
2.648096 -1.983499 0.032542 1
2.607284 -1.958665 0.033041 1
2.373293 -1.787537 0.021443 1
2.354477 -1.740247 0.036582 1
2.148499 -1.427997 0.030537 1
2.133965 -1.368765 0.037187 1
4.301299 -1.214861 0.052152 1
4.290167 -1.259053 0.052592 1
4.281497 -1.303834 0.049222 1
4.282657 -1.339947 0.038634 1
3.615780 -2.049404 0.022575 1
3.573397 -2.069863 0.017863 1
3.539941 -2.080595 0.017536 1
3.503026 -2.077551 0.028724 1
3.204543 -2.115527 0.027345 1
3.170993 -2.095088 0.044386 1
3.123692 -2.106950 0.031503 1
2.877851 -2.079958 0.014027 1
2.837548 -2.053030 0.025218 1
2.331347 -1.682476 0.032720 1
2.131670 -1.306396 0.031383 1
2.131614 -1.245526 0.044710 1
2.125411 -1.186841 0.050105 1
4.290540 -1.033278 0.062935 1
4.291582 -1.077651 0.059277 1
4.299419 -1.122968 0.047983 1
4.287996 -1.166729 0.052055 1
3.977320 -1.756794 0.051554 1
3.458361 -2.091076 0.005933 1
3.419250 -2.068410 0.032701 1
3.385158 -2.069203 0.037075 1
3.081204 -2.076623 0.034190 1
3.048051 -2.069075 0.036735 1
2.813182 -2.019843 0.024796 1
2.762093 -1.993579 0.028773 1
2.542772 -1.867169 0.025974 1
2.504046 -1.823986 0.034249 1
2.319017 -1.619711 0.036438 1
2.290663 -1.569569 0.040358 1
2.260947 -1.520209 0.040358 1
2.152551 -1.113526 0.062255 1
2.156844 -1.056563 0.070569 1
4.173086 -1.429684 0.059850 1
4.167929 -1.475184 0.045678 1
4.143087 -1.499212 0.055148 1
4.130620 -1.542105 0.045123 1
4.118190 -1.573067 0.039503 1
4.087804 -1.605588 0.045491 1
4.079737 -1.640377 0.032459 1
4.049788 -1.673152 0.035113 1
4.035608 -1.704650 0.026156 1
4.002764 -1.734958 0.029390 1
3.964439 -1.791425 0.016916 1
3.925078 -1.814633 0.024807 1
3.904434 -1.842312 0.017193 1
3.872076 -1.855398 0.025780 1
3.837763 -1.884082 0.022680 1
3.811461 -1.905129 0.019906 1
3.775590 -1.910639 0.032917 1
3.738376 -1.934709 0.030666 1
3.704143 -1.940562 0.040486 1
3.679047 -1.964643 0.030693 1
3.339332 -2.064251 0.026993 1
3.305719 -2.062039 0.031925 1
3.261320 -2.058914 0.037184 1
3.005173 -2.052489 0.024676 1
2.966807 -2.023028 0.043240 1
2.745429 -1.951182 0.036620 1
2.693885 -1.928798 0.033134 1
2.888112 -1.583354 0.387427 1
2.904091 -1.490476 0.465372 1
2.258374 -1.457973 0.043736 1
4.214664 -1.241127 0.063621 1
4.219087 -1.286041 0.048421 1
4.208094 -1.316337 0.049515 1
4.196465 -1.357645 0.046627 1
4.187032 -1.400100 0.039826 1
3.636838 -1.978636 0.014574 1
3.599161 -1.972397 0.033098 1
3.574460 -2.000752 0.016122 1
3.529124 -2.002691 0.027520 1
3.228358 -2.035502 0.039678 1
3.184564 -2.045600 0.029800 1
2.929288 -1.994897 0.039606 1
2.665142 -1.890498 0.030072 1
2.470051 -1.729731 0.035483 1
2.439108 -1.683951 0.043682 1
2.250920 -1.400192 0.039413 1
2.233286 -1.347703 0.042315 1
2.222200 -1.293467 0.048607 1
4.244905 -1.074139 0.043093 1
4.214135 -1.113941 0.067630 1
4.220268 -1.156438 0.055922 1
4.224045 -1.199562 0.044676 1
3.491050 -1.986248 0.032437 1
3.454145 -2.017050 0.012393 1
3.426062 -1.985200 0.047723 1
3.153833 -2.019504 0.032978 1
3.112232 -2.009349 0.039253 1
3.093284 -1.444630 0.559812 1
2.893663 -1.965397 0.036292 1
2.853284 -1.951451 0.035960 1
2.643623 -1.844658 0.035110 1
2.599931 -1.813345 0.035482 1
2.407981 -1.638442 0.029212 1
2.409300 -1.585157 0.060089 1
2.212210 -1.227743 0.036021 1
2.223622 -1.170911 0.056845 1
4.221404 -1.031166 0.048455 1
4.078707 -1.511009 0.043123 1
4.060000 -1.535791 0.045522 1
4.041706 -1.573117 0.039608 1
4.030996 -1.603757 0.030216 1
4.005928 -1.623888 0.037194 1
3.989495 -1.664402 0.023823 1
3.962508 -1.682415 0.031379 1
3.941089 -1.705187 0.030873 1
3.908293 -1.731155 0.034698 1
3.885038 -1.751852 0.034718 1
3.868972 -1.781287 0.022772 1
3.827880 -1.796594 0.035619 1
3.807034 -1.820964 0.028261 1
3.785029 -1.844502 0.021280 1
3.746822 -1.842573 0.042824 1
3.720641 -1.880091 0.024098 1
3.384475 -1.990883 0.029873 1
3.353403 -1.994820 0.030478 1
3.310971 -1.986055 0.043478 1
3.070621 -1.999829 0.023440 1
3.032278 -1.977942 0.038136 1
2.822709 -1.915412 0.037061 1
2.583484 -1.766550 0.040846 1
2.374036 -1.532007 0.041874 1
4.151984 -1.341136 0.032830 1
4.127449 -1.364610 0.046648 1
4.113514 -1.402538 0.044019 1
4.101517 -1.441659 0.037515 1
4.078016 -1.463771 0.047585 1
3.679888 -1.869712 0.032226 1
3.651660 -1.881510 0.034254 1
3.620072 -1.911179 0.020368 1
3.586076 -1.909036 0.035250 1
3.269763 -1.994263 0.018371 1
3.248896 -1.961145 0.051952 1
3.005550 -1.955340 0.034705 1
2.796378 -1.874912 0.042570 1
2.753578 -1.867461 0.030339 1
2.532381 -1.685033 0.046734 1
2.369539 -1.474530 0.046871 1
2.344274 -1.429533 0.046163 1
2.321074 -1.383284 0.045175 1
2.285173 -1.050901 0.088521 1
4.157641 -1.186666 0.051734 1
4.151765 -1.225748 0.048431 1
4.136288 -1.262542 0.053396 1
4.137881 -1.293803 0.042294 1
3.559993 -1.927032 0.007499 1
3.523823 -1.914395 0.031560 1
3.487814 -1.934438 0.022660 1
3.456780 -1.934607 0.030540 1
3.208885 -1.954120 0.039730 1
3.169285 -1.950953 0.041578 1
2.966844 -1.940868 0.019632 1
2.935421 -1.907416 0.043142 1
3.061428 -1.470871 0.497409 1
2.733411 -1.821650 0.040310 1
2.507294 -1.638879 0.040739 1
2.325013 -1.327146 0.049521 1
2.303582 -1.270264 0.047978 1
4.146000 -1.039081 0.064144 1
4.163613 -1.068617 0.044104 1
4.158704 -1.107368 0.044793 1
4.156386 -1.146378 0.041188 1
3.916038 -1.626183 0.044926 1
3.892497 -1.657191 0.040232 1
3.871764 -1.677633 0.039954 1
3.847490 -1.694189 0.044207 1
3.789810 -1.730060 0.053426 1
3.422422 -1.916556 0.036725 1
3.385345 -1.931724 0.028600 1
3.141996 -1.925194 0.046247 1
2.896206 -1.897405 0.020362 1
2.709044 -1.785929 0.038424 1
2.670788 -1.755032 0.042584 1
2.485030 -1.592030 0.034789 1
2.317321 -1.215370 0.055783 1
4.038010 -1.399501 0.056177 1
4.018863 -1.431805 0.057998 1
4.016947 -1.462977 0.043276 1
3.984518 -1.487506 0.058489 1
3.986806 -1.522785 0.035554 1
3.965185 -1.554394 0.034233 1
3.941948 -1.572682 0.041533 1
3.936641 -1.605444 0.023520 1
3.819333 -1.720647 0.022285 1
3.777025 -1.761264 0.015242 1
3.745684 -1.767129 0.029057 1
3.718787 -1.778533 0.034421 1
3.691145 -1.807232 0.023341 1
3.657462 -1.805584 0.042115 1
3.641840 -1.838429 0.018626 1
3.352840 -1.910305 0.036169 1
3.325388 -1.925179 0.024175 1
3.101333 -1.932745 0.014069 1
3.067683 -1.901252 0.041593 1
2.872126 -1.852698 0.034688 1
2.834586 -1.841546 0.029974 1
2.955946 -1.453975 0.444700 1
2.655716 -1.711679 0.049197 1
2.440284 -1.502626 0.032287 1
2.319812 -1.155035 0.051600 1
4.070354 -1.272510 0.057252 1
4.075517 -1.313226 0.037300 1
4.052428 -1.334534 0.051792 1
4.046969 -1.372439 0.040674 1
3.597483 -1.810897 0.045777 1
3.578615 -1.838035 0.026995 1
3.542609 -1.849479 0.029761 1
3.517475 -1.863510 0.024499 1
3.285710 -1.909880 0.024152 1
3.256982 -1.890825 0.046294 1
3.041101 -1.887941 0.030538 1
3.006976 -1.869634 0.041700 1
2.809535 -1.806002 0.032397 1
2.627904 -1.671067 0.043805 1
2.455284 -1.449542 0.054639 1
2.423306 -1.402393 0.049640 1
4.098871 -1.137620 0.043486 1
4.075322 -1.170704 0.061849 1
4.089283 -1.210539 0.037088 1
4.069409 -1.234016 0.051235 1
3.486646 -1.859569 0.018724 1
3.455069 -1.849032 0.039500 1
3.219498 -1.895863 0.021624 1
3.202071 -1.871198 0.048456 1
2.975609 -1.844188 0.039789 1
2.790818 -1.763260 0.043640 1
2.585073 -1.595699 0.050573 1
2.406636 -1.357752 0.034716 1
4.087088 -1.036610 0.049155 1
4.072505 -1.062794 0.063190 1
4.079577 -1.098757 0.051145 1
3.917157 -1.507394 0.047764 1
3.901694 -1.529103 0.046602 1
3.882702 -1.559569 0.041112 1
3.850837 -1.567034 0.062292 1
3.847115 -1.599700 0.039941 1
3.825478 -1.615964 0.044062 1
3.804490 -1.645867 0.035268 1
3.781382 -1.660282 0.039876 1
3.760181 -1.676712 0.040425 1
3.742982 -1.698531 0.032457 1
3.707239 -1.694335 0.059668 1
3.425594 -1.843262 0.033942 1
3.390386 -1.850871 0.033879 1
3.362144 -1.844178 0.046860 1
3.156084 -1.872622 0.024458 1
3.130615 -1.857082 0.039181 1
2.940544 -1.832042 0.021089 1
2.418342 -1.303715 0.048716 1
2.409662 -1.249680 0.059318 1
4.001074 -1.351660 0.037105 1
3.963339 -1.363133 0.070227 1
3.969671 -1.404854 0.041402 1
3.951314 -1.424694 0.048246 1
3.942082 -1.449639 0.042171 1
3.930255 -1.483868 0.031554 1
3.692008 -1.719120 0.025896 1
3.660854 -1.718992 0.044961 1
3.637476 -1.730701 0.046753 1
3.617267 -1.748409 0.039786 1
3.589617 -1.751409 0.050923 1
3.335711 -1.849311 0.025497 1
3.307078 -1.825489 0.056444 1
3.106789 -1.834755 0.041132 1
2.935013 -1.772469 0.062324 1
2.888105 -1.770820 0.044325 1
2.972208 -1.437476 0.423188 1
2.761243 -1.678460 0.067330 1
2.718571 -1.662647 0.054030 1
2.573600 -1.501639 0.069393 1
2.529151 -1.468271 0.051715 1
2.401993 -1.195784 0.047881 1
2.389391 -1.152576 0.044794 1
4.006854 -1.217163 0.065923 1
4.010224 -1.253188 0.049689 1
3.993733 -1.283606 0.055840 1
3.989901 -1.309349 0.048861 1
3.556384 -1.761815 0.036079 1
3.530312 -1.766002 0.043213 1
3.506675 -1.776092 0.041888 1
3.272373 -1.825213 0.040175 1
3.246608 -1.829174 0.036790 1
3.061626 -1.834032 0.013303 1
3.041736 -1.804935 0.041745 1
2.866981 -1.734870 0.052038 1
2.692843 -1.625475 0.049301 1
2.529194 -1.417455 0.063199 1
4.013949 -1.124991 0.062538 1
4.014055 -1.158553 0.054963 1
4.016423 -1.193151 0.042879 1
3.478521 -1.772447 0.036844 1
3.451582 -1.769952 0.049232 1
3.422984 -1.793974 0.030241 1
3.221353 -1.800192 0.051563 1
3.022816 -1.776652 0.049040 1
2.844376 -1.705138 0.051383 1
2.675631 -1.593375 0.044387 1
2.515100 -1.376374 0.053240 1
2.494454 -1.330040 0.055982 1
4.024748 -1.034176 0.042009 1
4.006408 -1.066381 0.061139 1
4.013755 -1.091447 0.048994 1
3.858719 -1.454636 0.061274 1
3.848793 -1.487624 0.046413 1
3.825286 -1.500109 0.058973 1
3.815292 -1.523537 0.049276 1
3.790851 -1.534194 0.062334 1
3.784497 -1.561896 0.043942 1
3.765644 -1.589827 0.034805 1
3.736089 -1.581361 0.066668 1
3.720461 -1.612904 0.049104 1
3.700787 -1.627424 0.049745 1
3.678555 -1.624479 0.068816 1
3.400626 -1.770742 0.043837 1
3.374675 -1.765172 0.057032 1
3.187265 -1.806493 0.022812 1
3.163757 -1.789186 0.042122 1
2.992943 -1.759529 0.039252 1
2.662499 -1.547598 0.052737 1
2.636561 -1.515644 0.056222 1
2.498997 -1.283313 0.062703 1
3.926342 -1.309582 0.059875 1
3.904306 -1.334230 0.071407 1
3.911330 -1.364112 0.046366 1
3.880975 -1.383855 0.067094 1
3.885257 -1.414000 0.042724 1
3.866997 -1.430935 0.050074 1
3.660505 -1.655001 0.030258 1
3.636566 -1.647529 0.054408 1
3.610041 -1.649323 0.069747 1
3.590576 -1.679288 0.048745 1
3.570055 -1.691847 0.046425 1
3.341801 -1.764576 0.044749 1
3.317204 -1.760486 0.053927 1
3.131799 -1.778207 0.031569 1
3.100266 -1.431940 0.445261 1
2.969409 -1.727768 0.047290 1
2.937247 -1.720933 0.041361 1
2.808818 -1.638208 0.059656 1
2.941677 -1.423952 0.367607 1
2.773170 -1.619048 0.054414 1
2.628738 -1.470073 0.064622 1
2.514201 -1.227515 0.082695 1
3.926336 -1.195565 0.090082 1
3.957754 -1.236218 0.036758 1
3.934565 -1.253684 0.057190 1
3.925144 -1.283409 0.054555 1
3.542118 -1.688331 0.045533 1
3.522862 -1.683066 0.061709 1
3.499660 -1.709116 0.041898 1
3.293287 -1.763458 0.033146 1
3.111183 -1.753194 0.038979 1
2.920286 -1.681231 0.058848 1
2.757591 -1.587337 0.054248 1
2.629662 -1.421491 0.081857 1
2.503981 -1.180956 0.067485 1
3.939476 -1.144207 0.070263 1
3.938485 -1.174797 0.062552 1
3.475050 -1.686592 0.060292 1
3.453849 -1.694809 0.059062 1
3.427842 -1.714895 0.043679 1
3.268304 -1.737336 0.048820 1
3.245298 -1.734190 0.054140 1
3.083689 -1.729689 0.042448 1
3.051089 -1.731529 0.031230 1
2.895797 -1.660252 0.049810 1
2.914207 -1.375113 0.368684 1
2.742965 -1.545240 0.063392 1
2.614929 -1.385224 0.072635 1
2.503934 -1.086349 0.069927 1
3.935233 -1.061006 0.072366 1
3.935128 -1.083169 0.069323 1
3.929855 -1.112278 0.070629 1
3.790269 -1.432671 0.069190 1
3.785264 -1.456868 0.054140 1
3.776406 -1.478739 0.044121 1
3.753750 -1.488700 0.057568 1
3.743402 -1.509734 0.047922 1
3.729712 -1.527987 0.043148 1
3.703573 -1.532815 0.061980 1
3.693228 -1.554925 0.048504 1
3.666821 -1.557818 0.067692 1
3.650906 -1.573352 0.063939 1
3.404182 -1.683184 0.072310 1
3.379759 -1.710488 0.044198 1
3.214666 -1.730628 0.038729 1
3.039554 -1.688092 0.062356 1
3.085035 -1.444136 0.388041 1
2.877940 -1.629453 0.054413 1
2.715836 -1.517774 0.045685 1
2.601820 -1.340434 0.067832 1
2.573166 -1.303790 0.056724 1
3.939406 -1.031206 0.049726 1
3.855970 -1.302450 0.067239 1
3.850418 -1.331995 0.055540 1
3.831833 -1.346799 0.067727 1
3.838533 -1.384561 0.033115 1
3.812717 -1.394526 0.054997 1
3.800781 -1.412912 0.053825 1
3.627049 -1.577678 0.057724 1
3.606495 -1.586035 0.063747 1
3.592758 -1.605248 0.051267 1
3.574492 -1.602766 0.066847 1
3.554746 -1.627294 0.050228 1
3.353680 -1.692120 0.055040 1
3.331214 -1.689054 0.064182 1
3.193178 -1.709012 0.046401 1
3.171911 -1.699899 0.056949 1
3.015666 -1.665660 0.062129 1
2.865761 -1.592811 0.068364 1
2.568145 -1.264876 0.051059 1
2.543463 -1.225362 0.039138 1
3.870655 -1.231217 0.067050 1
3.868469 -1.260632 0.055033 1
3.861404 -1.280964 0.052819 1
3.531629 -1.629930 0.040639 1
3.513707 -1.625365 0.057056 1
3.490501 -1.644082 0.045776 1
3.308912 -1.685656 0.052616 1
3.144182 -1.686229 0.051509 1
2.990799 -1.648614 0.053031 1
2.837923 -1.568831 0.055255 1
3.008012 -1.297001 0.490146 1
2.699246 -1.434035 0.064391 1
2.537734 -1.134154 0.042618 1
3.870054 -1.158645 0.077811 1
3.873252 -1.180601 0.065370 1
3.870118 -1.208613 0.057904 1
3.467155 -1.622877 0.065314 1
3.449071 -1.634119 0.059032 1
3.285838 -1.664876 0.064665 1
3.265315 -1.672669 0.055648 1
3.118138 -1.668134 0.050957 1
2.981646 -1.615202 0.071692 1
2.834186 -1.527197 0.078897 1
2.704395 -1.395200 0.082810 1
3.872866 -1.076415 0.075455 1
3.874563 -1.103754 0.067387 1
3.878112 -1.131878 0.054887 1
3.711398 -1.440202 0.065893 1
3.680998 -1.467112 0.070169 1
3.668436 -1.483247 0.065428 1
3.426770 -1.632758 0.050297 1
3.404721 -1.629983 0.063330 1
3.244122 -1.656905 0.058948 1
3.100933 -1.647334 0.055275 1
2.960892 -1.594107 0.067593 1
2.812342 -1.499525 0.070536 1
2.689887 -1.355337 0.078693 1
2.655062 -1.327660 0.057881 1
2.630487 -1.165161 0.114435 1
2.582033 -1.036679 0.078404 1
3.866628 -1.028961 0.070157 1
3.870202 -1.055680 0.062136 1
3.785527 -1.320309 0.062236 1
3.781709 -1.341214 0.051040 1
3.763467 -1.353553 0.063917 1
3.760826 -1.375826 0.048288 1
3.733735 -1.381127 0.076158 1
3.737510 -1.408958 0.046038 1
3.724825 -1.424784 0.045397 1
3.700160 -1.457302 0.039647 1
3.651808 -1.484711 0.059430 1
3.634262 -1.494836 0.064729 1
3.628205 -1.519430 0.041411 1
3.607724 -1.525858 0.051928 1
3.594348 -1.542014 0.043444 1
3.571664 -1.544103 0.059322 1
3.559827 -1.550246 0.060736 1
3.384326 -1.632621 0.046333 1
3.368703 -1.623757 0.064578 1
3.217024 -1.646787 0.053188 1
3.084906 -1.626214 0.059937 1
3.049999 -1.625701 0.047924 1
2.950808 -1.555488 0.091809 1
2.787686 -1.475530 0.052791 1
2.904940 -1.069599 0.500257 1
2.629395 -1.080001 0.117980 1
3.803200 -1.227884 0.078784 1
3.803484 -1.255681 0.061859 1
3.805142 -1.277869 0.045259 1
3.785902 -1.290578 0.062604 1
3.541849 -1.558953 0.041798 1
3.517986 -1.556066 0.063022 1
3.505371 -1.574877 0.045814 1
3.347496 -1.618678 0.057718 1
3.327806 -1.619232 0.062078 1
3.197156 -1.638877 0.042950 1
3.170722 -1.636285 0.044105 1
2.908679 -1.548601 0.050775 1
2.783624 -1.433255 0.072416 1
2.683534 -1.275923 0.088245 1
2.656060 -1.245178 0.071265 1
3.816721 -1.191566 0.057604 1
3.817828 -1.212146 0.045498 1
3.481487 -1.569774 0.047045 1
3.464324 -1.561893 0.069028 1
3.306974 -1.609521 0.060432 1
3.153628 -1.614527 0.053266 1
3.052342 -1.575642 0.079730 1
2.904756 -1.518492 0.065746 1
2.755918 -1.404886 0.049907 1
3.817272 -1.120123 0.064614 1
3.807341 -1.143475 0.071629 1
3.822472 -1.166242 0.039184 1
3.446952 -1.569655 0.046405 1
3.427708 -1.571839 0.053659 1
3.410124 -1.578652 0.052084 1
3.281003 -1.605678 0.049404 1
3.146086 -1.581604 0.081893 1
3.024114 -1.561092 0.066396 1
2.758212 -1.370691 0.064679 1
2.672370 -1.198251 0.078409 1
2.667446 -1.161195 0.088610 1
3.815576 -1.051382 0.062189 1
3.806065 -1.069018 0.074378 1
3.807652 -1.093492 0.066230 1
3.690606 -1.341428 0.084365 1
3.697200 -1.368791 0.048493 1
3.676377 -1.375706 0.067725 1
3.673873 -1.397527 0.047305 1
3.661178 -1.402678 0.056931 1
3.648515 -1.415926 0.056759 1
3.633269 -1.426523 0.061735 1
3.622142 -1.432390 0.067052 1
3.611566 -1.457268 0.047557 1
3.597910 -1.460016 0.058231 1
3.579561 -1.466089 0.068775 1
3.391662 -1.559328 0.069208 1
3.267318 -1.584907 0.062944 1
3.243017 -1.591715 0.053570 1
3.122638 -1.573294 0.067860 1
3.005143 -1.541999 0.062557 1
2.916349 -1.469102 0.098952 1
2.864432 -1.466502 0.053958 1
2.742248 -1.335793 0.055948 1
2.660245 -1.118392 0.073350 1
2.649802 -1.076412 0.068605 1
3.796679 -1.026481 0.074279 1
3.725840 -1.259921 0.085806 1
3.737036 -1.285516 0.048891 1
3.712986 -1.292608 0.077568 1
3.714652 -1.314224 0.055933 1
3.705176 -1.329478 0.054820 1
3.565892 -1.477989 0.044203 1
3.550397 -1.466233 0.075339 1
3.538315 -1.490941 0.051699 1
3.527544 -1.496316 0.053453 1
3.507194 -1.496686 0.070057 1
3.372697 -1.558360 0.057334 1
3.354823 -1.560282 0.061181 1
3.225003 -1.573086 0.062810 1
3.100522 -1.560998 0.058670 1
2.990133 -1.517018 0.068592 1
3.018467 -1.317375 0.376561 1
2.854091 -1.431998 0.064799 1
2.750329 -1.295524 0.080445 1
3.738036 -1.202601 0.086372 1
3.738143 -1.220922 0.074143 1
3.734918 -1.244632 0.062173 1
3.490718 -1.503284 0.051403 1
3.478392 -1.504764 0.058696 1
3.339324 -1.542510 0.074363 1
3.322494 -1.546054 0.073640 1
3.213914 -1.554396 0.072274 1
3.089164 -1.535501 0.073937 1
2.962809 -1.504210 0.045714 1
2.837581 -1.405912 0.056518 1
2.744525 -1.258689 0.081011 1
2.691731 -1.037642 0.098592 1
3.754834 -1.148241 0.067472 1
3.745647 -1.163301 0.075227 1
3.747944 -1.187604 0.057759 1
3.458066 -1.502196 0.055521 1
3.444858 -1.500225 0.068125 1
3.434040 -1.503474 0.070175 1
3.304244 -1.539598 0.067532 1
3.191085 -1.548913 0.057700 1
3.069215 -1.521855 0.065192 1
2.961771 -1.471701 0.071274 1
2.816591 -1.376807 0.043323 1
2.727996 -1.221368 0.062139 1
3.760243 -1.086110 0.059716 1
3.746250 -1.106431 0.077566 1
3.752578 -1.124375 0.059630 1
3.417271 -1.506886 0.052741 1
3.400949 -1.493260 0.085902 1
3.291722 -1.529033 0.066635 1
3.176182 -1.529188 0.067825 1
3.060489 -1.496371 0.080953 1
2.943435 -1.448038 0.068016 1
2.812731 -1.342767 0.054169 1
3.746855 -1.046132 0.070055 1
3.738113 -1.061684 0.082856 1
3.669116 -1.278752 0.067505 1
3.656067 -1.289544 0.076678 1
3.645856 -1.295499 0.085878 1
3.643681 -1.313436 0.069488 1
3.636242 -1.328032 0.063666 1
3.626114 -1.340672 0.063060 1
3.617575 -1.354754 0.057551 1
3.610211 -1.362743 0.057393 1
3.594866 -1.370499 0.067551 1
3.587024 -1.377848 0.067822 1
3.576890 -1.390657 0.062973 1
3.568502 -1.397467 0.063633 1
3.559314 -1.411824 0.053908 1
3.547036 -1.413792 0.065061 1
3.532119 -1.420744 0.071169 1
3.386140 -1.500616 0.058986 1
3.269062 -1.521659 0.061212 1
3.162460 -1.509297 0.078297 1
3.036615 -1.482185 0.067614 1
2.926771 -1.423809 0.064718 1
2.803089 -1.308164 0.055353 1
2.724621 -1.111268 0.071536 1
3.737280 -1.024165 0.067656 1
3.678385 -1.212404 0.089595 1
3.687392 -1.233660 0.056647 1
3.673408 -1.244417 0.070423 1
3.661469 -1.255759 0.079362 1
3.520713 -1.422992 0.056912 1
3.505562 -1.428855 0.063560 1
3.500456 -1.440658 0.049675 1
3.485444 -1.436165 0.071703 1
3.369796 -1.482441 0.077501 1
3.355563 -1.489828 0.071046 1
3.257461 -1.502196 0.075979 1
3.148300 -1.497148 0.074068 1
2.921271 -1.396333 0.076174 1
2.735291 -1.071637 0.080324 1
2.727945 -1.035023 0.074359 1
3.683603 -1.160180 0.095723 1
3.680203 -1.180085 0.088378 1
3.692860 -1.201223 0.050118 1
3.471237 -1.432106 0.068800 1
3.458557 -1.452434 0.045307 1
3.445357 -1.437261 0.083342 1
3.338889 -1.487329 0.059790 1
3.241616 -1.498520 0.060913 1
3.220971 -1.498453 0.061100 1
3.136054 -1.479495 0.080004 1
3.026234 -1.453070 0.064004 1
2.816224 -1.267836 0.070747 1
3.689320 -1.130533 0.079584 1
3.696318 -1.147800 0.056574 1
3.432707 -1.446061 0.054600 1
3.419973 -1.441876 0.072578 1
3.325193 -1.470587 0.074022 1
3.216889 -1.475980 0.081485 1
3.106019 -1.472660 0.056351 1
3.017367 -1.425946 0.080630 1
2.915995 -1.362769 0.072868 1
2.890741 -1.345251 0.064604 1
3.691008 -1.095436 0.069267 1
3.691554 -1.110434 0.061631 1
3.407661 -1.437931 0.065540 1
3.309770 -1.469296 0.058176 1
3.299189 -1.463869 0.072552 1
3.192511 -1.469975 0.067041 1
3.096762 -1.451686 0.067673 1
2.997926 -1.409629 0.067390 1
2.845293 -1.228618 0.111449 1
2.825323 -1.201539 0.102303 1
3.685612 -1.041353 0.072127 1
3.682224 -1.060112 0.074861 1
3.686485 -1.074862 0.061733 1
3.390233 -1.432906 0.063856 1
3.380035 -1.432414 0.072075 1
3.283717 -1.456632 0.067281 1
3.178674 -1.461292 0.057632 1
3.093908 -1.430136 0.084090 1
2.990894 -1.384790 0.079324 1
2.886756 -1.308388 0.061430 1
2.761335 -1.067220 0.036991 1
3.686188 -1.021905 0.048989 1
3.368430 -1.427222 0.065626 1
3.357869 -1.423920 0.079272 1
3.268886 -1.451190 0.056985 1
2.970296 -1.364577 0.066066 1
2.885141 -1.279369 0.072998 1
2.833804 -1.162634 0.103463 1
2.825433 -1.132385 0.108343 1
3.349285 -1.410251 0.088568 1
3.258639 -1.433203 0.072577 1
3.168476 -1.433231 0.064310 1
3.077785 -1.406450 0.071292 1
2.956524 -1.344302 0.057781 1
2.880624 -1.248882 0.079458 1
3.331697 -1.412986 0.067287 1
3.244905 -1.426807 0.062695 1
3.162541 -1.415567 0.075722 1
3.073013 -1.384048 0.088342 1
2.857033 -1.220061 0.045454 1
3.055209 -1.060735 0.571044 1
2.841624 -1.096662 0.114114 1
3.323578 -1.396708 0.082405 1
3.231886 -1.410936 0.073699 1
3.147419 -1.402881 0.072017 1
3.056530 -1.368430 0.080043 1
2.963475 -1.309550 0.075550 1
3.306894 -1.399952 0.056253 1
3.301216 -1.390648 0.080966 1
3.223832 -1.397246 0.079621 1
3.127898 -1.392709 0.058081 1
2.943783 -1.286537 0.057038 1
3.207813 -1.389350 0.070264 1
3.120706 -1.373919 0.069987 1
3.052692 -1.340200 0.083133 1
2.908286 -1.179411 0.114421 1
2.884296 -1.155388 0.088804 1
3.283224 -1.381028 0.056409 1
3.275219 -1.380436 0.060483 1
3.200809 -1.377392 0.071295 1
3.034686 -1.323430 0.069830 1
2.950680 -1.252880 0.070147 1
3.269897 -1.365800 0.071386 1
3.112400 -1.348925 0.067971 1
3.029424 -1.303632 0.076986 1
2.940845 -1.225728 0.066750 1
3.183252 -1.360233 0.053315 1
3.110884 -1.332005 0.080121 1
2.935394 -1.201665 0.063052 1
3.260616 -1.344183 0.073794 1
3.182732 -1.341044 0.075671 1
3.028044 -1.274497 0.080594 1
2.909302 -1.028988 0.120285 1
3.256139 -1.328169 0.090474 1
3.174683 -1.326605 0.082435 1
3.097435 -1.308031 0.068329 1
3.016358 -1.255265 0.072225 1
2.958921 -1.167524 0.107539 1
2.933835 -1.145213 0.075871 1
3.248899 -1.317917 0.091460 1
3.158577 -1.319198 0.063036 1
3.089078 -1.293578 0.065016 1
3.010380 -1.231990 0.079403 1
3.228829 -1.319469 0.055597 1
2.948570 -1.114069 0.088975 1
3.226171 -1.303559 0.072641 1
3.173450 -1.286193 0.108935 1
3.092660 -1.266388 0.079626 1
3.007003 -1.203647 0.067577 1
2.954000 -1.086229 0.099981 1
3.145430 -1.282697 0.063325 1
3.080472 -1.250453 0.071142 1
3.005095 -1.181486 0.074513 1
3.217800 -1.284540 0.065758 1
3.075144 -1.232018 0.078369 1
2.970038 -1.055544 0.107793 1
2.963745 -1.027683 0.100238 1
3.219050 -1.268067 0.088390 1
3.147392 -1.258686 0.072844 1
3.018038 -1.151690 0.099470 1
3.205595 -1.262198 0.068552 1
3.137654 -1.245226 0.069476 1
3.077902 -1.205414 0.088186 1
3.006116 -1.126496 0.074587 1
3.065723 -1.186906 0.074185 1
3.197338 -1.243519 0.056961 1
3.135967 -1.222653 0.068832 1
3.023742 -1.101436 0.099516 1
3.007975 -1.078017 0.076396 1
3.197131 -1.230326 0.069121 1
3.129568 -1.207966 0.070572 1
3.073838 -1.161523 0.089352 1
3.061094 -1.141088 0.064327 1
3.020303 -1.025206 0.087575 1
3.193906 -1.209568 0.068649 1
3.126568 -1.184906 0.064818 1
3.196764 -1.196453 0.086190 1
3.071236 -1.115347 0.079611 1
3.133718 -1.162250 0.080657 1
3.068480 -1.093489 0.075420 1
3.195099 -1.176382 0.085869 1
3.123504 -1.146418 0.066227 1
3.066021 -1.069078 0.065747 1
3.072577 -1.046571 0.082338 1
3.062374 -1.022477 0.052395 1
3.190858 -1.157194 0.075209 1
3.127393 -1.122852 0.071381 1
3.192728 -1.145822 0.087244 1
3.135515 -1.101488 0.082032 1
3.182578 -1.125595 0.060584 1
3.128451 -1.081434 0.067162 1
3.173912 -1.112470 0.045780 1
3.131005 -1.064685 0.078882 1
3.129952 -1.042530 0.068991 1
3.182745 -1.092928 0.061889 1
3.133786 -1.020927 0.063913 1
3.188497 -1.073191 0.067490 1
3.195305 -1.054010 0.073147 1
3.191882 -1.037764 0.063218 1
3.202730 -1.017858 0.068715 1
-6.931166 -8.125029 4.487060 2
-5.765363 -4.832201 3.798563 2
16.226414 -8.663632 4.756930 2
-6.906220 -8.103476 4.338289 2
-7.876500 -8.107424 4.572558 2
-8.648601 -7.916973 4.740587 2
-7.361283 -3.411012 4.039557 2
21.093040 -8.712953 5.672074 2
16.261017 -8.681642 4.599063 2
10.517008 -4.522078 2.833425 2
-9.481244 -7.695096 4.604914 2
-8.729121 -7.950536 4.301127 2
-9.525114 -7.713671 4.456788 2
-5.940534 -4.894449 3.405138 2
-7.172042 -4.783926 3.689497 2
-7.163434 -3.821097 3.639645 2
19.185963 -8.684981 4.655363 2
-6.993661 -5.334849 3.560114 2
-7.465601 -4.386512 3.614155 2
-8.835096 -4.266784 3.928178 2
13.152322 -5.284966 3.109857 2
19.221079 -8.698891 4.470007 2
-6.839094 -5.266617 3.400443 2
-7.207011 -4.790271 3.452756 2
-7.821256 -3.991626 3.554172 2
13.987429 -5.642020 3.162361 2
19.212942 -8.692030 4.275698 2
-4.003449 -8.269331 3.034643 2
19.254864 -8.709213 4.092093 2
-9.142764 -8.172040 3.786282 2
-6.122759 -4.959464 3.005771 2
-7.232873 -4.793360 3.214808 2
-6.778603 -5.231811 3.029338 2
-11.705024 -5.020394 3.950071 2
13.925204 -5.609277 2.773530 2
-4.630665 -8.252530 2.786981 2
-6.771604 -5.225782 2.910154 2
-2.648484 -8.595605 2.357496 2
-3.149231 -8.565901 2.409231 2
-4.735595 -8.185401 2.450572 2
-12.139291 -8.038518 3.426937 2
0.138989 -8.342029 1.570925 2
1.163545 -4.200911 1.116310 2
14.305429 -5.742105 0.932456 2
-8.272943 -8.258278 1.180751 2
4.353925 -8.812562 0.841710 2
2.173925 -2.693819 0.967179 2
2.126027 -8.324993 0.722032 2
0.636256 -2.800024 0.353929 2
9.427086 -3.636446 -0.622309 2
9.558588 -4.339289 -0.969963 2
2.892102 -2.887122 0.465383 2
0.454004 -3.229972 -0.048034 2
0.015941 -2.579775 -0.035022 2
6.675082 -3.159229 -0.313252 2
2.919911 -3.408937 0.187526 2
2.299319 -3.554725 -0.057389 2
2.141935 -3.354702 -0.036378 2
0.966736 -2.028222 0.015801 2
2.150650 -2.812793 -0.024142 2
1.519762 -2.129978 -0.001329 2
2.121231 -2.333687 -0.023811 2
2.094178 -2.256409 0.001356 2
2.087382 -2.069654 0.012146 2
2.059705 -1.986072 0.013239 2
2.201437 -2.069792 0.017375 2
2.342849 -1.886526 0.030697 2
2.508422 -1.970576 0.020895 2
2.471255 -1.936287 0.025286 2
2.574239 -1.902917 0.037054 2
2.491951 -1.770725 0.042397 2
2.202220 -1.108219 0.046665 2
2.550506 -1.724822 0.030822 2
2.469986 -1.554127 0.046435 2
2.304830 -1.107758 0.044343 2
2.746636 -1.746481 0.034919 2
2.617813 -1.627896 0.050908 2
2.567482 -1.550729 0.049435 2
2.769191 -1.726544 -0.014407 2
2.724263 -1.469868 0.077487 2
2.653416 -2.018715 -0.636410 2
